ACCNUM,INVTYPE,INVAGE,INJURY_ID,VEHTYPE,SPEEDING,REDLIGHT,ALCOHOL,YEAR,DATE,TIME,HOUR,STREET1,STREET2,ROAD_CLASS_ID,LOCCOORD,TRAFFCTL,VISIBILITY,LIGHT,RDSFCOND,ACCLASS,IMPACTYPE,Longitude,Latitude,Month,Day_of_Week
917847,Driver,45 to 49,1.0,"Automobile, Station Wagon",,,,2006,2006-07-13,1100,11,QUEENS PR S WELLESLEY RAMP E,WELLESLEY ST W,3.0,Intersection,Stop Sign,Clear,Daylight,Dry,Non-Fatal Injury,Cyclist Collisions,-79.3926,43.6631,July,Thursday
917855,Vehicle Owner,unknown,,Other,,,,2006,2006-07-13,1310,13,SPADINA AVE,RICHMOND ST W,1.0,Intersection,Traffic Signal,Clear,Daylight,Dry,Non-Fatal Injury,Pedestrian Collisions,-79.3959,43.6478,July,Thursday
917941,Passenger,5 to 9,4.0,Other,,,,2006,2006-08-11,2230,22,ROGERS RD,MCROBERTS AVE,3.0,Mid-Block,No Control,Clear,Dark,Dry,Non-Fatal Injury,SMV Other,-79.4559,43.6832,August,Friday
918059,Pedestrian,40 to 44,4.0,Other,,,,2006,2006-06-21,800,8,DANFORTH AVE,WOODBINE AVE,1.0,Intersection,Traffic Signal,Clear,Daylight,Dry,Non-Fatal Injury,Pedestrian Collisions,-79.3127,43.6856,June,Wednesday
918102,Vehicle Owner,unknown,,Other,Yes,Yes,,2006,2006-07-14,920,9,DUFFERIN ST,DUNDAS ST W,3.0,Intersection,Traffic Signal,Clear,Daylight,Dry,Non-Fatal Injury,Cyclist Collisions,-79.4313,43.6496,July,Friday
918124,Vehicle Owner,unknown,,Other,,,,2006,2006-07-14,1310,13,BURNHAMTHORPE RD,OLD BURNHAMTHORPE RD,1.0,Mid-Block,No Control,Clear,Daylight,Dry,Non-Fatal Injury,Pedestrian Collisions,-79.5746,43.6428,July,Friday
918129,Motorcycle Driver,25 to 29,4.0,Motorcycle,Yes,,,2006,2006-07-17,1958,19,BATHURST ST,RICHMOND ST W,1.0,Intersection,Traffic Signal,Clear,Daylight,Dry,Non-Fatal Injury,Angle,-79.4037,43.6464,July,Monday
918360,Passenger,35 to 39,5.0,Other,,,,2006,2006-07-18,1020,10,YONGE ST,LORD SEATON RD,1.0,Intersection,Traffic Signal,Clear,Daylight,Dry,Non-Fatal Injury,Rear End,-79.408,43.7524,July,Tuesday
918378,Driver,unknown,1.0,"Automobile, Station Wagon",,,,2006,2006-07-20,1623,16,EGLINTON AVE W,LLOYD MANOR RD,1.0,Mid-Block,No Control,Rain,Daylight,Wet,Non-Fatal Injury,Sideswipe,-79.557,43.6757,July,Thursday
918595,Vehicle Owner,unknown,1.0,Other,,,,2006,2006-08-15,829,8,1233 THE QUEENSWAY,,1.0,Mid-Block,No Control,Clear,Daylight,Dry,Non-Fatal Injury,Approaching,-79.5505,43.6154,August,Tuesday
918634,Driver,25 to 29,4.0,"Automobile, Station Wagon",,,,2006,2006-08-15,1519,15,MCCOWAN RD,SANDHURST CRCL,1.0,Intersection,Traffic Signal,Clear,Daylight,Dry,Non-Fatal Injury,Turning Movement,-79.2691,43.8116,August,Tuesday
918693,Driver,50 to 54,4.0,"Automobile, Station Wagon",,Yes,,2006,2006-07-22,640,6,RICHMOND ST E,PARLIAMENT ST,1.0,Intersection,Traffic Signal,Clear,Daylight,Dry,Non-Fatal Injury,Angle,-79.3639,43.6545,July,Saturday
918775,Vehicle Owner,unknown,,Other,,,,2006,2006-07-24,1428,14,STEELES AVE W,ALNESS ST,1.0,Intersection,Traffic Signal,Clear,Daylight,Dry,Non-Fatal Injury,Sideswipe,-79.481,43.7846,July,Monday
919141,Vehicle Owner,unknown,1.0,Other,,,,2006,2006-08-17,1828,18,RICHMOND ST E,PARLIAMENT ST,1.0,Mid-Block,No Control,Clear,Dark,Dry,Non-Fatal Injury,Pedestrian Collisions,-79.362,43.655,August,Thursday
919231,Driver,30 to 34,1.0,"Automobile, Station Wagon",,,Yes,2006,2006-07-24,2348,23,DON MILLS RD,DON VALLEY PARKWAY S  S,1.0,Mid-Block,No Control,Clear,Dark,Dry,Non-Fatal Injury,Approaching,-79.3376,43.7002,July,Monday
919330,Passenger,70 to 74,2.0,Other,,,,2006,2006-08-18,2100,21,BELLAMY RD N,PROGRESS AVE,3.0,Intersection,Traffic Signal,Clear,Dark,Dry,Fatal,Turning Movement,-79.2437,43.7801,August,Friday
919331,Vehicle Owner,unknown,1.0,Other,,,,2006,2006-06-30,1208,12,SENLAC RD,BURNETT AVE,3.0,Mid-Block,No Control,Clear,Daylight,Dry,Non-Fatal Injury,Pedestrian Collisions,-79.4251,43.7652,June,Friday
919332,Driver,25 to 29,1.0,"Automobile, Station Wagon",,,,2006,2006-08-18,1639,16,SCARBOROUGH GOLF CLUB RD,BRIMORTON DR,3.0,Intersection,Traffic Signal,Clear,Daylight,Dry,Fatal,Approaching,-79.2186,43.7698,August,Friday
919514,Vehicle Owner,unknown,1.0,Other,,,,2006,2006-07-26,2135,21,ALBION RD,ARMEL CRT,1.0,Intersection,Traffic Signal,Rain,Dark,Wet,Non-Fatal Injury,Angle,-79.5455,43.7213,July,Wednesday
919516,Pedestrian,60 to 64,2.0,Other,,,,2006,2006-08-19,2345,23,QUEEN ST E,LESLIE ST,3.0,Intersection,Traffic Signal,Clear,Dark,Dry,Fatal,Pedestrian Collisions,-79.3301,43.6632,August,Saturday
919517,Driver,55 to 59,1.0,"Automobile, Station Wagon",,,,2006,2006-08-21,1040,10,DVP S EGLINTON RAMP E,EGLINTON AVE E,1.0,Mid-Block,No Control,Clear,Daylight,Other,Non-Fatal Injury,Pedestrian Collisions,-79.3327,43.7221,August,Monday
919520,Passenger,40 to 44,1.0,Other,,,,2006,2006-08-21,1142,11,MCCOWAN RD,SHEPPARD AVE E,1.0,Intersection,Traffic Signal,Clear,Daylight,Dry,Non-Fatal Injury,Pedestrian Collisions,-79.2587,43.7896,August,Monday
919534,Driver,75 to 79,1.0,"Automobile, Station Wagon",,,,2006,2006-05-17,1215,12,6 HAVENBROOK BLVD,,4.0,Mid-Block,No Control,Clear,Daylight,Dry,Non-Fatal Injury,Cyclist Collisions,-79.3568,43.7687,May,Wednesday
919596,Passenger,40 to 44,4.0,Other,,,,2006,2006-07-14,1600,16,CHAPLIN CRES,EGLINTON AVE W,1.0,Intersection,Traffic Signal,Clear,Daylight,Dry,Non-Fatal Injury,Turning Movement,-79.4173,43.7027,July,Friday
919641,Driver,55 to 59,1.0,"Automobile, Station Wagon",,,,2006,2006-08-19,1335,13,ELLESMERE RD,POLLARD DR,1.0,Intersection,No Control,Clear,Daylight,Dry,Fatal,Pedestrian Collisions,-79.3129,43.7583,August,Saturday
919681,Driver,50 to 54,1.0,"Automobile, Station Wagon",,,,2006,2006-08-22,2004,20,DUFFERIN ST,LIVINGSTONE AVE,1.0,Intersection,Stop Sign,Clear,Daylight,Dry,Non-Fatal Injury,Turning Movement,-79.4507,43.6964,August,Tuesday
919684,Vehicle Owner,unknown,1.0,Other,,,,2006,2006-08-22,2046,20,EGLINTON AVE E,BELLAMY RD N,1.0,Intersection,Traffic Signal,Clear,Dark,Dry,Non-Fatal Injury,Pedestrian Collisions,-79.232,43.7402,August,Tuesday
919835,Vehicle Owner,unknown,,Other,,,,2006,2006-07-28,1610,16,225 BIRMINGHAM ST,,2.0,Mid-Block,No Control,Clear,Daylight,Dry,Non-Fatal Injury,Cyclist Collisions,-79.5116,43.602,July,Friday
920182,Vehicle Owner,unknown,,Other,,,,2006,2006-07-31,1440,14,BLOOR ST W,KENNEDY AVE,1.0,Intersection,No Control,Clear,Daylight,Dry,Non-Fatal Injury,Pedestrian Collisions,-79.4754,43.6512,July,Monday
920271,Driver,unknown,1.0,"Automobile, Station Wagon",,,,2006,2006-08-23,954,9,F G GARDINER XY W  W,GARDINER LAKESHORE W RAMP,,Exit Ramp Westbound,No Control,Clear,Daylight,Dry,Non-Fatal Injury,SMV Other,-79.4277,43.6332,August,Wednesday
920315,Cyclist,30 to 34,4.0,Bicycle,,,,2006,2006-07-31,1659,16,BAY ST,KING ST W,1.0,Intersection,Traffic Signal,Clear,Daylight,Dry,Non-Fatal Injury,Cyclist Collisions,-79.3802,43.6486,July,Monday
920395,Driver,unknown,1.0,"Automobile, Station Wagon",,,,2006,2006-08-24,2130,21,MCCOWAN RD,STEELES AVE E,1.0,Intersection,Traffic Signal,Clear,Dark,Dry,Non-Fatal Injury,Pedestrian Collisions,-79.2751,43.831,August,Thursday
920424,Driver,55 to 59,1.0,"Automobile, Station Wagon",,,,2006,2006-08-03,1831,18,SHEPPARD AVE E,DORIS AVE,1.0,Intersection,Traffic Signal,Clear,Daylight,Dry,Non-Fatal Injury,Pedestrian Collisions,-79.4082,43.762,August,Thursday
920502,Driver,60 to 64,2.0,"Automobile, Station Wagon",,,,2006,2006-08-25,2330,23,LESLIE ST,COLDWATER RD,1.0,Mid-Block,No Control,Rain,Dark,Wet,Fatal,Turning Movement,-79.3604,43.7552,August,Friday
920690,Motorcycle Driver,30 to 34,2.0,Motorcycle,,,,2006,2006-08-27,1928,19,F G GARDINER XY  W,BATHURST ST,,Mid-Block,No Control,Clear,Daylight,Dry,Fatal,SMV Other,-79.4038,43.6379,August,Sunday
920756,Driver,70 to 74,1.0,"Automobile, Station Wagon",,,,2006,2006-08-01,1838,18,HENLEY CRES,KIPLING AVE,4.0,Mid-Block,No Control,Clear,Daylight,Dry,Non-Fatal Injury,Cyclist Collisions,-79.5753,43.7306,August,Tuesday
920927,Pedestrian,25 to 29,4.0,Other,,,,2006,2006-08-07,2330,23,KING ST W,BLUE JAYS WAY,1.0,Mid-Block,No Control,Clear,Dark,Dry,Non-Fatal Injury,Pedestrian Collisions,-79.3917,43.6461,August,Monday
920995,Other,Over 95,1.0,Other,,,,2006,2006-08-05,330,3,333 KING ST W,,1.0,Mid-Block,No Control,Clear,Dark,Dry,Non-Fatal Injury,SMV Unattended Vehicle,-79.3914,43.6462,August,Saturday
920998,Driver,65 to 69,1.0,"Automobile, Station Wagon",,,,2006,2006-08-08,916,9,2159 KIPLING AVE,,1.0,Mid-Block,No Control,Clear,Daylight,Dry,Non-Fatal Injury,Pedestrian Collisions,-79.5711,43.7211,August,Tuesday
921084,Pedestrian,75 to 79,4.0,Other,,,,2006,2006-08-29,921,9,3680 KEELE ST,,1.0,Mid-Block,No Control,Clear,Daylight,Dry,Non-Fatal Injury,Pedestrian Collisions,-79.4884,43.7533,August,Tuesday
921174,Driver,45 to 49,1.0,"Automobile, Station Wagon",,,,2006,2006-08-10,1826,18,DON MILLS RD,FRESHMEADOW DR,1.0,Intersection,Stop Sign,Clear,Daylight,Dry,Non-Fatal Injury,Cyclist Collisions,-79.3589,43.8089,August,Thursday
921181,Driver,35 to 39,1.0,"Automobile, Station Wagon",,,,2006,2006-08-10,1836,18,3279 KINGSTON RD,,1.0,Mid-Block,No Control,Clear,Daylight,Dry,Non-Fatal Injury,Cyclist Collisions,-79.2251,43.7315,August,Thursday
921192,Driver,35 to 39,1.0,"Automobile, Station Wagon",,,,2006,2006-08-09,1825,18,ORIOLE PKWY,TRANMER AVE,3.0,Intersection,Stop Sign,Clear,Daylight,Dry,Non-Fatal Injury,Angle,-79.404,43.6999,August,Wednesday
921246,Driver,20 to 24,1.0,"Automobile, Station Wagon",,,,2006,2006-08-12,236,2,WELLESLEY ST E,CHURCH ST,3.0,Intersection,Traffic Signal,Clear,Dark,Dry,Non-Fatal Injury,Pedestrian Collisions,-79.3809,43.6657,August,Saturday
921668,Vehicle Owner,unknown,,Other,,,,2006,2006-08-15,1550,15,QUEEN E ST E,SHERBOURNE ST,1.0,Intersection,Traffic Signal,Clear,Daylight,Dry,Non-Fatal Injury,Cyclist Collisions,-79.3694,43.6545,August,Tuesday
921907,Passenger,unknown,5.0,Other,Yes,,,2006,2006-09-02,315,3,CHURCH ST,COLBORNE ST,3.0,Intersection,Stop Sign,Clear,Dark,Dry,Non-Fatal Injury,SMV Other,-79.374,43.6492,September,Saturday
921910,Driver,80 to 84,4.0,"Automobile, Station Wagon",,,,2006,2006-09-02,1255,12,RENFORTH DR,ERINGATE DR,3.0,Intersection,Traffic Signal,Rain,Daylight,Wet,Non-Fatal Injury,Rear End,-79.5832,43.6599,September,Saturday
922297,Vehicle Owner,unknown,,Other,,,,2006,2006-08-17,2144,21,QUEEN ST W,SPADINA AVE,1.0,Mid-Block,No Control,Clear,Dark,Dry,Non-Fatal Injury,Pedestrian Collisions,-79.3944,43.6491,August,Thursday
922379,Passenger,30 to 34,4.0,Other,,,,2006,2006-09-05,1115,11,ST CLAIR AVE W,LANSDOWNE AVE,1.0,Intersection,Traffic Signal,Clear,Daylight,Dry,Non-Fatal Injury,Approaching,-79.4505,43.6763,September,Tuesday
922598,Driver,45 to 49,5.0,"Automobile, Station Wagon",,,,2006,2006-07-30,1435,14,DON MILLS RD,MCNICOLL AVE,1.0,Intersection,Traffic Signal,Clear,Daylight,Dry,Non-Fatal Injury,Turning Movement,-79.354,43.7996,July,Sunday
922700,Vehicle Owner,unknown,1.0,Other,,,,2006,2006-08-15,1405,14,MARKHAM RD,STEELES AVE E,1.0,Intersection,Traffic Signal,Clear,Daylight,Dry,Non-Fatal Injury,Turning Movement,-79.2511,43.8365,August,Tuesday
922716,Driver,25 to 29,1.0,"Automobile, Station Wagon",,,,2006,2006-08-15,1813,18,PIPERBROOK CRES,LING RD,4.0,Mid-Block,No Control,Clear,Daylight,Dry,Non-Fatal Injury,Pedestrian Collisions,-79.1816,43.7675,August,Tuesday
922743,Driver,45 to 49,1.0,"Automobile, Station Wagon",,,,2006,2006-08-18,2115,21,BLOOR ST W,HURON ST,1.0,Mid-Block,No Control,Clear,Dark,Dry,Non-Fatal Injury,Cyclist Collisions,-79.4006,43.6673,August,Friday
922819,Driver,30 to 34,1.0,"Automobile, Station Wagon",,,,2006,2006-07-20,1624,16,70 MILNER AVE,,3.0,Mid-Block,No Control,Clear,Daylight,Dry,Non-Fatal Injury,Pedestrian Collisions,-79.2526,43.784,July,Thursday
922913,Vehicle Owner,unknown,,Other,,,,2006,2006-09-08,1025,10,NEILSON RD,ELLESMERE RD,1.0,Intersection,Traffic Signal,Clear,Daylight,Dry,Non-Fatal Injury,Pedestrian Collisions,-79.2049,43.7825,September,Friday
922947,Passenger,20 to 24,1.0,Other,,,,2006,2006-09-09,19,0,DANFORTH AVE,GILLARD AVE,1.0,Intersection,No Control,Rain,Dark,Wet,Non-Fatal Injury,Pedestrian Collisions,-79.3282,43.6823,September,Saturday
922948,Vehicle Owner,unknown,,Other,,Yes,,2006,2006-09-09,308,3,MORNINGSIDE AVE,SHEPPARD AVE E,1.0,Intersection,Traffic Signal,Clear,Dark,Wet,Fatal,Angle,-79.1997,43.8019,September,Saturday
923176,Driver,45 to 49,4.0,"Automobile, Station Wagon",,,,2006,2006-09-10,1505,15,36 GRAYLEE AVE,,4.0,Mid-Block,No Control,Clear,Daylight,Dry,Non-Fatal Injury,SMV Other,-79.2474,43.7423,September,Sunday
923248,Driver,50 to 54,4.0,"Automobile, Station Wagon",,,,2006,2006-08-17,1725,17,STEELES E AVE E,TAPSCOTT RD,1.0,Mid-Block,No Control,Clear,Daylight,Dry,Non-Fatal Injury,Rear End,-79.2348,43.8404,August,Thursday
923250,Driver,40 to 44,1.0,"Automobile, Station Wagon",,,Yes,2006,2006-08-17,2256,22,224 BEECHGROVE DR,,2.0,Intersection,No Control,Clear,Dark,Dry,Non-Fatal Injury,Pedestrian Collisions,-79.1607,43.7723,August,Thursday
923341,Driver,25 to 29,1.0,"Automobile, Station Wagon",,,,2006,2006-08-21,850,8,BIRCHMOUNT RD,GLENDOWER CRCT,1.0,Intersection,Traffic Signal,Clear,Daylight,Dry,Non-Fatal Injury,Pedestrian Collisions,-79.3051,43.7971,August,Monday
923394,Vehicle Owner,unknown,,Other,,,,2006,2006-09-11,1629,16,EGLINTON AVE E,LESLIE ST,1.0,Mid-Block,No Control,Clear,Daylight,Dry,Fatal,Cyclist Collisions,-79.3534,43.7159,September,Monday
923419,Motorcycle Driver,55 to 59,4.0,Motorcycle,,,,2006,2006-08-20,1513,15,QUEEN ST W,COWAN AVE,1.0,Intersection,Stop Sign,Clear,Daylight,Dry,Non-Fatal Injury,Turning Movement,-79.433,43.6412,August,Sunday
923482,Driver,45 to 49,4.0,"Automobile, Station Wagon",,,,2020,2020-05-19,920,9,QUEEN ST E,CARLAW AVE,3.0,Intersection,Traffic Signal,Clear,Daylight,Dry,Non-Fatal Injury,Angle,-79.34,43.6609,May,Tuesday
923585,Driver,35 to 39,4.0,"Automobile, Station Wagon",Yes,,,2006,2006-08-22,1104,11,55 SUNNYPOINT CRES,,4.0,Mid-Block,No Control,Clear,Daylight,Dry,Non-Fatal Injury,SMV Other,-79.2315,43.7145,August,Tuesday
923640,Vehicle Owner,unknown,1.0,Other,,,,2006,2006-08-24,600,6,JOHN ST,QUEEN ST W,1.0,Mid-Block,No Control,Clear,Dawn,Dry,Non-Fatal Injury,Pedestrian Collisions,-79.3911,43.6501,August,Thursday
923655,Driver,15 to 19,4.0,"Automobile, Station Wagon",Yes,,Yes,2006,2006-08-24,2126,21,ATTWELL DR,READING CRT,2.0,Intersection,No Control,Clear,Daylight,Dry,Non-Fatal Injury,Approaching,-79.5872,43.6907,August,Thursday
923881,Driver,55 to 59,2.0,"Automobile, Station Wagon",,,,2020,2020-05-19,1040,10,LAWRENCE AVE E,KENNEDY RD,1.0,Intersection,Traffic Signal,Clear,Daylight,Dry,Fatal,Sideswipe,-79.2748,43.7494,May,Tuesday
923894,Passenger,45 to 49,1.0,Other,,,,2006,2006-09-12,2208,22,F G GARDINER XY  W,DOWLING AVE,4.0,Mid-Block,No Control,Rain,Dark,Wet,Non-Fatal Injury,Pedestrian Collisions,-79.4376,43.6343,September,Tuesday
923895,Passenger,60 to 64,4.0,Other,,,,2006,2006-09-13,2101,21,THE WEST MALL,BURNHAMTHORPE RD,1.0,Intersection,Traffic Signal,Clear,Dark,Dry,Non-Fatal Injury,Turning Movement,-79.5671,43.6445,September,Wednesday
923965,Vehicle Owner,unknown,,Other,,,,2006,2006-08-12,958,9,100 UNWIN AVE,,2.0,Intersection,Stop Sign,Clear,Daylight,Dry,Non-Fatal Injury,Cyclist Collisions,-79.3466,43.639,August,Saturday
924041,Driver,30 to 34,1.0,"Automobile, Station Wagon",,,,2006,2006-08-26,1536,15,OSLER ST,DAVENPORT RD,4.0,Mid-Block,No Control,Clear,Daylight,Dry,Non-Fatal Injury,Pedestrian Collisions,-79.4599,43.671,August,Saturday
924064,Driver,55 to 59,1.0,"Automobile, Station Wagon",,,,2006,2006-08-26,2056,20,DUPONT ST,EDWIN AVE,1.0,Mid-Block,No Control,Rain,Dark,Wet,Non-Fatal Injury,Pedestrian Collisions,-79.4545,43.665,August,Saturday
924338,Driver,20 to 24,1.0,"Automobile, Station Wagon",,,,2006,2006-07-30,720,7,LAWRENCE AVE W,JANE ST,1.0,Intersection,Traffic Signal,Clear,Daylight,Dry,Non-Fatal Injury,Pedestrian Collisions,-79.5037,43.7028,July,Sunday
924445,Driver,30 to 34,1.0,"Automobile, Station Wagon",,Yes,,2006,2006-09-12,2226,22,MARTIN GROVE RD,LEXINGTON AVE,3.0,Intersection,Traffic Signal,Rain,Dark,Wet,Non-Fatal Injury,Angle,-79.5953,43.7442,September,Tuesday
924979,Passenger,5 to 9,1.0,Other,,,,2006,2006-08-22,1045,10,QUEEN ST W,JAMESON AVE,1.0,Intersection,Stop Sign,Clear,Daylight,Dry,Non-Fatal Injury,Pedestrian Collisions,-79.4372,43.6404,August,Tuesday
925202,Driver,40 to 44,1.0,"Automobile, Station Wagon",,,,2006,2006-08-29,1700,17,LESLIE ST,LAWRENCE AVE E,1.0,Intersection,Traffic Signal,Clear,Daylight,Dry,Non-Fatal Injury,Pedestrian Collisions,-79.3559,43.7345,August,Tuesday
925504,Motorcycle Driver,35 to 39,4.0,Motorcycle,,,,2006,2006-08-18,1640,16,DUPONT ST,MANNING AVE,1.0,Intersection,No Control,Clear,Daylight,Dry,Non-Fatal Injury,Turning Movement,-79.419,43.6721,August,Friday
925612,Vehicle Owner,unknown,,Other,,,,2006,2006-09-21,1408,14,STEELES AVE W,BLACK HAWKWAY,1.0,Intersection,Traffic Signal,Clear,Daylight,Dry,Non-Fatal Injury,Pedestrian Collisions,-79.4575,43.7898,September,Thursday
925640,Motorcycle Driver,30 to 34,4.0,Motorcycle,Yes,,,2006,2006-08-25,1700,17,2111 LAKE SHORE BLVD W,,1.0,Mid-Block,No Control,Clear,Daylight,Wet,Non-Fatal Injury,Rear End,-79.4785,43.6285,August,Friday
925837,Vehicle Owner,unknown,,Other,Yes,,,2006,2006-09-22,2158,21,BRIMLEY RD,WETHERBY DR,1.0,Intersection,No Control,Rain,Dark,Wet,Fatal,SMV Other,-79.2491,43.7387,September,Friday
925963,Driver,55 to 59,1.0,"Automobile, Station Wagon",,,,2006,2006-08-31,2005,20,VALENTINE DR,SHAMOKIN DR,4.0,Intersection,Stop Sign,Clear,Dark,Dry,Non-Fatal Injury,Cyclist Collisions,-79.3445,43.7616,August,Thursday
925966,Driver,25 to 29,1.0,"Automobile, Station Wagon",,,,2006,2006-08-31,117,1,YONGE ST,BREADALBANE ST,1.0,Intersection,Stop Sign,Clear,Dark,Dry,Non-Fatal Injury,Cyclist Collisions,-79.3841,43.6638,August,Thursday
925968,Driver,30 to 34,1.0,"Automobile, Station Wagon",,,,2006,2006-08-31,740,7,SHEPPARD AVE E,REAN DR,1.0,Intersection,Traffic Signal,Clear,Daylight,Dry,Non-Fatal Injury,Pedestrian Collisions,-79.383,43.7677,August,Thursday
926117,Motorcycle Driver,35 to 39,4.0,Motorcycle,,,,2006,2006-08-29,1415,14,EASTERN AVE,MARIGOLD AVE,3.0,Intersection,No Control,Clear,Daylight,Dry,Non-Fatal Injury,Turning Movement,-79.3302,43.6608,August,Tuesday
926125,Motorcycle Driver,15 to 19,4.0,Motorcycle,,,,2006,2006-08-29,2114,21,LAWRENCE AVE W,BENTON RD,1.0,Intersection,Traffic Signal,Clear,Dark,Dry,Non-Fatal Injury,Sideswipe,-79.4718,43.7102,August,Tuesday
926129,Vehicle Owner,unknown,1.0,Other,,,,2006,2006-09-25,1242,12,BRENTCLIFFE RD,WICKSTEED AVE,3.0,Intersection,Traffic Signal,Clear,Daylight,Dry,Non-Fatal Injury,Pedestrian Collisions,-79.3584,43.7114,September,Monday
926327,Other,unknown,1.0,Other,,,,2006,2006-09-26,1525,15,ELLESMERE RD,POLLARD DR,1.0,Mid-Block,No Control,Clear,Daylight,Dry,Non-Fatal Injury,Rear End,-79.311,43.7588,September,Tuesday
926382,Vehicle Owner,unknown,,,,,,2006,2006-06-10,1646,16,OSSINGTON AVE,DUPONT ST,1.0,Intersection,Traffic Signal,Clear,Daylight,Dry,Non-Fatal Injury,Cyclist Collisions,-79.4289,43.67,June,Saturday
926656,Driver,40 to 44,1.0,"Automobile, Station Wagon",,,,2006,2006-09-28,800,8,LAWRENCE AVE E,MCCOWAN RD,1.0,Mid-Block,No Control,Clear,Daylight,Dry,Non-Fatal Injury,Pedestrian Collisions,-79.2434,43.7559,September,Thursday
926819,Driver,35 to 39,4.0,"Automobile, Station Wagon",,,,2006,2006-08-08,1709,17,GATEWAY BLVD,DON MILLS RD,2.0,Mid-Block,No Control,Clear,Daylight,Dry,Non-Fatal Injury,Rear End,-79.3352,43.7146,August,Tuesday
927010,Driver,unknown,1.0,"Automobile, Station Wagon",,,,2006,2006-09-30,805,8,RONCESVALLES AVE,MARION ST,3.0,Intersection,Pedestrian Crossover,Clear,Daylight,Dry,Non-Fatal Injury,Pedestrian Collisions,-79.4469,43.641,September,Saturday
927027,Driver,80 to 84,4.0,"Automobile, Station Wagon",,,,2006,2006-09-30,2042,20,BLOOR ST W,THE WEST MALL,1.0,Intersection,Traffic Signal,Rain,Dark,Wet,Non-Fatal Injury,Turning Movement,-79.5622,43.6356,September,Saturday
927087,Motorcycle Driver,60 to 64,2.0,Motorcycle,,,,2020,2020-05-19,1952,19,BURNHAMTHORPE RD,MILL RD,1.0,Mid-Block,No Control,Clear,Daylight,Dry,Fatal,SMV Other,-79.5839,43.6394,May,Tuesday
927137,Driver,15 to 19,4.0,"Automobile, Station Wagon",Yes,,,2006,2006-10-01,413,4,KENNEDY RD,SHEPPARD AVE E,1.0,Intersection,Traffic Signal,Clear,"Dark, artificial",Wet,Non-Fatal Injury,SMV Other,-79.2882,43.7832,October,Sunday
927151,Driver,45 to 49,1.0,"Automobile, Station Wagon",Yes,,,2006,2006-10-01,1827,18,1143 BRIMLEY RD,,1.0,Mid-Block,No Control,Clear,Daylight,Dry,Non-Fatal Injury,Approaching,-79.2588,43.7634,October,Sunday
927513,Passenger,10 to 14,4.0,Other,,,,2006,2006-09-04,1210,12,70 HUMBERLINE DR,,2.0,Mid-Block,No Control,Clear,Daylight,Dry,Non-Fatal Injury,Pedestrian Collisions,-79.6164,43.7318,September,Monday
927542,Pedestrian,25 to 29,4.0,Other,,,,2006,2006-10-02,1340,13,3295 BIRCHMOUNT RD,,1.0,Mid-Block,No Control,Clear,Daylight,Dry,Non-Fatal Injury,Pedestrian Collisions,-79.3131,43.813,October,Monday
927585,Driver,35 to 39,4.0,"Automobile, Station Wagon",,,,2006,2006-09-05,930,9,400 S JANE ST RAMP  S,JANE ST Stre,1.0,Exit Ramp Southbound,Traffic Signal,Clear,Daylight,Dry,Non-Fatal Injury,Rear End,-79.5059,43.711,September,Tuesday
927677,Driver,45 to 49,1.0,"Automobile, Station Wagon",,,,2006,2006-08-12,1845,18,562 BLOOR W ST W,,1.0,Mid-Block,No Control,Clear,Daylight,Dry,Non-Fatal Injury,Cyclist Collisions,-79.4115,43.665,August,Saturday
927745,Driver,25 to 29,1.0,"Automobile, Station Wagon",,,,2006,2006-09-05,2226,22,QUEEN ST E,SPRUCE HILL RD,3.0,Mid-Block,No Control,Clear,Dark,Dry,Non-Fatal Injury,Pedestrian Collisions,-79.288,43.6725,September,Tuesday
927841,Pedestrian,85 to 89,4.0,Other,,,,2006,2006-10-02,929,9,SKYMARK DR,DON MILLS RD,2.0,Mid-Block,Pedestrian Crossover,Clear,Daylight,Dry,Non-Fatal Injury,Pedestrian Collisions,-79.3524,43.7939,October,Monday
927891,Driver,30 to 34,1.0,"Automobile, Station Wagon",,,,2006,2006-09-08,1252,12,EGLINTON AVE W,BLACK CREEK DR,1.0,Mid-Block,No Control,Clear,Daylight,Dry,Non-Fatal Injury,Rear End,-79.4854,43.6877,September,Friday
927912,Driver,70 to 74,4.0,"Automobile, Station Wagon",,,,2006,2006-10-04,1403,14,ISLINGTON AVE,REXDALE BLVD,1.0,Intersection,No Control,Clear,Daylight,Dry,Non-Fatal Injury,SMV Other,-79.5549,43.7144,October,Wednesday
928049,Other Property Owner,unknown,,Other,,,,2006,2006-09-09,2017,20,1132 LESLIE ST,,1.0,Mid-Block,Stop Sign,Clear,Dark,Dry,Non-Fatal Injury,Turning Movement,-79.3503,43.7186,September,Saturday
928305,Driver,40 to 44,4.0,"Automobile, Station Wagon",,,,2006,2006-10-05,2034,20,ELLESMERE RD,ORTON PARK RD,1.0,Intersection,Traffic Signal,Clear,Dark,Dry,Non-Fatal Injury,Turning Movement,-79.217,43.7797,October,Thursday
928690,Driver,45 to 49,1.0,"Automobile, Station Wagon",,,,2006,2006-09-15,2159,21,DUFFERIN ST,GIBSON ST,1.0,Intersection,No Control,Clear,Dark,Dry,Non-Fatal Injury,Pedestrian Collisions,-79.448,43.6903,September,Friday