ACCNUM,INVTYPE,INVAGE,INJURY_ID,VEHTYPE,SPEEDING,REDLIGHT,ALCOHOL,YEAR,DATE,TIME,HOUR,STREET1,STREET2,ROAD_CLASS_ID,LOCCOORD,TRAFFCTL,VISIBILITY,LIGHT,RDSFCOND,ACCLASS,IMPACTYPE,Longitude,Latitude,Month,Day_of_Week
1002149,Pedestrian,65 to 69,4.0,"Automobile, Station Wagon",,,,2007,2007-11-09,1825,18,WESTON RD,ST PHILLIPS RD,1.0,Intersection,Traffic Signal,Rain,Dark,Wet,Non-Fatal Injury,Pedestrian Collisions,-79.5323,43.7062,November,Friday
1002191,Driver,55 to 59,1.0,"Automobile, Station Wagon",,,,2007,2007-11-02,1642,16,PROGRESS AVE,BOROUGH DR,3.0,Mid-Block,No Control,Clear,Daylight,Dry,Non-Fatal Injury,Cyclist Collisions,-79.2544,43.7769,November,Friday
1002316,Driver,45 to 49,1.0,"Automobile, Station Wagon",,,,2007,2007-11-05,1852,18,COXWELL AVE,EASTWOOD RD,3.0,Intersection,Traffic Signal,Rain,Dark,Wet,Non-Fatal Injury,Pedestrian Collisions,-79.3192,43.6729,November,Monday
1002607,Driver,75 to 79,1.0,"Automobile, Station Wagon",,Yes,,2007,2007-09-26,1415,14,DANFORTH RD,BIRCHMOUNT RD,3.0,Intersection,Traffic Signal,Clear,Daylight,Wet,Non-Fatal Injury,Pedestrian Collisions,-79.268,43.7069,September,Wednesday
1002690,Passenger,20 to 24,4.0,Other,,,,2007,2007-11-06,635,6,MARKHAM RD,FINCH AVE E,1.0,Intersection,Traffic Signal,Rain,Dark,Wet,Non-Fatal Injury,Rear End,-79.243,43.8129,November,Tuesday
1003217,Pedestrian,30 to 34,4.0,Other,,,,2007,2007-11-06,1836,18,BUSHBY DR,MCCOWAN RD,1.0,Intersection,Traffic Signal,Rain,Dusk,Wet,Non-Fatal Injury,Pedestrian Collisions,-79.2521,43.7745,November,Tuesday
1003332,Driver,50 to 54,1.0,"Automobile, Station Wagon",,,,2007,2007-11-08,1945,19,MIDLAND AVE,NORBURY CRES,1.0,Intersection,No Control,Rain,Dark,Wet,Non-Fatal Injury,Pedestrian Collisions,-79.2666,43.756,November,Thursday
1003358,Driver,75 to 79,1.0,"Automobile, Station Wagon",,Yes,,2007,2007-11-17,1255,12,DUFFERIN ST,HOLMESDALE RD,1.0,Intersection,Traffic Signal,Clear,Daylight,Dry,Non-Fatal Injury,Pedestrian Collisions,-79.4473,43.6886,November,Saturday
1003447,Driver,60 to 64,1.0,"Automobile, Station Wagon",,,,2007,2007-11-08,2014,20,ST CLAIR AVE W,CHRISTIE ST,1.0,Intersection,Traffic Signal,Rain,Dark,Wet,Non-Fatal Injury,Cyclist Collisions,-79.4256,43.6817,November,Thursday
1003525,Driver,45 to 49,1.0,"Automobile, Station Wagon",,,,2007,2007-11-09,840,8,PATRICIA AVE,LACONIA DR,2.0,Mid-Block,No Control,Clear,"Daylight, artificial",Dry,Non-Fatal Injury,Pedestrian Collisions,-79.4416,43.785,November,Friday
1003569,Driver,30 to 34,1.0,"Automobile, Station Wagon",,,,2007,2007-11-11,1551,15,ST CLARENS AVE,WYNDHAM ST,4.0,Intersection,No Control,Clear,Daylight,Dry,Non-Fatal Injury,Pedestrian Collisions,-79.4372,43.6473,November,Sunday
1003629,Driver,45 to 49,3.0,"Automobile, Station Wagon",,,,2007,2007-11-13,635,6,YONGE ST,UPPER MADISON AVE,1.0,Mid-Block,No Control,Clear,Dark,Dry,Non-Fatal Injury,Rear End,-79.4117,43.765,November,Tuesday
1004306,Other,unknown,1.0,Other,,,,2007,2007-11-23,1947,19,ST CLAIR AVE E,BRIMLEY RD,3.0,Mid-Block,No Control,Clear,Dark,Other,Fatal,SMV Unattended Vehicle,-79.2425,43.7206,November,Friday
1004342,Pedestrian,75 to 79,2.0,Other,,,,2007,2007-11-23,950,9,DON MILLS RD,OVERLEA BLVD,1.0,Mid-Block,No Control,Clear,Daylight,Wet,Fatal,Pedestrian Collisions,-79.3347,43.7109,November,Friday
1004413,Passenger,20 to 24,4.0,Other,Yes,,,2007,2007-11-25,250,2,KINGSTON RD,HIGHVIEW AVE,1.0,Mid-Block,No Control,Clear,Dark,Dry,Non-Fatal Injury,SMV Other,-79.2531,43.7034,November,Sunday
1004530,Driver,75 to 79,4.0,"Automobile, Station Wagon",,Yes,,2007,2007-09-20,1030,10,MCCOWAN RD,PITFIELD RD,1.0,Intersection,Traffic Signal,Clear,Daylight,Dry,Non-Fatal Injury,Rear End,-79.2572,43.7873,September,Thursday
1004974,Driver,15 to 19,1.0,"Automobile, Station Wagon",,,,2007,2007-10-31,1803,18,5810 SHEPPARD AVE E,,1.0,Mid-Block,No Control,Clear,Dark,Dry,Non-Fatal Injury,Pedestrian Collisions,-79.2297,43.7956,October,Wednesday
1005011,Vehicle Owner,unknown,,Other,,,,2007,2007-11-07,2206,22,WARDEN AVE,HUNTINGWOOD DR,1.0,Mid-Block,No Control,Clear,Dark,Dry,Non-Fatal Injury,Pedestrian Collisions,-79.3106,43.7847,November,Wednesday
1005315,Driver,35 to 39,1.0,"Automobile, Station Wagon",,,,2007,2007-11-28,1510,15,YONGE St,WELLINGTON St E,1.0,Intersection,Traffic Signal,Clear,Daylight,Dry,Non-Fatal Injury,Pedestrian Collisions,-79.3773,43.6478,November,Wednesday
1005351,Driver,30 to 34,4.0,"Automobile, Station Wagon",,,,2007,2007-11-18,735,7,DON VALLEY PARKWAY  N,DON MILLS Road,,Mid-Block,No Control,Clear,Daylight,Dry,Non-Fatal Injury,SMV Other,-79.337,43.7005,November,Sunday
1005723,Driver,25 to 29,1.0,"Automobile, Station Wagon",,,,2007,2007-11-16,1050,10,2098 BRIMLEY Rd,,1.0,Mid-Block,No Control,Clear,Daylight,Dry,Non-Fatal Injury,Turning Movement,-79.2689,43.7882,November,Friday
1005733,Pedestrian,75 to 79,5.0,Other,,,,2007,2007-11-17,1650,16,MARKET ST,THE ESPLANADE,4.0,Mid-Block,No Control,Clear,Dusk,Dry,Non-Fatal Injury,Pedestrian Collisions,-79.3719,43.6487,November,Saturday
1005767,Passenger,45 to 49,1.0,Other,Yes,,Yes,2007,2007-11-30,1814,18,DON MILLS RD,LAWRENCE AVE E,1.0,Mid-Block,No Control,Clear,Dark,Dry,Non-Fatal Injury,Rear End,-79.3452,43.744,November,Friday
1005791,Driver,unknown,1.0,"Automobile, Station Wagon",,,,2007,2007-11-29,2357,23,GERRARD ST E,PARLIAMENT ST,3.0,Intersection,Traffic Signal,Clear,Dark,Dry,Non-Fatal Injury,Pedestrian Collisions,-79.3669,43.6619,November,Thursday
1006207,Driver,25 to 29,4.0,"Automobile, Station Wagon",,,,2007,2007-11-22,2209,22,KIPLING AVE,MOUNT OLIVE DR,1.0,Intersection,Traffic Controller,Clear,Dark,Other,Non-Fatal Injury,Turning Movement,-79.5837,43.7468,November,Thursday
1006355,Driver,45 to 49,1.0,"Automobile, Station Wagon",Yes,,,2007,2007-11-23,1700,17,LAWRENCE AVE E,GOODERHAM DR,1.0,Mid-Block,No Control,Clear,Dusk,Dry,Non-Fatal Injury,Pedestrian Collisions,-79.3017,43.7438,November,Friday
1006380,Passenger,55 to 59,4.0,Other,,,,2007,2007-11-23,830,8,NORTH CARSON ST,LANOR AVE,4.0,Intersection,Stop Sign,Snow,Daylight,Ice,Non-Fatal Injury,Angle,-79.5377,43.6105,November,Friday
1006449,Cyclist,30 to 34,4.0,Bicycle,,,,2007,2007-11-14,1825,18,KING ST W,SUDBURY ST,1.0,Intersection,Traffic Signal,Clear,Dark,Dry,Non-Fatal Injury,Cyclist Collisions,-79.4171,43.6409,November,Wednesday
1006590,Vehicle Owner,unknown,,Other,,,,2007,2007-12-04,730,7,ISLINGTON Ave,STANMILLS Rd,1.0,Intersection,Stop Sign,Strong wind,Daylight,Wet,Non-Fatal Injury,Pedestrian Collisions,-79.5151,43.6246,December,Tuesday
1006820,Driver,70 to 74,1.0,"Automobile, Station Wagon",,,,2007,2007-11-24,2352,23,ST CLAIR AVE W,OSLER ST,1.0,Intersection,No Control,Clear,Dark,Wet,Non-Fatal Injury,Pedestrian Collisions,-79.4603,43.6741,November,Saturday
1006875,Driver,75 to 79,1.0,"Automobile, Station Wagon",,,,2007,2007-12-05,1856,18,OSSINGTON AVE,CHURCHILL AVE,3.0,Mid-Block,No Control,Clear,Dark,Dry,Fatal,Pedestrian Collisions,-79.4219,43.6524,December,Wednesday
1007071,Driver,25 to 29,1.0,"Automobile, Station Wagon",,,,2007,2007-11-19,1937,19,DAVENPORT RD,BELMONT ST,1.0,Intersection,Traffic Signal,Rain,Dark,Wet,Non-Fatal Injury,Pedestrian Collisions,-79.3928,43.6747,November,Monday
1007074,Vehicle Owner,unknown,,Other,,,,2007,2007-11-21,1100,11,KING ST W,TECUMSETH ST,1.0,Mid-Block,No Control,Rain,Daylight,Wet,Non-Fatal Injury,Cyclist Collisions,-79.4032,43.6438,November,Wednesday
1007205,Driver,unknown,1.0,"Automobile, Station Wagon",,,,2007,2007-12-06,1755,17,RONCESVALLES Aven,CONSTANCE Stre,3.0,Intersection,No Control,Clear,Dark,Dry,Non-Fatal Injury,Pedestrian Collisions,-79.4503,43.6496,December,Thursday
1007918,Driver,35 to 39,1.0,"Automobile, Station Wagon",,,,2007,2007-12-10,1806,18,MARTIN GROVE Road,ROYALCREST Road,3.0,Intersection,No Control,Clear,Dark,Wet,Non-Fatal Injury,Pedestrian Collisions,-79.5992,43.7522,December,Monday
1007992,Driver,60 to 64,1.0,"Automobile, Station Wagon",,,,2007,2007-11-29,1742,17,BRIMLEY Road,ST CLAIR Aven E,3.0,Intersection,Traffic Signal,Clear,Dark,Dry,Non-Fatal Injury,Pedestrian Collisions,-79.2414,43.7208,November,Thursday
1008034,Driver,75 to 79,1.0,"Automobile, Station Wagon",,,,2007,2007-11-28,805,8,OAKWOOD AVE,HANSON RD,3.0,Intersection,No Control,Clear,Daylight,Ice,Non-Fatal Injury,Pedestrian Collisions,-79.4393,43.6889,November,Wednesday
1008261,Driver,45 to 49,5.0,"Automobile, Station Wagon",,,,2007,2007-12-03,1250,12,DON MILLS RD,CLIFFWOOD RD,1.0,Mid-Block,No Control,Clear,Daylight,Wet,Non-Fatal Injury,Rear End,-79.3574,43.8076,December,Monday
1008556,Pedestrian,65 to 69,4.0,Other,,,,2007,2007-11-07,1130,11,EGLINTON AVE W,CAMBERWELL RD,1.0,Intersection,No Control,Clear,Daylight,Dry,Non-Fatal Injury,Pedestrian Collisions,-79.4298,43.7,November,Wednesday
1008571,Vehicle Owner,unknown,,Other,,,,2007,2007-11-15,724,7,LAKE SHORE BLVD W,LONG BRANCH AVE,1.0,Intersection,Traffic Signal,Clear,Daylight,Dry,Non-Fatal Injury,Pedestrian Collisions,-79.5339,43.5943,November,Thursday
1008573,Pedestrian,25 to 29,4.0,Other,,,,2007,2007-11-17,205,2,ROMAC DR,CAMOR CRT,4.0,Mid-Block,No Control,Clear,Dark,Dry,Non-Fatal Injury,Pedestrian Collisions,-79.1703,43.7876,November,Saturday
1008576,Pedestrian,45 to 49,4.0,Other,,,,2007,2007-11-21,1925,19,283 COXWELL AVE,,3.0,Mid-Block,No Control,Rain,Dark,Wet,Non-Fatal Injury,Pedestrian Collisions,-79.3196,43.6737,November,Wednesday
1008693,Driver,70 to 74,4.0,"Automobile, Station Wagon",,,,2007,2007-12-12,1247,12,2155 ST CLAIR Aven W,,1.0,Mid-Block,No Control,Clear,Daylight,Dry,Non-Fatal Injury,SMV Unattended Vehicle,-79.4735,43.6711,December,Wednesday
1008986,Vehicle Owner,unknown,,Other,,,,2007,2007-12-15,1212,12,LAWRENCE AVE E,MOSSBANK DR,1.0,Intersection,No Control,Snow,Daylight,Loose Snow,Fatal,Pedestrian Collisions,-79.211,43.7628,December,Saturday
1009018,Vehicle Owner,unknown,,Other,,,,2007,2007-12-16,58,0,DON VALLEY PARKWAY  S,LAWRENCE AVE E,,Mid-Block,No Control,Snow,Dark,Loose Snow,Non-Fatal Injury,SMV Other,-79.3325,43.7436,December,Sunday
1009323,Driver,55 to 59,1.0,"Automobile, Station Wagon",,,,2007,2007-12-11,630,6,ISLINGTON Aven,SUMMITCREST Driv,1.0,Intersection,Traffic Signal,Clear,Dark,Wet,Non-Fatal Injury,Pedestrian Collisions,-79.5404,43.6831,December,Tuesday
1009774,Driver,50 to 54,1.0,"Automobile, Station Wagon",,,,2007,2007-11-28,845,8,ST CLAIR Aven W,FRENCH Aven,1.0,Mid-Block,No Control,Clear,Daylight,Dry,Non-Fatal Injury,Pedestrian Collisions,-79.4905,43.6674,November,Wednesday
1009783,Passenger,20 to 24,4.0,Other,Yes,,,2007,2007-11-29,144,1,BAY ST,QUEEN ST W,1.0,Mid-Block,No Control,Rain,Dark,Wet,Non-Fatal Injury,SMV Other,-79.3823,43.6523,November,Thursday
1009854,Driver,35 to 39,1.0,"Automobile, Station Wagon",Yes,,Yes,2007,2007-12-02,258,2,267 DAVENPORT Rd,,1.0,Mid-Block,No Control,Snow,Dark,Packed Snow,Non-Fatal Injury,Pedestrian Collisions,-79.3981,43.6743,December,Sunday
1010140,Vehicle Owner,unknown,,Other,,,,2007,2007-12-04,1250,12,YONGE ST,CHURCH ST,1.0,Intersection,Traffic Signal,Clear,Daylight,Dry,Non-Fatal Injury,Pedestrian Collisions,-79.3878,43.6728,December,Tuesday
1010606,Motorcycle Driver,25 to 29,2.0,Motorcycle,Yes,,,2020,2020-06-01,1820,18,BATHURST ST,GLENGROVE AVE,1.0,Intersection,Stop Sign,Clear,Daylight,Dry,Fatal,Turning Movement,-79.4285,43.7141,June,Monday
1010845,Driver,15 to 19,1.0,"Automobile, Station Wagon",,,,2020,2020-06-01,1857,18,2525 WARDEN AVE,,1.0,Mid-Block,No Control,Clear,Daylight,Dry,Non-Fatal Injury,SMV Other,-79.3135,43.7912,June,Monday
1011018,Driver,unknown,1.0,"Automobile, Station Wagon",,,,2007,2007-12-23,135,1,3003 DANFORTH AVE,,1.0,,Traffic Signal,Clear,Dark,Wet,Non-Fatal Injury,Pedestrian Collisions,-79.292,43.6903,December,Sunday
1011055,Driver,15 to 19,1.0,"Automobile, Station Wagon",,,,2007,2007-12-23,1905,19,JARVIS ST,CARLTON ST,1.0,Mid-Block,No Control,Clear,Dark,Dry,Non-Fatal Injury,Pedestrian Collisions,-79.3768,43.6629,December,Sunday
1011231,Driver,90 to 94,1.0,"Automobile, Station Wagon",,,,2007,2007-12-24,2135,21,FINCH AVE E,ALAMOSA DR,1.0,Intersection,Traffic Signal,Clear,Dark,Dry,Fatal,Pedestrian Collisions,-79.3732,43.7891,December,Monday
1011331,Driver,65 to 69,1.0,"Automobile, Station Wagon",,,,2007,2007-12-14,2057,20,QUEEN ST W,DUNN AVE,1.0,Intersection,Traffic Signal,Clear,Dark,Dry,Non-Fatal Injury,Pedestrian Collisions,-79.4344,43.641,December,Friday
1011408,Driver,45 to 49,4.0,"Automobile, Station Wagon",,,,2007,2007-12-20,846,8,DANFORTH Aven,CHESTER Aven,1.0,Intersection,Traffic Signal,Clear,Daylight,Wet,Non-Fatal Injury,Approaching,-79.3519,43.6775,December,Thursday
1011434,Driver,55 to 59,1.0,"Automobile, Station Wagon",,,,2007,2007-12-27,904,9,3495 LAWRENCE Aven E,,1.0,,Traffic Signal,Clear,Daylight,Dry,Non-Fatal Injury,Pedestrian Collisions,-79.2283,43.759,December,Thursday
1011551,Passenger,5 to 9,5.0,Other,,Yes,,2007,2007-12-17,1232,12,MARTIN GROVE RD,401 X W MARTIN GROVE RAMP,1.0,Intersection,Traffic Signal,Clear,Daylight,Wet,Non-Fatal Injury,Angle,-79.5714,43.6928,December,Monday
1011587,Driver,55 to 59,1.0,"Automobile, Station Wagon",,,,2007,2007-11-25,2045,20,FRONT ST W,SPADINA AVE,3.0,Mid-Block,No Control,Clear,Dark,Dry,Non-Fatal Injury,Pedestrian Collisions,-79.3919,43.6432,November,Sunday
1011634,Vehicle Owner,unknown,,Other,,,,2007,2007-12-16,1800,18,ISLINGTON AVE,KINGSVIEW BLVD,1.0,Intersection,Stop Sign,Snow,Dark,Packed Snow,Non-Fatal Injury,Turning Movement,-79.5479,43.6997,December,Sunday
1011635,Driver,55 to 59,5.0,"Automobile, Station Wagon",,,,2007,2007-12-16,1222,12,FINCH AVE W,MARTIN GROVE RD,1.0,Mid-Block,No Control,Snow,Daylight,Packed Snow,Non-Fatal Injury,Approaching,-79.5905,43.737,December,Sunday
1011703,Other Property Owner,unknown,,Other,Yes,,,2007,2007-12-28,1455,14,WESTON RD,GUNNS RD,1.0,Intersection,Traffic Signal,Clear,Daylight,Dry,Non-Fatal Injury,SMV Other,-79.4703,43.6759,December,Friday
1011759,Driver,60 to 64,4.0,"Automobile, Station Wagon",,,Yes,2007,2007-12-08,1949,19,1073 WARDEN AVE,,1.0,Mid-Block,No Control,Clear,Dark,Wet,Non-Fatal Injury,Rear End,-79.2931,43.7415,December,Saturday
1012000,Vehicle Owner,unknown,,Other,,,,2007,2007-12-10,1700,17,CULFORD RD,VANWYCK RD,2.0,Mid-Block,No Control,Clear,Dark,Wet,Non-Fatal Injury,Approaching,-79.4874,43.7059,December,Monday
1012088,Driver,45 to 49,1.0,"Automobile, Station Wagon",,,,2007,2007-12-13,935,9,VICTORIA PARK Aven,ST CLAIR Aven E,1.0,Intersection,No Control,Clear,Daylight,Wet,Non-Fatal Injury,Pedestrian Collisions,-79.2961,43.7093,December,Thursday
1012986,Driver,45 to 49,1.0,"Automobile, Station Wagon",,,,2008,2008-01-05,1826,18,EGLINTON AVE E,OSWEGO RD,1.0,Intersection,No Control,Rain,Dark,Wet,Fatal,Pedestrian Collisions,-79.2436,43.7376,January,Saturday
1012988,Driver,80 to 84,5.0,"Automobile, Station Wagon",,,,2008,2008-01-05,1935,19,SANDWELL DR,THE WESTWAY,4.0,Mid-Block,No Control,Clear,Dark,Wet,Fatal,Pedestrian Collisions,-79.5649,43.6843,January,Saturday
1013128,Driver,40 to 44,1.0,"Automobile, Station Wagon",,,,2007,2007-12-20,455,4,YORK ST,BREMNER BLVD,1.0,Mid-Block,No Control,Clear,Dark,Dry,Non-Fatal Injury,Pedestrian Collisions,-79.3821,43.6445,December,Thursday
1013134,Driver,20 to 24,4.0,"Automobile, Station Wagon",,,,2007,2007-12-21,525,5,WILSON AVE,DUFFERIN ST,1.0,Mid-Block,No Control,Clear,Dark,Dry,Non-Fatal Injury,Turning Movement,-79.4572,43.7324,December,Friday
1013236,Driver,30 to 34,1.0,"Automobile, Station Wagon",,,,2008,2008-01-07,1702,17,AVENUE RD,CARMICHAEL AVE,1.0,Intersection,Traffic Signal,Clear,Dark,Wet,Fatal,Pedestrian Collisions,-79.4205,43.7375,January,Monday
1013495,Vehicle Owner,unknown,,Other,,,,2008,2008-01-08,550,5,REXDALE BLVD,TIDEMORE AVE,1.0,Intersection,No Control,Clear,Dark,Dry,Fatal,SMV Other,-79.5851,43.7147,January,Tuesday
1013702,Driver,60 to 64,1.0,"Automobile, Station Wagon",,,,2007,2007-12-29,2158,21,DANFORTH AVE,CEDARVALE AVE,1.0,,No Control,Clear,Dark,Dry,Non-Fatal Injury,Pedestrian Collisions,-79.3106,43.6861,December,Saturday
1014167,Driver,65 to 69,1.0,"Automobile, Station Wagon",,,,2008,2008-01-11,820,8,LONEY AVE,DALLNER RD,4.0,Intersection,Stop Sign,Clear,Daylight,Wet,Non-Fatal Injury,Pedestrian Collisions,-79.5148,43.7223,January,Friday
1014428,Passenger,20 to 24,3.0,Other,,,,2007,2007-12-27,3,0,VICTORIA PARK AVE,BIGGIN CRT,1.0,Intersection,No Control,Clear,Dark,Dry,Non-Fatal Injury,Turning Movement,-79.3043,43.7288,December,Thursday
1014571,Driver,65 to 69,4.0,"Automobile, Station Wagon",Yes,,,2007,2007-12-31,647,6,STEELES AVE W,NORFINCH DR,1.0,Intersection,Traffic Signal,Snow,Dark,Loose Snow,Non-Fatal Injury,Sideswipe,-79.5317,43.7733,December,Monday
1014650,Passenger,20 to 24,4.0,Other,,,Yes,2008,2008-01-14,2232,22,35 BENDALE BLVD,,4.0,Mid-Block,No Control,Snow,Dark,Wet,Non-Fatal Injury,SMV Other,-79.2397,43.7498,January,Monday
1014715,Driver,55 to 59,4.0,"Automobile, Station Wagon",,,,2007,2007-12-31,1510,15,ISLINGTON AVE,SANDHILL DR,1.0,Intersection,No Control,Clear,Daylight,Dry,Non-Fatal Injury,Rear End,-79.5638,43.734,December,Monday
1014871,Driver,40 to 44,1.0,"Automobile, Station Wagon",,,,2008,2008-01-15,652,6,ROGERS RD,BICKNELL AVE,3.0,Mid-Block,No Control,Snow,"Dusk, artificial",Slush,Non-Fatal Injury,Pedestrian Collisions,-79.4719,43.682,January,Tuesday
1014978,Driver,70 to 74,5.0,"Automobile, Station Wagon",,,,2007,2007-12-29,1303,13,ARAGON AVE,BIRCHARD ST,4.0,Mid-Block,No Control,Clear,Daylight,Dry,Non-Fatal Injury,Approaching,-79.3028,43.7756,December,Saturday
1015097,Driver,35 to 39,1.0,"Automobile, Station Wagon",,,,2008,2008-01-03,1623,16,BAYVIEW AVE,EGLINTON AVE E,1.0,Intersection,Traffic Signal,Snow,Daylight,Loose Snow,Non-Fatal Injury,Rear End,-79.3771,43.711,January,Thursday
1015121,Driver,55 to 59,3.0,"Automobile, Station Wagon",,,,2008,2008-01-04,1540,15,YORK MILLS RD,UPJOHN RD,1.0,Mid-Block,No Control,Clear,Daylight,Dry,Non-Fatal Injury,Approaching,-79.3502,43.755,January,Friday
1015222,Driver,75 to 79,3.0,"Automobile, Station Wagon",,,,2008,2008-01-16,950,9,WESTON RD,401 C W WESTON RD RAMP  E,1.0,Intersection,Traffic Signal,Clear,Daylight,Dry,Non-Fatal Injury,Approaching,-79.5366,43.7147,January,Wednesday
1015320,Driver,25 to 29,1.0,"Automobile, Station Wagon",,,,2008,2008-01-07,1803,18,ST DENNIS DR,DEAUVILLE LANE,2.0,Intersection,Traffic Signal,Rain,Dark,Wet,Non-Fatal Injury,Pedestrian Collisions,-79.3313,43.7183,January,Monday
1015331,Driver,65 to 69,1.0,"Automobile, Station Wagon",,,,2008,2008-01-07,1730,17,BELGREEN AVE,TAMORA CRT,4.0,Intersection,Stop Sign,Clear,Dark,Wet,Non-Fatal Injury,Pedestrian Collisions,-79.2904,43.7949,January,Monday
1015408,Driver,45 to 49,3.0,"Automobile, Station Wagon",,Yes,,2008,2008-01-16,1608,16,KENNEDY Road,HAVENDALE Road,1.0,Intersection,Traffic Signal,Clear,Daylight,Dry,Non-Fatal Injury,Turning Movement,-79.2916,43.791,January,Wednesday
1015577,Driver,30 to 34,1.0,"Automobile, Station Wagon",,,,2008,2008-01-17,1750,17,FINCH AVE E,WILFRED AVE,1.0,Mid-Block,No Control,Snow,Dark,Wet,Non-Fatal Injury,Pedestrian Collisions,-79.4014,43.7828,January,Thursday
1015580,Driver,50 to 54,4.0,"Automobile, Station Wagon",,,,2008,2008-01-17,1957,19,DON VALLEY PARKWAY  N,PRINCE EDWARD VIADUCT Stre E,,Mid-Block,No Control,Clear,Dark,Wet,Non-Fatal Injury,Sideswipe,-79.3623,43.6818,January,Thursday
1015680,Driver,70 to 74,1.0,"Automobile, Station Wagon",,,,2008,2008-01-11,944,9,FINCH AVE E,CHEROKEE BLVD,1.0,Intersection,Traffic Signal,Clear,Daylight,Dry,Non-Fatal Injury,Pedestrian Collisions,-79.3369,43.7935,January,Friday
1015704,Vehicle Owner,unknown,,Other,,,,2008,2008-01-11,1840,18,MALVERN ST,MAMMOTH HALL TRL,2.0,Intersection,Stop Sign,Clear,Dark,Dry,Non-Fatal Injury,Pedestrian Collisions,-79.2357,43.7967,January,Friday
1015759,Driver,45 to 49,1.0,"Automobile, Station Wagon",,,,2007,2007-12-10,1657,16,JANE BLACK CR S RAMP ST,JANE ST,1.0,Intersection,Traffic Signal,Clear,Daylight,Dry,Non-Fatal Injury,Rear End,-79.5059,43.711,December,Monday
1016685,Vehicle Owner,unknown,,Other,,,,2008,2008-01-21,1100,11,FOXLEY ST,FOXLEY PL W,4.0,Intersection,No Control,Clear,Daylight,Dry,Non-Fatal Injury,SMV Other,-79.4208,43.6476,January,Monday
1016775,Driver,30 to 34,1.0,"Automobile, Station Wagon",,,,2008,2008-01-23,645,6,MARTIN GROVE RD,STEELES AVE W,1.0,Intersection,Traffic Signal,Clear,Dark,Dry,Non-Fatal Injury,Pedestrian Collisions,-79.6033,43.7578,January,Wednesday
1016912,Pedestrian,20 to 24,4.0,Other,,,,2008,2008-01-17,1810,18,FINCH AVE E,VICTORIA PARK AVE,1.0,Intersection,Traffic Signal,Clear,Dark,Dry,Non-Fatal Injury,Pedestrian Collisions,-79.3313,43.7931,January,Thursday
1017137,Passenger,55 to 59,3.0,Other,Yes,,,2008,2008-01-25,1823,18,ROGERS RD,KANE AVE,3.0,Intersection,Stop Sign,Clear,Dark,Dry,Fatal,Angle,-79.4664,43.682,January,Friday
1017235,Driver,65 to 69,1.0,"Automobile, Station Wagon",,,,2020,2020-06-02,1856,18,777 BLOOR ST W,,1.0,Mid-Block,No Control,Clear,Daylight,Dry,Non-Fatal Injury,Cyclist Collisions,-79.4196,43.6632,June,Tuesday
1017587,Driver,55 to 59,1.0,"Automobile, Station Wagon",,,,2008,2008-01-28,817,8,MCNICOLL AVE,LA PEER BLVD,3.0,Intersection,Stop Sign,Clear,Daylight,Dry,Non-Fatal Injury,Pedestrian Collisions,-79.3154,43.8075,January,Monday
1017679,Pedestrian,50 to 54,4.0,Other,,,,2008,2008-01-21,1940,19,EVANS AVE,SHERWAY GT,1.0,Intersection,Traffic Signal,Clear,Dark,Dry,Non-Fatal Injury,Pedestrian Collisions,-79.5563,43.6089,January,Monday
1017926,Driver,20 to 24,5.0,"Automobile, Station Wagon",,,,2008,2008-01-22,807,8,BLOOR ST W,QUEBEC AVE,1.0,Mid-Block,No Control,Snow,Daylight,Loose Snow,Non-Fatal Injury,Rear End,-79.4663,43.6532,January,Tuesday
1017943,Driver,40 to 44,4.0,"Automobile, Station Wagon",,,,2008,2008-01-29,2355,23,EGLINTON AVE W,ENNERDALE RD,1.0,Mid-Block,No Control,Rain,Dark,Wet,Non-Fatal Injury,Rear End,-79.4531,43.695,January,Tuesday
1018105,Driver,unknown,1.0,"Automobile, Station Wagon",,,,2008,2008-01-15,720,7,FINCH AVE W,RUMIKE RD,1.0,Mid-Block,No Control,Snow,Daylight,Loose Snow,Non-Fatal Injury,Pedestrian Collisions,-79.5496,43.7505,January,Tuesday
1018347,Passenger,80 to 84,2.0,Other,,,,2008,2008-01-31,1440,14,DON MILLS RD E,GODSTONE RD,1.0,Intersection,Traffic Signal,Clear,Daylight,Dry,Fatal,SMV Other,-79.349,43.7827,January,Thursday
1018638,Driver,80 to 84,4.0,"Automobile, Station Wagon",Yes,,,2008,2008-02-02,1249,12,BELLAMY RD N,BRIMORTON DR,3.0,Intersection,Traffic Signal,Clear,Daylight,Wet,Non-Fatal Injury,Turning Movement,-79.2391,43.7674,February,Saturday
1018923,Driver,45 to 49,4.0,"Automobile, Station Wagon",,,,2008,2008-01-25,900,9,RONCESVALLES AVE,MARMADUKE ST,3.0,Intersection,Pedestrian Crossover,Clear,Daylight,Wet,Non-Fatal Injury,Approaching,-79.4506,43.6504,January,Friday