ACCNUM,INVTYPE,INVAGE,INJURY_ID,VEHTYPE,SPEEDING,REDLIGHT,ALCOHOL,YEAR,DATE,TIME,HOUR,STREET1,STREET2,ROAD_CLASS_ID,LOCCOORD,TRAFFCTL,VISIBILITY,LIGHT,RDSFCOND,ACCLASS,IMPACTYPE,Longitude,Latitude,Month,Day_of_Week
1039861,Motorcycle Driver,25 to 29,2.0,Motorcycle,Yes,,,2008,2008-05-24,30,0,BAYVIEW Aven,BLOOR Ramp,,Mid-Block,No Control,Clear,Dark,Dry,Fatal,SMV Other,-79.3678,43.6771,May,Saturday
1040088,Driver,60 to 64,4.0,"Automobile, Station Wagon",,,,2008,2008-05-26,1440,14,230 QUEEN ST E,,1.0,Intersection,No Control,Clear,Daylight,Dry,Non-Fatal Injury,Approaching,-79.3689,43.6546,May,Monday
1040090,Driver,45 to 49,1.0,"Automobile, Station Wagon",,,,2008,2008-05-26,1125,11,1835 YONGE ST,,1.0,Mid-Block,No Control,Clear,Daylight,Dry,Non-Fatal Injury,Approaching,-79.3963,43.6966,May,Monday
1040168,Other Property Owner,unknown,,Other,,,Yes,2008,2008-05-04,2320,23,DUFFERIN Stre,LAWRENCE Aven W,1.0,Mid-Block,No Control,Clear,Dark,Dry,Non-Fatal Injury,Sideswipe,-79.4547,43.7145,May,Sunday
1040428,Driver,40 to 44,1.0,"Automobile, Station Wagon",,,,2008,2008-05-28,810,8,PARLIAMENT St,LAKE SHORE Blvd E,3.0,Mid-Block,No Control,Clear,Daylight,Dry,Non-Fatal Injury,Cyclist Collisions,-79.3614,43.6486,May,Wednesday
1040690,Driver,25 to 29,4.0,"Automobile, Station Wagon",,,,2008,2008-05-18,535,5,FINCH AVE W,MADELINE RD,1.0,Intersection,No Control,Clear,Dark,Dry,Non-Fatal Injury,SMV Other,-79.4215,43.7784,May,Sunday
1040891,Vehicle Owner,unknown,,Other,,,,2008,2008-05-30,746,7,BAY ST,YORKVILLE AVE,1.0,Intersection,Traffic Signal,Clear,Daylight,Dry,Fatal,Pedestrian Collisions,-79.3901,43.6713,May,Friday
1040898,Driver,50 to 54,4.0,"Automobile, Station Wagon",Yes,,,2008,2008-05-30,1138,11,331 TRUDELLE St,,2.0,Intersection,No Control,Rain,Daylight,Wet,Non-Fatal Injury,Pedestrian Collisions,-79.2344,43.7415,May,Friday
1041105,Driver,50 to 54,1.0,"Automobile, Station Wagon",,,,2008,2008-06-01,1838,18,LAWRENCE Ave W,ROXALINE St,3.0,Intersection,Stop Sign,Clear,Daylight,Dry,Non-Fatal Injury,Angle,-79.5296,43.6968,June,Sunday
1041453,Pedestrian,70 to 74,4.0,Other,,,,2008,2008-06-03,1230,12,SENLAC RD,SHEPPARD AVE W,1.0,Intersection,Traffic Signal,Rain,Daylight,Wet,Non-Fatal Injury,Pedestrian Collisions,-79.4225,43.7589,June,Tuesday
1041588,Driver,60 to 64,1.0,"Automobile, Station Wagon",,,,2008,2008-06-04,1838,18,PORT UNION Road,KINGSTON Road,3.0,Intersection,No Control,Clear,Daylight,Dry,Non-Fatal Injury,Angle,-79.1457,43.7985,June,Wednesday
1041602,Vehicle Owner,unknown,,Other,,,,2008,2008-05-18,840,8,LAWSON Rd,MEADOWVALE Rd,2.0,Mid-Block,No Control,Clear,Daylight,Dry,Non-Fatal Injury,Approaching,-79.1624,43.7848,May,Sunday
1041737,Driver,50 to 54,1.0,"Automobile, Station Wagon",,,,2008,2008-05-26,1125,11,1835 YONGE ST,,1.0,Mid-Block,No Control,Clear,Daylight,Dry,Non-Fatal Injury,Approaching,-79.3962,43.6966,May,Monday
1041784,Driver,40 to 44,1.0,Municipal Transit Bus (TTC),,,,2008,2008-05-09,1956,19,ST CLAIR AVE W,BATHURST ST,1.0,Intersection,Traffic Signal,Clear,Daylight,Dry,Non-Fatal Injury,Pedestrian Collisions,-79.4182,43.683,May,Friday
1041835,Vehicle Owner,unknown,,Other,,,,2008,2008-05-23,1244,12,KIPLING AVE,SNARESBROOK DR,1.0,Intersection,Traffic Signal,Clear,Daylight,Dry,Non-Fatal Injury,Pedestrian Collisions,-79.5714,43.7216,May,Friday
1041888,Motorcycle Driver,25 to 29,4.0,Motorcycle,,,,2008,2008-06-06,750,7,EGLINTON AVE W,RICHARDSON AVE,1.0,Intersection,Traffic Signal,Clear,Daylight,Dry,Non-Fatal Injury,Rear End,-79.4714,43.6909,June,Friday
1042071,Vehicle Owner,unknown,,Other,Yes,Yes,,2008,2008-06-08,800,8,MORNINGSIDE AVE,MCLEVIN AVE,1.0,Intersection,Traffic Signal,Clear,Daylight,Dry,Non-Fatal Injury,Rear End,-79.2026,43.8089,June,Sunday
1042100,Driver,30 to 34,4.0,"Automobile, Station Wagon",,,,2008,2008-06-08,2120,21,ALBION RD,MARTIN GROVE RD,1.0,Mid-Block,,Other,Dusk,Other,Non-Fatal Injury,Other,-79.5947,43.742,June,Sunday
1042256,Motorcycle Passenger,20 to 24,5.0,Other,,,,2008,2008-05-24,200,2,SPADINA AVE,CLARENCE SQ W,1.0,Mid-Block,No Control,Clear,Dark,Dry,Non-Fatal Injury,SMV Other,-79.3947,43.6448,May,Saturday
1042268,Driver,25 to 29,1.0,"Automobile, Station Wagon",,,,2008,2008-05-24,1238,12,CHRISTIE ST,LAMBERTLODGE AVE,3.0,Intersection,Stop Sign,Clear,Daylight,Dry,Non-Fatal Injury,Cyclist Collisions,-79.4223,43.6738,May,Saturday
1042286,Driver,60 to 64,1.0,"Automobile, Station Wagon",,,,2008,2008-05-15,1920,19,WOBURN AVE,GREY RD,2.0,Intersection,Stop Sign,Clear,Daylight,Dry,Non-Fatal Injury,Cyclist Collisions,-79.4197,43.7248,May,Thursday
1042295,Driver,75 to 79,4.0,"Automobile, Station Wagon",,Yes,,2008,2008-06-09,1223,12,WARDEN AVE,MANHATTAN DR,1.0,Intersection,Traffic Signal,Clear,Daylight,Dry,Non-Fatal Injury,Angle,-79.2974,43.752,June,Monday
1042297,Passenger,60 to 64,5.0,Other,,,,2008,2008-06-08,1720,17,WESTON Road,FLINDON Road,1.0,Mid-Block,No Control,Clear,Daylight,Dry,Non-Fatal Injury,SMV Other,-79.5373,43.721,June,Sunday
1042389,Motorcycle Driver,20 to 24,3.0,Motorcycle,,,,2008,2008-05-23,2135,21,CENTENNIAL PARK Rd,RATHBURN Rd,3.0,Mid-Block,No Control,Clear,Dark,Dry,Non-Fatal Injury,Turning Movement,-79.5814,43.6507,May,Friday
1042639,Motorcycle Driver,45 to 49,4.0,Motorcycle,Yes,,,2008,2008-05-28,1648,16,MILLWOOD RD,VILLAGE STATION RD,1.0,Intersection,Traffic Signal,Clear,Daylight,Dry,Non-Fatal Injury,Turning Movement,-79.358,43.7018,May,Wednesday
1043009,Driver,50 to 54,5.0,"Automobile, Station Wagon",,Yes,,2008,2008-06-13,1235,12,BROWNS LINE Line,HORNER AVE,1.0,Intersection,Traffic Signal,Clear,Daylight,Dry,Non-Fatal Injury,Angle,-79.5451,43.6016,June,Friday
1043011,Driver,25 to 29,5.0,"Automobile, Station Wagon",,,,2008,2008-06-13,2321,23,DON MILLS RD,HIGHWAY 401 C Boul W,1.0,Mid-Block,No Control,Rain,Dark,Wet,Non-Fatal Injury,Pedestrian Collisions,-79.3465,43.7691,June,Friday
1043101,Driver,75 to 79,4.0,"Automobile, Station Wagon",,,,2008,2008-06-14,1813,18,BATHURST ST,SULTANA AVE,1.0,Intersection,No Control,Clear,Daylight,Dry,Non-Fatal Injury,Pedestrian Collisions,-79.4319,43.7287,June,Saturday
1043273,Vehicle Owner,unknown,,Other,,,,2008,2008-06-11,2010,20,LAKE SHORE BLVD W,LONG BRANCH AVE,1.0,Intersection,Traffic Signal,Clear,Dusk,Dry,Fatal,Pedestrian Collisions,-79.5339,43.5943,June,Wednesday
1043405,Pedestrian,25 to 29,2.0,Other,,,,2008,2008-06-14,5,0,3440 PHARMACY AVE,,3.0,Mid-Block,No Control,Rain,Dark,Wet,Fatal,Pedestrian Collisions,-79.3323,43.8077,June,Saturday
1043639,Pedestrian,35 to 39,4.0,Other,,,,2008,2008-06-16,1355,13,BATHURST ST N,SOUTHBOURNE AVE,1.0,Mid-Block,No Control,Clear,Daylight,Dry,Non-Fatal Injury,Pedestrian Collisions,-79.4343,43.7388,June,Monday
1043747,Pedestrian,85 to 89,2.0,Other,,,,2008,2008-06-18,909,9,SCARLETT RD,BERNICE CRES,3.0,Intersection,Pedestrian Crossover,Clear,Daylight,Dry,Fatal,Pedestrian Collisions,-79.4994,43.6669,June,Wednesday
1044158,Passenger,20 to 24,5.0,Other,Yes,Yes,,2008,2008-06-01,1031,10,EGLINTON AVE E,BELLAMY RD N,1.0,Intersection,Traffic Signal,Clear,Daylight,Dry,Non-Fatal Injury,Pedestrian Collisions,-79.232,43.7402,June,Sunday
1044246,Vehicle Owner,unknown,,Other,,,,2008,2008-06-20,1500,15,PROGRESS AVE,401 C E PROGRESS AV RAMP E,3.0,Mid-Block,Traffic Signal,Clear,Daylight,Dry,Non-Fatal Injury,SMV Other,-79.2609,43.7777,June,Friday
1044477,Driver,40 to 44,1.0,Other,,,,2008,2008-06-01,1150,11,DANFORTH AVE,LINNSMORE CRES,1.0,Intersection,Traffic Signal,Clear,Daylight,Dry,Non-Fatal Injury,Pedestrian Collisions,-79.3297,43.682,June,Sunday
1044518,Driver,unknown,1.0,"Automobile, Station Wagon",,,,2008,2008-06-15,215,2,DUNDAS ST W,RONCESVALLES AVE,3.0,Mid-Block,No Control,Clear,Dark,Dry,Non-Fatal Injury,Cyclist Collisions,-79.4513,43.6536,June,Sunday
1044584,Vehicle Owner,unknown,,Other,,,,2008,2008-06-02,1146,11,72 CORDELLA AVE,,4.0,Mid-Block,No Control,Clear,Daylight,Dry,Non-Fatal Injury,SMV Other,-79.4834,43.6804,June,Monday
1044627,Passenger,50 to 54,4.0,"Automobile, Station Wagon",,,,2008,2008-06-17,1614,16,DOVERCOURT Rd,GEARY Ave,3.0,Intersection,Stop Sign,Clear,Daylight,Dry,Non-Fatal Injury,Angle,-79.4331,43.6707,June,Tuesday
1044659,Driver,70 to 74,1.0,"Automobile, Station Wagon",,,,2008,2008-06-02,1455,14,FINCH AVE E,BAYVIEW AVE,1.0,Intersection,Traffic Signal,Clear,Daylight,Dry,Non-Fatal Injury,Sideswipe,-79.392,43.785,June,Monday
1044675,Driver,40 to 44,1.0,"Automobile, Station Wagon",,,,2008,2008-06-03,1517,15,HILDA AVE,CROSSEN DR,2.0,Mid-Block,No Control,Clear,Daylight,Dry,Non-Fatal Injury,Pedestrian Collisions,-79.4273,43.7932,June,Tuesday
1044781,Vehicle Owner,unknown,,Other,,Yes,,2008,2008-06-04,1355,13,FINCH AVE W,MILVAN DR,1.0,Intersection,Traffic Signal,Clear,Daylight,Dry,Non-Fatal Injury,Angle,-79.5522,43.7499,June,Wednesday
1044815,Vehicle Owner,unknown,,Other,,,,2008,2008-06-24,2226,22,WILSON AVE,JETHRO RD,1.0,Intersection,Traffic Signal,Clear,Dark,Dry,Fatal,Pedestrian Collisions,-79.5183,43.7187,June,Tuesday
1044949,Passenger,35 to 39,1.0,Other,,,,2008,2008-06-25,2040,20,136 NEAMES CRES,,4.0,Mid-Block,No Control,Clear,Daylight,Dry,Non-Fatal Injury,Cyclist Collisions,-79.5125,43.7282,June,Wednesday
1045060,Pedestrian,15 to 19,2.0,,Yes,,,2020,2020-06-07,15,0,KEELE ST,CALVINGTON DR,1.0,Intersection,Traffic Signal,Clear,"Dark, artificial",Dry,Fatal,Pedestrian Collisions,-79.4836,43.7335,June,Sunday
1045157,Driver,15 to 19,1.0,"Automobile, Station Wagon",,,,2008,2008-06-26,815,8,VICTORIA PARK AVE,PEARD RD,1.0,Mid-Block,No Control,Clear,Daylight,Dry,Non-Fatal Injury,Pedestrian Collisions,-79.2967,43.7106,June,Thursday
1045205,Driver,50 to 54,4.0,"Automobile, Station Wagon",,,,2008,2008-05-20,1840,18,ST CLAIR AVE W,VAUGHAN RD,1.0,Intersection,Traffic Signal,Clear,Daylight,Dry,Non-Fatal Injury,Rear End,-79.4201,43.6827,May,Tuesday
1045221,Vehicle Owner,unknown,,Other,Yes,,Yes,2008,2008-06-27,53,0,FLEET ST,STADIUM RD,1.0,Intersection,No Control,Clear,Dark,Dry,Fatal,Approaching,-79.4018,43.636,June,Friday
1045558,Passenger,20 to 24,3.0,Other,,,Yes,2008,2008-06-30,120,1,F G GARDINER XY  W,ISLINGTON AVE,,Mid-Block,No Control,Clear,Dark,Dry,Non-Fatal Injury,SMV Other,-79.5097,43.6211,June,Monday
1045598,Motorcycle Driver,30 to 34,4.0,Motorcycle,,,,2008,2008-06-05,1220,12,WESTON RD,WESTON ALBION RD RAMP RD,1.0,Intersection,No Control,Clear,Daylight,Dry,Non-Fatal Injury,Sideswipe,-79.5377,43.718,June,Thursday
1045692,Vehicle Owner,unknown,,Other,,Yes,,2008,2008-06-30,1733,17,YORK MILLS RD,FENN AVE,1.0,Intersection,Traffic Signal,Clear,Daylight,Dry,Non-Fatal Injury,Pedestrian Collisions,-79.3889,43.747,June,Monday
1045776,Driver,20 to 24,1.0,"Automobile, Station Wagon",,,,2008,2008-05-25,1215,12,2300 LAKE SHORE BLVD W,,1.0,Mid-Block,No Control,Clear,Daylight,Dry,Non-Fatal Injury,Cyclist Collisions,-79.4866,43.6185,May,Sunday
1045778,Passenger,40 to 44,1.0,Other,,,,2008,2008-05-26,1410,14,KING ST W,YORK ST,1.0,Mid-Block,No Control,Clear,Daylight,Dry,Non-Fatal Injury,Cyclist Collisions,-79.3817,43.6483,May,Monday
1046342,Passenger,55 to 59,5.0,Other,,,,2008,2008-06-11,550,5,DUNDAS ST W,BAY ST,1.0,Intersection,Traffic Signal,Clear,Daylight,Dry,Non-Fatal Injury,Other,-79.3837,43.6557,June,Wednesday
1046409,Motorcycle Driver,35 to 39,4.0,Motorcycle,Yes,,,2008,2008-06-24,1838,18,F G GARDINER XY  W,LAKE SHORE BLVD E,1.0,Entrance Ramp Westbound,No Control,Clear,Daylight,Dry,Non-Fatal Injury,Sideswipe,-79.3414,43.6533,June,Tuesday
1046411,Driver,50 to 54,1.0,"Automobile, Station Wagon",,,,2008,2008-07-04,1750,17,EGLINTON AVE W,GABIAN WAY,1.0,Mid-Block,No Control,Clear,Daylight,Dry,Non-Fatal Injury,Pedestrian Collisions,-79.4657,43.6918,July,Friday
1046412,Driver,25 to 29,3.0,"Automobile, Station Wagon",,,,2008,2008-07-04,1345,13,EGLINTON AVE E,BARBADOS BLVD,1.0,Mid-Block,No Control,Clear,Daylight,Dry,Fatal,Approaching,-79.2423,43.7379,July,Friday
1046554,Pedestrian,15 to 19,4.0,Other,,,,2008,2008-07-06,552,5,633 SILVER STAR BLVD,,2.0,Mid-Block,No Control,Clear,Daylight,Dry,Non-Fatal Injury,Pedestrian Collisions,-79.2987,43.8212,July,Sunday
1046603,Driver,35 to 39,1.0,"Automobile, Station Wagon",,,,2008,2008-06-12,945,9,AVENUE Road,BLOOR Stre W,1.0,Intersection,Traffic Signal,Clear,Daylight,Dry,Non-Fatal Injury,Cyclist Collisions,-79.394,43.6687,June,Thursday
1046604,Driver,60 to 64,1.0,"Automobile, Station Wagon",,,,2008,2008-06-12,902,9,ST CLAIR AVE W,RUSSELL HILL RD,1.0,Intersection,Police Control,Clear,Daylight,Dry,Non-Fatal Injury,Pedestrian Collisions,-79.4078,43.6853,June,Thursday
1046692,Motorcycle Driver,25 to 29,4.0,Motorcycle,,,,2008,2008-06-12,2236,22,ROSE VALLEY CRES,WOODGATE DR,4.0,Mid-Block,No Control,Clear,Dark,Dry,Non-Fatal Injury,Other,-79.5022,43.6766,June,Thursday
1047021,Driver,40 to 44,1.0,"Automobile, Station Wagon",,,,2008,2008-06-14,1340,13,DUFFERIN Stre,SYLVAN Aven,1.0,Mid-Block,No Control,Clear,Daylight,Dry,Non-Fatal Injury,Cyclist Collisions,-79.4334,43.655,June,Saturday
1047045,Driver,25 to 29,3.0,"Automobile, Station Wagon",,,,2008,2008-06-15,1840,18,REXDALE BLVD,KIPLING AVE,1.0,Intersection,Traffic Signal,Rain,Dark,Wet,Non-Fatal Injury,SMV Other,-79.5666,43.7117,June,Sunday
1047170,Vehicle Owner,unknown,,Other,,,,2008,2008-05-28,2310,23,LAWRENCE AVE W,LAWRENCE W ALLEN X S RAMP,1.0,Intersection,Traffic Signal,Clear,Dark,Dry,Non-Fatal Injury,Turning Movement,-79.4449,43.7159,May,Wednesday
1047294,Vehicle Owner,unknown,,Other,,,,2008,2008-06-17,1540,15,130 THE QUEENSWAY,,1.0,Mid-Block,No Control,Clear,Daylight,Dry,Non-Fatal Injury,Pedestrian Collisions,-79.4818,43.6308,June,Tuesday
1047410,Vehicle Owner,unknown,,Other,,,,2008,2008-07-10,1348,13,DON VALLEY PARKWAY  N,GERRARD ST E,,Mid-Block,No Control,Clear,Daylight,Dry,Non-Fatal Injury,Pedestrian Collisions,-79.357,43.6691,July,Thursday
1047657,Driver,25 to 29,2.0,"Automobile, Station Wagon",Yes,,,2008,2008-07-12,38,0,688 SCARLETT RD,,1.0,Intersection,No Control,Clear,Dark,Dry,Fatal,SMV Other,-79.5194,43.6947,July,Saturday
1047683,Pedestrian,85 to 89,2.0,Other,,,,2008,2008-07-13,2018,20,19 LYNDHURST CRT,,4.0,Mid-Block,No Control,Clear,Dusk,Dry,Fatal,Pedestrian Collisions,-79.4121,43.6776,July,Sunday
1047910,Passenger,0 to 4,1.0,Other,Yes,,,2008,2008-07-14,1337,13,DANFORTH AVE,COXWELL AVE,1.0,Intersection,Traffic Signal,Clear,Daylight,Dry,Fatal,Pedestrian Collisions,-79.3235,43.6833,July,Monday
1047968,Vehicle Owner,unknown,,Other,Yes,,,2008,2008-07-11,2155,21,STEELES AVE W,HIDDEN TRL,1.0,Mid-Block,No Control,Clear,Dark,Dry,Fatal,Approaching,-79.4639,43.7884,July,Friday
1047995,Vehicle Owner,unknown,,Other,,,,2008,2008-06-13,1400,14,COLLEGE St,CRAWFORD St,1.0,Intersection,No Control,Clear,Daylight,Dry,Non-Fatal Injury,Cyclist Collisions,-79.4189,43.6551,June,Friday
1048237,Vehicle Owner,unknown,,Other,,,,2008,2008-06-22,1805,18,WESTON Road,WALSH Aven,1.0,Intersection,Traffic Signal,Clear,Daylight,Dry,Non-Fatal Injury,Cyclist Collisions,-79.5372,43.717,June,Sunday
1048242,Pedestrian,20 to 24,4.0,Other,,,,2008,2008-06-23,950,9,SPADINA Aven,HARBORD Stre,1.0,Intersection,Traffic Signal,Clear,Daylight,Dry,Non-Fatal Injury,Pedestrian Collisions,-79.402,43.663,June,Monday
1048465,Driver,65 to 69,4.0,"Automobile, Station Wagon",,Yes,,2008,2008-07-16,1655,16,YONGE Stre,KEMPFORD Boul,1.0,Intersection,Traffic Signal,Clear,Daylight,Dry,Non-Fatal Injury,Rear End,-79.4148,43.7769,July,Wednesday
1048611,Vehicle Owner,unknown,,Other,,,,2008,2008-06-25,730,7,MORNINGSIDE AVE,KINGSTON RD,1.0,Intersection,Traffic Signal,Clear,Daylight,Dry,Non-Fatal Injury,Pedestrian Collisions,-79.1868,43.7706,June,Wednesday
1048845,Vehicle Owner,unknown,,Other,,,,2008,2008-06-28,1601,16,COLLEGE ST,SPADINA AVE,1.0,Mid-Block,No Control,Clear,Daylight,Dry,Non-Fatal Injury,Pedestrian Collisions,-79.3994,43.658,June,Saturday
1049080,Passenger,25 to 29,1.0,Other,,,,2008,2008-07-20,300,3,WESTON RD,ROGERS RD,1.0,Intersection,Traffic Signal,Rain,Dark,Wet,Non-Fatal Injury,Turning Movement,-79.4767,43.6816,July,Sunday
1049124,Passenger,20 to 24,3.0,Other,,,,2008,2008-07-21,305,3,STEELES AVE E,YONGE ST,1.0,Intersection,Traffic Signal,Clear,Dark,Dry,Fatal,Pedestrian Collisions,-79.42,43.7979,July,Monday
1049415,Driver,30 to 34,1.0,"Automobile, Station Wagon",,,,2008,2008-06-12,853,8,KING Stre W,BATHURST Stre,1.0,Intersection,Traffic Signal,Clear,Daylight,Dry,Non-Fatal Injury,Cyclist Collisions,-79.4026,43.6439,June,Thursday
1049419,Driver,45 to 49,1.0,"Automobile, Station Wagon",,,,2008,2008-06-30,1040,10,DUNDAS ST W,LANSDOWNE AVE,3.0,Mid-Block,No Control,Clear,Daylight,Dry,Non-Fatal Injury,Cyclist Collisions,-79.4392,43.6501,June,Monday
1049787,Driver,45 to 49,3.0,"Automobile, Station Wagon",,,,2008,2008-07-04,1302,13,BRIMLEY RD,DEERFIELD RD,1.0,Intersection,Traffic Signal,Clear,Daylight,Dry,Non-Fatal Injury,Turning Movement,-79.2519,43.7454,July,Friday
1050109,Motorcycle Driver,35 to 39,4.0,Motorcycle,Yes,,,2008,2008-07-25,1133,11,F G GARDINER Expr E,DOWLING Aven,1.0,Mid-Block,No Control,Clear,Daylight,Dry,Non-Fatal Injury,SMV Other,-79.4371,43.6339,July,Friday
1050384,Driver,20 to 24,4.0,"Automobile, Station Wagon",,,,2008,2008-07-07,437,4,DIXON Rd,ROYAL YORK Rd,1.0,Intersection,Traffic Signal,Clear,Dark,Dry,Non-Fatal Injury,SMV Other,-79.5342,43.6998,July,Monday
1050426,Pedestrian,75 to 79,4.0,Other,,,,2008,2008-07-28,1407,14,COSBURN AVE,LOGAN AVE,3.0,Mid-Block,No Control,Clear,Daylight,Dry,Non-Fatal Injury,Pedestrian Collisions,-79.3508,43.689,July,Monday
1050560,Vehicle Owner,unknown,,Other,,,,2008,2008-07-29,708,7,BEVERLY HILLS Driv,JANE Stre,1.0,Intersection,Traffic Signal,Clear,Daylight,Dry,Non-Fatal Injury,Pedestrian Collisions,-79.5081,43.719,July,Tuesday
1050562,Vehicle Owner,unknown,,Other,,,,2008,2008-07-29,1235,12,KELSONIA AVE,SCARBORO CRES,4.0,Mid-Block,No Control,Clear,Daylight,Dry,Non-Fatal Injury,Pedestrian Collisions,-79.2463,43.7115,July,Tuesday
1050893,Driver,30 to 34,1.0,"Automobile, Station Wagon",,,,2008,2008-07-13,1220,12,BLOOR Stre W,KEELE Stre,1.0,Mid-Block,No Control,Clear,Daylight,Dry,Non-Fatal Injury,Cyclist Collisions,-79.4594,43.6548,July,Sunday
1051130,Vehicle Owner,unknown,,Other,,Yes,Yes,2008,2008-07-31,2245,22,LOWER JARVIS ST,THE ESPLANADE,1.0,Intersection,Traffic Signal,Clear,Dark,Dry,Non-Fatal Injury,Cyclist Collisions,-79.3708,43.6482,July,Thursday
1051168,Driver,unknown,1.0,"Automobile, Station Wagon",,,,2008,2008-07-22,2330,23,BLOOR ST W,BATHURST ST,1.0,Intersection,Traffic Signal,Rain,Dark,Wet,Non-Fatal Injury,Pedestrian Collisions,-79.4111,43.6651,July,Tuesday
1051188,Driver,20 to 24,3.0,"Automobile, Station Wagon",,Yes,,2008,2008-07-15,2000,20,JANE ST,TRETHEWEY DR,1.0,Intersection,Traffic Signal,Clear,Daylight,Dry,Non-Fatal Injury,Turning Movement,-79.5023,43.6975,July,Tuesday
1051205,Driver,25 to 29,1.0,"Automobile, Station Wagon",,,,2008,2008-07-15,1935,19,DON MILLS RD,GEORGE HENRY BLVD,1.0,Intersection,Stop Sign,Clear,Dusk,Dry,Non-Fatal Injury,Pedestrian Collisions,-79.3464,43.7734,July,Tuesday
1051391,Driver,15 to 19,1.0,"Automobile, Station Wagon",Yes,,Yes,2008,2008-08-01,2110,21,KINGSTON RD,ORCHARD PARK DR,1.0,Intersection,Stop Sign,Clear,Dark,Dry,Non-Fatal Injury,Pedestrian Collisions,-79.1792,43.7746,August,Friday
1051990,Driver,65 to 69,1.0,"Automobile, Station Wagon",,,,2008,2008-06-25,1820,18,AVENUE RD,POPLAR PLAINS CRES,1.0,Intersection,No Control,Clear,Daylight,Dry,Non-Fatal Injury,Cyclist Collisions,-79.399,43.6807,June,Wednesday
1052382,Pedestrian,80 to 84,2.0,Other,,,,2008,2008-08-09,1035,10,BALLIOL ST,MOUNT PLEASANT RD,1.0,Intersection,Stop Sign,Clear,Daylight,Dry,Fatal,Pedestrian Collisions,-79.3866,43.6992,August,Saturday
1052462,Driver,45 to 49,5.0,"Automobile, Station Wagon",Yes,,,2020,2020-06-08,830,8,LAWRENCE AVE W,RENFIELD ST,1.0,Intersection,Stop Sign,Clear,Daylight,Dry,Non-Fatal Injury,Turning Movement,-79.4987,43.7038,June,Monday
1052487,Driver,55 to 59,4.0,"Automobile, Station Wagon",Yes,,,2008,2008-07-16,1110,11,WARDEN AVE,CASS AVE,1.0,Intersection,Stop Sign,Clear,Daylight,Dry,Non-Fatal Injury,Turning Movement,-79.3065,43.7759,July,Wednesday
1052609,Driver,30 to 34,1.0,"Automobile, Station Wagon",,,,2008,2008-07-03,1155,11,KEELE St,ST REGIS Cres,1.0,Intersection,Traffic Signal,Clear,Daylight,Dry,Non-Fatal Injury,Rear End,-79.4887,43.7545,July,Thursday
1052679,Vehicle Owner,unknown,1.0,Other,,,,2008,2008-08-07,316,3,ST CLARENS Aven,BLOOR Stre W,1.0,,Stop Sign,Clear,Dark,Dry,Non-Fatal Injury,SMV Other,-79.4416,43.6585,August,Thursday
1052865,Driver,40 to 44,1.0,"Automobile, Station Wagon",,,,2008,2008-07-18,751,7,RICHMOND ST W,DUNCAN ST,1.0,Mid-Block,No Control,Clear,Daylight,Dry,Non-Fatal Injury,Turning Movement,-79.3879,43.6497,July,Friday
1052983,Driver,30 to 34,1.0,"Automobile, Station Wagon",,,,2008,2008-07-18,800,8,RIVERDALE Ave,PAPE Ave,4.0,Mid-Block,No Control,Clear,Daylight,Dry,Non-Fatal Injury,Cyclist Collisions,-79.3411,43.6713,July,Friday
1053153,Other,unknown,,Other,,,,2008,2008-08-14,1659,16,AMHERST AVE,GLENHOLME AVE,4.0,Mid-Block,No Control,Clear,Daylight,Dry,Non-Fatal Injury,Pedestrian Collisions,-79.4409,43.6912,August,Thursday
1053246,Motorcycle Driver,45 to 49,4.0,Motorcycle,,,Yes,2008,2008-07-19,1744,17,BATHURST ST,DUNDAS ST W,1.0,Intersection,Traffic Signal,Clear,Daylight,Dry,Non-Fatal Injury,Turning Movement,-79.4059,43.6523,July,Saturday
1053428,Vehicle Owner,unknown,,Other,,,,2008,2008-08-15,1831,18,HORSHAM AVE,YONGE ST,1.0,Intersection,No Control,Clear,Daylight,Wet,Non-Fatal Injury,Pedestrian Collisions,-79.4143,43.7751,August,Friday
1053515,Other Property Owner,unknown,,Other,,,,2008,2008-08-15,700,7,EGLINTON AVE W,AVENUE RD,1.0,Intersection,No Control,Clear,Daylight,Dry,Non-Fatal Injury,Rear End,-79.4082,43.7046,August,Friday
1053634,Driver,80 to 84,4.0,"Automobile, Station Wagon",Yes,,,2008,2008-08-18,250,2,SCARLETT RD,ST CLAIR AVE W,1.0,Intersection,Traffic Signal,Clear,Dark,Dry,Non-Fatal Injury,SMV Other,-79.4992,43.666,August,Monday
1053672,Driver,65 to 69,1.0,"Automobile, Station Wagon",,,,2008,2008-08-17,2125,21,WARDEN Aven,FINCH Aven E,1.0,Mid-Block,No Control,Clear,Dark,Dry,Fatal,Pedestrian Collisions,-79.3161,43.7978,August,Sunday
1053740,Cyclist,40 to 44,4.0,Bicycle,,,,2008,2008-08-06,2210,22,ANCONA ST,FINCH AVE W,1.0,Intersection,Stop Sign,Clear,Dark,Dry,Non-Fatal Injury,Cyclist Collisions,-79.4387,43.7745,August,Wednesday
1053809,Driver,30 to 34,1.0,"Automobile, Station Wagon",,,,2008,2008-07-20,320,3,4982 YONGE ST,,1.0,Mid-Block,No Control,Rain,Dark,Wet,Non-Fatal Injury,Pedestrian Collisions,-79.412,43.7659,July,Sunday
1053906,Driver,unknown,1.0,"Automobile, Station Wagon",,,,2008,2008-08-14,2045,20,ST CLAIR Aven W,FORD Stre,1.0,Intersection,No Control,Clear,Dark,Dry,Non-Fatal Injury,Sideswipe,-79.4624,43.6736,August,Thursday