ACCNUM,INVTYPE,INVAGE,INJURY_ID,VEHTYPE,SPEEDING,REDLIGHT,ALCOHOL,YEAR,DATE,TIME,HOUR,STREET1,STREET2,ROAD_CLASS_ID,LOCCOORD,TRAFFCTL,VISIBILITY,LIGHT,RDSFCOND,ACCLASS,IMPACTYPE,Longitude,Latitude,Month,Day_of_Week
1088989,Driver,20 to 24,3.0,"Automobile, Station Wagon",,,Yes,2009,2009-02-13,125,1,423 BRIMORTON DR,,2.0,Mid-Block,No Control,Clear,Dark,Dry,Fatal,SMV Other,-79.2376,43.7689,February,Friday
1089504,Driver,55 to 59,1.0,"Automobile, Station Wagon",,,,2009,2009-02-16,1621,16,HOVE St,SHEPPARD Ave W,4.0,Mid-Block,No Control,Clear,Daylight,Dry,Non-Fatal Injury,Pedestrian Collisions,-79.4414,43.7552,February,Monday
1089526,Pedestrian,50 to 54,4.0,Other,,,,2009,2009-02-17,613,6,MCNICOLL Aven,MIDLAND Aven,1.0,Intersection,Traffic Controller,Clear,Dark,Dry,Non-Fatal Injury,Pedestrian Collisions,-79.2921,43.8146,February,Tuesday
1089527,Driver,55 to 59,1.0,"Automobile, Station Wagon",,,,2009,2009-02-17,613,6,MCNICOLL AVE,MIDLAND AVE,1.0,Intersection,Traffic Signal,Clear,Dark,Dry,Non-Fatal Injury,Pedestrian Collisions,-79.2921,43.8145,February,Tuesday
1089553,Driver,80 to 84,1.0,"Automobile, Station Wagon",,,,2009,2009-01-13,938,9,LAWRENCE Aven E,MOSSBANK Driv,1.0,Mid-Block,No Control,Snow,Daylight,Loose Snow,Non-Fatal Injury,Pedestrian Collisions,-79.2116,43.7626,January,Tuesday
1090371,Driver,80 to 84,4.0,"Automobile, Station Wagon",,,,2009,2009-02-21,1105,11,BROADWAY Aven,MOUNT PLEASANT Road,1.0,Intersection,Traffic Signal,Clear,Daylight,Dry,Non-Fatal Injury,SMV Other,-79.3911,43.7111,February,Saturday
1090380,Driver,50 to 54,1.0,"Automobile, Station Wagon",,,,2009,2009-02-17,955,9,DON MILLS RD,OVERLEA BLVD,1.0,Mid-Block,No Control,Clear,Daylight,Dry,Non-Fatal Injury,Other,-79.3341,43.7094,February,Tuesday
1090381,Driver,85 to 89,4.0,"Automobile, Station Wagon",,,,2009,2009-02-21,2001,20,YORK MILLS RD,DON MILLS RD,1.0,Intersection,Traffic Signal,Snow,Dark,Loose Snow,Non-Fatal Injury,Approaching,-79.3469,43.7558,February,Saturday
1090599,Passenger,30 to 34,5.0,Other,,,,2009,2009-01-20,1320,13,LAKE SHORE Boul E,LOWER SHERBOURNE Stre,1.0,Intersection,Traffic Signal,Clear,Daylight,Wet,Non-Fatal Injury,Sideswipe,-79.366,43.6462,January,Tuesday
1090810,Vehicle Owner,unknown,,Other,,,,2009,2009-02-23,1635,16,F G GARDINER XY  E,YONGE ST,1.0,Mid-Block,No Control,Clear,Daylight,Dry,Non-Fatal Injury,Rear End,-79.3746,43.6446,February,Monday
1090872,Vehicle Owner,unknown,,Other,,Yes,,2009,2009-01-18,1528,15,DUFFERIN ST,WINGOLD AVE,1.0,Intersection,Traffic Signal,Snow,Daylight,Slush,Non-Fatal Injury,Angle,-79.4524,43.7038,January,Sunday
1091289,Driver,60 to 64,1.0,"Automobile, Station Wagon",,,,2009,2009-02-25,1930,19,HUMBER COLLEGE Boul,WINDWOOD Driv,3.0,Mid-Block,Pedestrian Crossover,Rain,Dark,Wet,Non-Fatal Injury,Pedestrian Collisions,-79.6066,43.7307,February,Wednesday
1092227,Vehicle Owner,unknown,,Other,,,,2009,2009-01-31,1700,17,BLACK CREEK DR,EGLINTON AVE W,1.0,Intersection,Traffic Signal,Clear,Dusk,Dry,Non-Fatal Injury,Rear End,-79.4828,43.6883,January,Saturday
1092352,Vehicle Owner,unknown,,Other,,,,2009,2009-03-03,1042,10,RELMAR RD,LONSDALE RD,4.0,Intersection,Stop Sign,Clear,Daylight,Dry,Non-Fatal Injury,Pedestrian Collisions,-79.4138,43.6883,March,Tuesday
1092623,Driver,35 to 39,1.0,"Automobile, Station Wagon",,,,2009,2009-03-04,804,8,NEILSON Rd,MCLEVIN Ave,3.0,Mid-Block,No Control,Clear,Daylight,Dry,Non-Fatal Injury,Pedestrian Collisions,-79.2206,43.8086,March,Wednesday
1092716,Vehicle Owner,unknown,,Other,,,,2009,2009-01-28,1352,13,GERRARD St E,YONGE St,1.0,Intersection,No Control,Snow,Daylight,Packed Snow,Non-Fatal Injury,Rear End,-79.382,43.659,January,Wednesday
1092784,Driver,50 to 54,1.0,"Automobile, Station Wagon",,,,2009,2009-02-02,930,9,GREENWOOD Aven,DUNDAS Stre E,3.0,Intersection,Traffic Signal,Clear,Daylight,Dry,Non-Fatal Injury,Pedestrian Collisions,-79.3265,43.6675,February,Monday
1092795,Vehicle Owner,unknown,,Other,,,,2009,2009-02-02,1345,13,3372 KEELE ST,,1.0,Mid-Block,No Control,Clear,Daylight,Dry,Non-Fatal Injury,Turning Movement,-79.487,43.7475,February,Monday
1092879,Vehicle Owner,unknown,,Other,,,,2009,2009-02-05,905,9,YORK MILLS RD,HARRISON RD,1.0,Intersection,Traffic Signal,Clear,Daylight,Dry,Non-Fatal Injury,Pedestrian Collisions,-79.3787,43.7497,February,Thursday
1092885,Driver,50 to 54,3.0,"Automobile, Station Wagon",,,,2009,2009-03-04,2141,21,MAIN Stre,DANFORTH Aven,1.0,,,Other,Dark,Other,Non-Fatal Injury,Other,-79.3017,43.6881,March,Wednesday
1092886,Passenger,unknown,3.0,Other,,,,2009,2009-03-04,2141,21,DANFORTH Aven,MAIN Stre,1.0,,,Other,Dark,Other,Non-Fatal Injury,Other,-79.3017,43.6881,March,Wednesday
1093141,Vehicle Owner,unknown,,Other,,,,2009,2009-03-07,440,4,WILLIAM R ALLEN RD,TRANSIT RD,1.0,Intersection,Traffic Signal,Clear,Dark,Wet,Fatal,SMV Other,-79.4542,43.7418,March,Saturday
1093202,Driver,50 to 54,4.0,"Automobile, Station Wagon",,,Yes,2009,2009-03-08,12,0,BROWNS LINE Line,HORNER AVE,1.0,Intersection,Traffic Signal,Rain,Dark,Wet,Non-Fatal Injury,Rear End,-79.5451,43.6016,March,Sunday
1093203,Other,unknown,1.0,Other,Yes,,Yes,2009,2009-03-08,350,3,HILL CRES,HEATHFIELD DR,2.0,Intersection,No Control,Rain,Dark,Wet,Fatal,SMV Other,-79.2105,43.7378,March,Sunday
1093205,Vehicle Owner,unknown,,Other,,,,2009,2009-03-07,420,4,F G GARDINER XY Expr W,PARKSIDE DR,,Mid-Block,No Control,Clear,Dark,Dry,Non-Fatal Injury,Rear End,-79.4423,43.6363,March,Saturday
1093260,Driver,50 to 54,1.0,"Automobile, Station Wagon",,,,2009,2009-02-08,1856,18,DUNDAS ST W,BERESFORD AVE,1.0,Mid-Block,No Control,Clear,Dark,Dry,Non-Fatal Injury,Cyclist Collisions,-79.4828,43.6655,February,Sunday
1093334,Wheelchair,40 to 44,4.0,Other,,,,2009,2009-02-19,1945,19,WESTON RD,CLOUSTON AVE,3.0,Intersection,Pedestrian Crossover,Clear,Dark,Dry,Non-Fatal Injury,Pedestrian Collisions,-79.5063,43.6947,February,Thursday
1093819,Vehicle Owner,unknown,,Other,,,,2009,2009-03-11,652,6,STEELES AVE W,PINE VALLEY  DR,1.0,Intersection,Traffic Signal,Rain,Dark,Wet,Fatal,Pedestrian Collisions,-79.5647,43.7665,March,Wednesday
1093852,Driver,35 to 39,4.0,"Automobile, Station Wagon",,,,2009,2009-02-12,1444,14,DUFFERIN ST,BANK ST,3.0,Intersection,No Control,Clear,Daylight,Dry,Non-Fatal Injury,Approaching,-79.4306,43.6477,February,Thursday
1093891,Driver,unknown,4.0,Other,,,,2009,2009-02-12,1,0,MIDDLEFIELD Road,PASSMORE Aven,3.0,Intersection,No Control,Rain,Dark,Wet,Non-Fatal Injury,SMV Other,-79.2651,43.8273,February,Thursday
1094001,Driver,30 to 34,1.0,"Automobile, Station Wagon",,,,2009,2009-02-13,1725,17,YONGE ST,HARLANDALE AVE W,1.0,Intersection,No Control,Clear,Daylight,Dry,Non-Fatal Injury,Pedestrian Collisions,-79.4111,43.7623,February,Friday
1094026,Vehicle Owner,unknown,,Other,,,,2009,2009-03-11,828,8,LESMILL Road,DUNCAN MILL Road,2.0,Intersection,No Control,Clear,Daylight,Dry,Non-Fatal Injury,Pedestrian Collisions,-79.3584,43.7606,March,Wednesday
1094123,Driver,80 to 84,1.0,"Automobile, Station Wagon",,,,2009,2009-03-12,1535,15,FIRGROVE CRES,NEEDLE FIRWAY,4.0,Mid-Block,No Control,Clear,Daylight,Dry,Non-Fatal Injury,Pedestrian Collisions,-79.5185,43.7537,March,Thursday
1094299,Pedestrian,85 to 89,2.0,Other,,,,2009,2009-03-13,914,9,GERRARD ST E,DE GRASSI ST,3.0,Intersection,Pedestrian Crossover,Other,Daylight,Other,Fatal,Pedestrian Collisions,-79.3484,43.6663,March,Friday
1094623,Driver,55 to 59,1.0,"Automobile, Station Wagon",,,,2009,2009-01-19,1805,18,EGLINTON AVE E,RUMSEY RD,1.0,Intersection,Traffic Signal,Snow,Dark,Ice,Non-Fatal Injury,Turning Movement,-79.3696,43.7125,January,Monday
1094875,Driver,20 to 24,5.0,"Automobile, Station Wagon",,,,2009,2009-01-26,17,0,LAKE SHORE Boul E,CARLAW Aven,1.0,Intersection,Traffic Signal,Clear,Dark,Dry,Non-Fatal Injury,Turning Movement,-79.3373,43.6549,January,Monday
1095072,Driver,35 to 39,1.0,"Automobile, Station Wagon",,,Yes,2009,2009-02-21,255,2,STADACONA DR,WILSON AVE,1.0,Intersection,Stop Sign,Clear,Dark,Wet,Non-Fatal Injury,Pedestrian Collisions,-79.4366,43.7368,February,Saturday
1095081,Pedestrian,40 to 44,4.0,Other,,,,2009,2009-02-17,1438,14,VICTORIA PARK AVE,MUSGRAVE ST,1.0,Intersection,Traffic Signal,Clear,Daylight,Dry,Non-Fatal Injury,Pedestrian Collisions,-79.2869,43.6879,February,Tuesday
1095383,Vehicle Owner,unknown,,Other,,,,2009,2009-02-23,1925,19,KING ST W,BAY ST,1.0,Intersection,Traffic Signal,Clear,"Dark, artificial",Dry,Non-Fatal Injury,Pedestrian Collisions,-79.3802,43.6486,February,Monday
1095466,Passenger,45 to 49,4.0,Other,,,,2009,2009-02-26,730,7,KENNEDY RD,401 C W KENNEDY S RAMP RD,1.0,Intersection,Traffic Signal,Clear,Daylight,Dry,Non-Fatal Injury,Angle,-79.2851,43.7763,February,Thursday
1095501,Driver,30 to 34,1.0,"Automobile, Station Wagon",,,,2009,2009-03-20,852,8,LAWRENCE AVE W,GOOD SHEPHERD CRT,1.0,Mid-Block,No Control,Clear,Daylight,Other,Non-Fatal Injury,Pedestrian Collisions,-79.4561,43.7137,March,Friday
1095631,Driver,80 to 84,1.0,"Automobile, Station Wagon",,,,2009,2009-03-21,2100,21,REXDALE BLVD,QUEENS PLATE DR,1.0,Mid-Block,No Control,Clear,Dark,Dry,Non-Fatal Injury,Pedestrian Collisions,-79.6034,43.7191,March,Saturday
1095732,Driver,40 to 44,1.0,"Automobile, Station Wagon",,,,2009,2009-03-19,2320,23,KINGSTON Road,MIDLAND Aven,1.0,Intersection,Traffic Signal,Clear,Dark,Dry,Non-Fatal Injury,Pedestrian Collisions,-79.2481,43.7111,March,Thursday
1095752,Driver,35 to 39,1.0,"Automobile, Station Wagon",,,,2009,2009-02-26,2319,23,QUEEN ST E,LESLIE ST,3.0,Intersection,Traffic Signal,Clear,Dark,Dry,Non-Fatal Injury,Pedestrian Collisions,-79.3301,43.6632,February,Thursday
1096124,Driver,45 to 49,1.0,"Automobile, Station Wagon",,,,2009,2009-03-02,1628,16,130 DORIS Ave,,3.0,Intersection,Pedestrian Crossover,Clear,Daylight,Dry,Non-Fatal Injury,Pedestrian Collisions,-79.4091,43.7657,March,Monday
1096330,Vehicle Owner,unknown,,Other,,,,2009,2009-03-25,2128,21,FRONT ST W,BLUE JAYS WAY,3.0,Intersection,Traffic Signal,Rain,Dark,Wet,Fatal,Pedestrian Collisions,-79.3912,43.6434,March,Wednesday
1096493,Driver,30 to 34,1.0,"Automobile, Station Wagon",,,,2009,2009-03-07,1318,13,ROGERS RD,NORTHCLIFFE BLVD,3.0,Mid-Block,No Control,Rain,Daylight,Wet,Non-Fatal Injury,Pedestrian Collisions,-79.4432,43.6861,March,Saturday
1096633,Driver,unknown,1.0,"Automobile, Station Wagon",,,,2009,2009-03-27,2337,23,1749 JANE ST,,1.0,Mid-Block,No Control,Clear,Dark,Dry,Non-Fatal Injury,Pedestrian Collisions,-79.5042,43.7047,March,Friday
1097106,Driver,50 to 54,1.0,"Automobile, Station Wagon",,,,2009,2009-03-10,1156,11,GERRARD St E,CARLAW Ave,3.0,Mid-Block,No Control,Clear,Daylight,Dry,Non-Fatal Injury,Cyclist Collisions,-79.3433,43.6674,March,Tuesday
1097142,Driver,15 to 19,1.0,"Automobile, Station Wagon",,,,2009,2009-03-10,2051,20,SHEPPARD Aven E,PROGRESS Aven,1.0,Intersection,Traffic Signal,Rain,Dark,Wet,Non-Fatal Injury,Pedestrian Collisions,-79.2348,43.7946,March,Tuesday
1097174,Pedestrian,40 to 44,4.0,Other,,,,2009,2009-03-11,2128,21,DUNDAS ST W,BLOOR ST W,1.0,Intersection,No Control,Clear,Dark,Dry,Non-Fatal Injury,Pedestrian Collisions,-79.4524,43.6563,March,Wednesday
1097433,Vehicle Owner,unknown,,Other,,,,2009,2009-04-02,1143,11,VICTORIA PARK AVE,FARM GREENWAY,1.0,Mid-Block,No Control,Clear,Daylight,Dry,Non-Fatal Injury,SMV Other,-79.3178,43.7638,April,Thursday
1097606,Vehicle Owner,unknown,,Other,Yes,,,2009,2009-03-03,1850,18,SHEPPARD AVE E,GLEN WATFORD DR,1.0,Mid-Block,No Control,Clear,Dawn,Dry,Non-Fatal Injury,Rear End,-79.2729,43.7866,March,Tuesday
1097622,Vehicle Owner,unknown,,Other,,,,2009,2009-03-13,500,5,ATTWELL DR,CARLSON CRT,2.0,Intersection,Stop Sign,Clear,Dark,Dry,Non-Fatal Injury,Turning Movement,-79.5872,43.6895,March,Friday
1097712,Pedestrian,25 to 29,2.0,Other,,,Yes,2009,2009-04-04,228,2,LIPPINCOTT ST,BLOOR ST W,1.0,Intersection,No Control,Rain,Dark,Wet,Fatal,Pedestrian Collisions,-79.4099,43.6653,April,Saturday
1097979,Driver,15 to 19,1.0,"Automobile, Station Wagon",,,,2009,2009-04-01,1245,12,10 MARTHA EATON WAY,MARTHA EATON Way,5.0,Mid-Block,No Control,Clear,Daylight,Dry,Non-Fatal Injury,Rear End,-79.4897,43.6966,April,Wednesday
1098055,Driver,50 to 54,1.0,"Automobile, Station Wagon",,,,2009,2009-03-14,1707,17,BAY ST,WELLINGTON ST W,1.0,Mid-Block,No Control,Clear,Daylight,Dry,Non-Fatal Injury,Pedestrian Collisions,-79.3799,43.648,March,Saturday
1098480,Vehicle Owner,unknown,,Other,,,,2009,2009-04-08,1418,14,552 PRINCE EDWARD DR N,,2.0,Mid-Block,No Control,Clear,Daylight,Dry,Non-Fatal Injury,Pedestrian Collisions,-79.51,43.6597,April,Wednesday
1098588,Driver,65 to 69,1.0,"Automobile, Station Wagon",,,,2009,2009-03-17,1840,18,BLACK CREEK DR,EGLINTON AVE W,1.0,Mid-Block,No Control,Clear,Daylight,Dry,Non-Fatal Injury,Rear End,-79.4834,43.6902,March,Tuesday
1098792,Driver,75 to 79,1.0,"Automobile, Station Wagon",,,,2009,2009-04-10,910,9,DOVERCOURT RD,BLOOR ST W,1.0,Intersection,Traffic Signal,Clear,Daylight,Dry,Non-Fatal Injury,Pedestrian Collisions,-79.4293,43.6611,April,Friday
1098793,Vehicle Owner,unknown,,Other,,,,2009,2009-04-03,1429,14,JARVIS ST,WELLESLEY ST E,1.0,Intersection,Traffic Signal,Rain,Daylight,Wet,Fatal,Pedestrian Collisions,-79.3782,43.6662,April,Friday
1098951,Driver,60 to 64,1.0,"Automobile, Station Wagon",,,,2009,2009-04-13,2302,23,SHEPPARD AVE E,MCCOWAN RD,1.0,Intersection,Traffic Signal,Clear,Dark,Dry,Non-Fatal Injury,Pedestrian Collisions,-79.2587,43.7896,April,Monday
1099302,Vehicle Owner,unknown,,Other,,,,2009,2009-02-24,308,3,YONGE ST,WILLIAM CARSON CRES,1.0,Mid-Block,No Control,Clear,Dark,Dry,Non-Fatal Injury,Pedestrian Collisions,-79.408,43.7521,February,Tuesday
1099856,Driver,20 to 24,1.0,"Automobile, Station Wagon",,,,2009,2009-04-17,1045,10,TOWNSLEY ST,OLD WESTON RD,3.0,Intersection,Stop Sign,Clear,Daylight,Dry,Fatal,Pedestrian Collisions,-79.4631,43.674,April,Friday
1099908,Passenger,35 to 39,5.0,Other,,Yes,,2009,2009-04-18,1534,15,YONGE ST,LAKE SHORE W BLVD E,1.0,Intersection,Traffic Signal,Clear,Daylight,Dry,Non-Fatal Injury,Angle,-79.3757,43.644,April,Saturday
1100023,Driver,40 to 44,3.0,"Automobile, Station Wagon",,,,2009,2009-04-18,2250,22,HIGHWAY 27  N,HUMBER COLLEGE BLVD,1.0,Mid-Block,No Control,Clear,Dark,Dry,Non-Fatal Injury,Rear End,-79.6016,43.7311,April,Saturday
1100116,Vehicle Owner,unknown,,Other,,,,2009,2009-03-27,1900,19,185 FIFTH ST,,4.0,Mid-Block,No Control,Clear,Daylight,Dry,Non-Fatal Injury,SMV Other,-79.5038,43.6032,March,Friday
1100162,Passenger,20 to 24,4.0,Other,,,,2009,2009-03-29,215,2,ST CLAIR Aven W,HOUNSLOW HEATH Road,1.0,Intersection,Traffic Signal,Clear,Dark,Dry,Non-Fatal Injury,Approaching,-79.4599,43.6741,March,Sunday
1100239,Vehicle Owner,unknown,,Other,,,,2009,2009-04-20,1330,13,RONCESVALLES AVE,HIGH PARK BLVD,3.0,Intersection,Traffic Signal,Rain,Daylight,Wet,Fatal,Pedestrian Collisions,-79.449,43.6463,April,Monday
1100641,Vehicle Owner,unknown,,Other,,,,2009,2009-04-22,541,5,FINCH AVE W,KIPLING AVE,1.0,Intersection,Traffic Signal,Clear,Dawn,Dry,Non-Fatal Injury,Pedestrian Collisions,-79.582,43.7432,April,Wednesday
1100690,Driver,40 to 44,3.0,"Automobile, Station Wagon",Yes,,Yes,2009,2009-04-06,2150,21,ALBION RD,STEINWAY BLVD,1.0,Mid-Block,No Control,Freezing Rain,Dark,Ice,Non-Fatal Injury,Rear End,-79.6265,43.7476,April,Monday
1100819,Vehicle Owner,unknown,,"Automobile, Station Wagon",,,,2009,2009-04-07,45,0,FINCH Aven W,HIGHWAY 427  N,1.0,Mid-Block,No Control,Freezing Rain,Dark,Ice,Non-Fatal Injury,SMV Other,-79.6261,43.7343,April,Tuesday
1100910,Driver,30 to 34,1.0,"Automobile, Station Wagon",,,,2009,2009-04-23,1730,17,77 BOSTON AVE,,4.0,Mid-Block,No Control,Clear,Daylight,Dry,Non-Fatal Injury,Pedestrian Collisions,-79.3396,43.6635,April,Thursday
1101048,Passenger,10 to 14,3.0,Other,,,,2009,2009-04-10,1808,18,PHARMACY AVE,ELLESMERE RD,1.0,Intersection,No Control,Clear,Daylight,Dry,Non-Fatal Injury,SMV Other,-79.3101,43.759,April,Friday
1101072,Vehicle Owner,unknown,,"Automobile, Station Wagon",,,,2009,2009-04-24,1035,10,QUEENS QUAY W,YORK ST,3.0,Intersection,Traffic Signal,Clear,Daylight,Dry,Non-Fatal Injury,Pedestrian Collisions,-79.3801,43.6399,April,Friday
1101272,Driver,55 to 59,4.0,"Automobile, Station Wagon",,,,2009,2009-04-06,2140,21,FINCH AVE E,SCOTTFIELD DR,1.0,Intersection,Traffic Signal,Freezing Rain,Dark,Ice,Non-Fatal Injury,Rear End,-79.2529,43.8108,April,Monday
1101573,Passenger,45 to 49,4.0,Other,Yes,,,2009,2009-04-09,52,0,MCNICOLL AVE,MARKHAM RD,1.0,Mid-Block,No Control,Clear,Dark,Dry,Non-Fatal Injury,Angle,-79.248,43.8245,April,Thursday
1101613,Passenger,20 to 24,4.0,Other,,Yes,,2009,2009-04-28,24,0,ELLESMERE RD,KENNEDY RD,1.0,Intersection,Traffic Signal,Clear,Dark,Dry,Non-Fatal Injury,Angle,-79.281,43.7657,April,Tuesday
1102013,Driver,30 to 34,4.0,"Automobile, Station Wagon",,,,2009,2009-03-31,908,9,ST CLAIR AVE E,ARDEN CRES,1.0,Mid-Block,No Control,Clear,Daylight,Dry,Non-Fatal Injury,Approaching,-79.2865,43.7108,March,Tuesday
1102106,Vehicle Owner,unknown,,Other,Yes,,Yes,2009,2009-04-07,1608,16,BROADVIEW AVE,GAMBLE AVE,3.0,Intersection,No Control,Clear,Daylight,Dry,Non-Fatal Injury,SMV Other,-79.3549,43.6893,April,Tuesday
1102178,Driver,70 to 74,1.0,"Automobile, Station Wagon",,,,2009,2009-04-11,2040,20,DONLANDS AVE,MORTIMER AVE,3.0,Intersection,Traffic Signal,Clear,Dark,Dry,Non-Fatal Injury,Pedestrian Collisions,-79.3402,43.6876,April,Saturday
1102324,Other,unknown,1.0,Other,,,,2009,2009-05-01,1236,12,ST CLAIR AVE W,ORIOLE RD,1.0,Intersection,No Control,Clear,Daylight,Dry,Fatal,SMV Unattended Vehicle,-79.3997,43.6869,May,Friday
1103248,Driver,15 to 19,1.0,Passenger Van,,,,2009,2009-05-07,2307,23,COXWELL AVE,CASCI AVE,3.0,Intersection,No Control,Clear,Dark,Dry,Non-Fatal Injury,Cyclist Collisions,-79.3207,43.6765,May,Thursday
1103447,Driver,25 to 29,4.0,"Automobile, Station Wagon",,Yes,,2009,2009-04-25,555,5,VICTORIA PARK AVE,EGLINTON AVE E,1.0,Intersection,Traffic Signal,Clear,Dark,Dry,Non-Fatal Injury,Angle,-79.3025,43.7247,April,Saturday
1103726,Driver,60 to 64,4.0,"Automobile, Station Wagon",,,,2009,2009-04-15,1540,15,BELFIELD RD,MCCULLOCH AVE,3.0,Intersection,No Control,Clear,Daylight,Dry,Non-Fatal Injury,SMV Other,-79.5729,43.7025,April,Wednesday
1103828,Cyclist,30 to 34,4.0,Bicycle,,,,2009,2009-03-28,1444,14,DUNDAS ST W,SORAUREN AVE,3.0,Intersection,No Control,Clear,Daylight,Dry,Non-Fatal Injury,Cyclist Collisions,-79.4452,43.6511,March,Saturday
1103903,Pedestrian,20 to 24,4.0,Other,,,,2009,2009-05-12,1540,15,MIDLAND AVE,SOUTH SHIELDS AVE,1.0,Intersection,Traffic Signal,Clear,Daylight,Dry,Non-Fatal Injury,Pedestrian Collisions,-79.2887,43.807,May,Tuesday
1104513,Vehicle Owner,unknown,,Other,,,,2009,2009-05-16,928,9,DAWES RD,BETH ST,3.0,Mid-Block,No Control,Clear,Daylight,Wet,Non-Fatal Injury,Approaching,-79.2958,43.7053,May,Saturday
1104621,Vehicle Owner,unknown,,Other,,,,2009,2009-05-18,2141,21,AVENUE Road,LAWRENCE Aven W,1.0,Intersection,Traffic Controller,Clear,Dark,Dry,Non-Fatal Injury,Rear End,-79.4155,43.7222,May,Monday
1104694,Driver,40 to 44,4.0,"Automobile, Station Wagon",,,,2009,2009-04-22,2336,23,SCARLETT RD,EGLINTON AVE W,1.0,Intersection,Traffic Signal,Clear,Dark,Dry,Non-Fatal Injury,Turning Movement,-79.5114,43.6839,April,Wednesday
1105521,Pedestrian,45 to 49,4.0,Other,,,,2009,2009-05-22,1525,15,KING Stre E,ASHBY Plac,1.0,Intersection,No Control,Clear,Daylight,Dry,Non-Fatal Injury,Pedestrian Collisions,-79.3576,43.6559,May,Friday
1105663,Passenger,20 to 24,5.0,Other,,,,2009,2009-03-08,15,0,DUNDAS ST W,MC CAUL ST,1.0,Intersection,Traffic Signal,Clear,Dark,Wet,Non-Fatal Injury,Rear End,-79.3914,43.6543,March,Sunday
1105683,Driver,30 to 34,1.0,"Automobile, Station Wagon",,,,2009,2009-04-07,1247,12,LAKE SHORE BLVD W,BATHURST ST,1.0,Intersection,Traffic Signal,Clear,Daylight,Dry,Non-Fatal Injury,Approaching,-79.3995,43.6364,April,Tuesday
1105956,Driver,20 to 24,1.0,"Automobile, Station Wagon",Yes,,,2009,2009-04-29,2039,20,THE QUEENSWAY Stre,NORTH QUEEN ST,1.0,Mid-Block,No Control,Clear,Dark,Dry,Non-Fatal Injury,Turning Movement,-79.5551,43.6143,April,Wednesday
1106122,Driver,20 to 24,1.0,"Automobile, Station Wagon",,,,2009,2009-04-30,33,0,SHEPPARD AVE E,MORNINGSIDE AVE,1.0,Intersection,Traffic Signal,Clear,Dark,Dry,Non-Fatal Injury,Pedestrian Collisions,-79.1997,43.8019,April,Thursday
1106184,Driver,25 to 29,1.0,"Automobile, Station Wagon",,,,2009,2009-05-26,1915,19,ROGERS Road,SILVERTHORN Aven,3.0,Intersection,Traffic Signal,Rain,Daylight,Wet,Non-Fatal Injury,Cyclist Collisions,-79.4632,43.6827,May,Tuesday
1106309,Driver,15 to 19,1.0,"Automobile, Station Wagon",Yes,,,2009,2009-04-30,1540,15,MCINTOSH ST,NATAL AVE,2.0,Intersection,Stop Sign,Clear,Daylight,Dry,Non-Fatal Injury,Cyclist Collisions,-79.2518,43.7079,April,Thursday
1106355,Vehicle Owner,unknown,,Other,,,,2009,2009-05-02,1052,10,JAMESON AVE,GARDINER JAMESON AV RAMP,3.0,Mid-Block,No Control,Clear,Daylight,Dry,Non-Fatal Injury,Turning Movement,-79.4342,43.6324,May,Saturday
1106370,Driver,unknown,1.0,"Automobile, Station Wagon",Yes,,,2009,2009-05-15,239,2,DIXON RD,CARLINGVIEW DR,1.0,Mid-Block,No Control,Clear,Dark,Dry,Non-Fatal Injury,Pedestrian Collisions,-79.5979,43.6866,May,Friday
1106499,Driver,65 to 69,4.0,"Automobile, Station Wagon",,,,2009,2009-05-27,1534,15,DIXON ROAD,KELFIELD ST,1.0,Intersection,Traffic Signal,Rain,Daylight,Wet,Non-Fatal Injury,SMV Other,-79.577,43.6902,May,Wednesday
1106578,Vehicle Owner,unknown,,Other,,,,2009,2009-05-04,1100,11,TRETHEWEY DR,BROOKHAVEN DR,3.0,Intersection,No Control,Clear,Daylight,Dry,Non-Fatal Injury,Turning Movement,-79.4938,43.6969,May,Monday
1106697,Passenger,10 to 14,4.0,Other,,,,2009,2009-05-28,1252,12,JOHN GARLAND Blvd,COLLINGDALE Rd,2.0,Mid-Block,No Control,Rain,Daylight,Wet,Non-Fatal Injury,SMV Other,-79.5831,43.7328,May,Thursday
1106823,Vehicle Owner,unknown,,Other,,,,2009,2009-05-06,1909,19,1472 AVENUE RD,,1.0,Mid-Block,No Control,Clear,Daylight,Dry,Non-Fatal Injury,Pedestrian Collisions,-79.415,43.7204,May,Wednesday
1107035,Passenger,unknown,3.0,Other,,,Yes,2009,2009-05-31,423,4,WESTON RD,EGLINTON AVE W,1.0,Intersection,Traffic Signal,Clear,Dark,Dry,Non-Fatal Injury,SMV Other,-79.4894,43.6869,May,Sunday
1107097,Driver,45 to 49,4.0,"Automobile, Station Wagon",,Yes,Yes,2009,2009-05-07,553,5,ANNETTE ST,KEELE ST,1.0,Intersection,Traffic Signal,Rain,Dawn,Wet,Non-Fatal Injury,Angle,-79.4637,43.6636,May,Thursday
1107143,Driver,60 to 64,1.0,"Automobile, Station Wagon",,,,2009,2009-05-09,1340,13,QUEEN ST W,BAY ST,1.0,Intersection,Traffic Signal,Rain,Daylight,Wet,Non-Fatal Injury,Pedestrian Collisions,-79.3816,43.6518,May,Saturday