ACCNUM,INVTYPE,INVAGE,INJURY_ID,VEHTYPE,SPEEDING,REDLIGHT,ALCOHOL,YEAR,DATE,TIME,HOUR,STREET1,STREET2,ROAD_CLASS_ID,LOCCOORD,TRAFFCTL,VISIBILITY,LIGHT,RDSFCOND,ACCLASS,IMPACTYPE,Longitude,Latitude,Month,Day_of_Week
1107460,Motorcycle Driver,25 to 29,4.0,Motorcycle,Yes,,,2009,2009-06-22,0,0,F G GARDINER XY  E,KIPLING AVE,,Mid-Block,No Control,Clear,Daylight,Dry,Non-Fatal Injury,Sideswipe,-79.5247,43.618,June,Monday
1107544,Driver,55 to 59,5.0,"Automobile, Station Wagon",,Yes,,2009,2009-06-02,2013,20,QUEEN St W,UNIVERSITY Ave,1.0,Intersection,Traffic Signal,Clear,Dark,Dry,Non-Fatal Injury,Pedestrian Collisions,-79.3865,43.6508,June,Tuesday
1107567,Passenger,15 to 19,4.0,Other,,,,2009,2009-05-08,1743,17,WOODBINE AVE,DANFORTH AVE,1.0,Intersection,Traffic Signal,Clear,Daylight,Dry,Non-Fatal Injury,SMV Other,-79.3127,43.6856,May,Friday
1107709,Vehicle Owner,unknown,,Other,,,,2009,2009-05-13,1729,17,610 VAUGHAN RD,,3.0,Mid-Block,No Control,Clear,Daylight,Dry,Non-Fatal Injury,Pedestrian Collisions,-79.4394,43.6918,May,Wednesday
1107752,Driver,30 to 34,5.0,"Automobile, Station Wagon",,,,2009,2009-06-03,1646,16,WILLIAM R ALLEN RD N,LAWRENCE W ALLEN X N RAMP W,,Mid-Block,No Control,Clear,Daylight,Dry,Non-Fatal Injury,Rear End,-79.4451,43.7181,June,Wednesday
1107892,Passenger,25 to 29,5.0,,,,,2009,2009-06-04,1400,14,DON VALLEY PARKWAY  S,BEECHWOOD DR,4.0,Mid-Block,No Control,Clear,Daylight,Dry,Non-Fatal Injury,SMV Other,-79.354,43.6959,June,Thursday
1108048,Pedestrian,60 to 64,4.0,Other,,,,2009,2009-05-15,1100,11,4175 LAWRENCE AVE E,,1.0,Mid-Block,No Control,Clear,Daylight,Dry,Non-Fatal Injury,Pedestrian Collisions,-79.1876,43.768,May,Friday
1108100,Vehicle Owner,unknown,,Other,Yes,Yes,,2009,2009-06-03,1750,17,EVANS Ave,ISLINGTON Ave,1.0,Intersection,Traffic Signal,Clear,Daylight,Dry,Non-Fatal Injury,Angle,-79.5112,43.6183,June,Wednesday
1108193,Motorcycle Driver,35 to 39,2.0,Motorcycle,,,,2009,2009-06-05,1547,15,FINCH AVE W,HALESIA DR,1.0,Intersection,Traffic Signal,Clear,Daylight,Dry,Fatal,Turning Movement,-79.6066,43.7337,June,Friday
1108205,Passenger,5 to 9,5.0,Other,,,,2009,2009-06-04,2128,21,PARKSIDE DR,CONSTANCE ST,1.0,Intersection,No Control,Clear,Dark,Dry,Non-Fatal Injury,Pedestrian Collisions,-79.4576,43.6482,June,Thursday
1108321,Driver,45 to 49,1.0,"Automobile, Station Wagon",,,,2009,2009-05-29,2110,21,DANFORTH Road,ST CLAIR Aven E,1.0,Intersection,Traffic Signal,Rain,Dark,Wet,Non-Fatal Injury,Pedestrian Collisions,-79.2598,43.7168,May,Friday
1108349,Passenger,10 to 14,4.0,Other,,,,2009,2009-05-17,1623,16,YORK MILLS Road,CHIPSTEAD Road,1.0,Intersection,Traffic Signal,Clear,Daylight,Dry,Non-Fatal Injury,Turning Movement,-79.3704,43.7514,May,Sunday
1108724,Driver,50 to 54,1.0,"Automobile, Station Wagon",,,,2009,2009-06-10,1546,15,EGLINTON AVE W,OLD PARK RD,1.0,Intersection,Traffic Signal,Clear,Daylight,Dry,Non-Fatal Injury,Pedestrian Collisions,-79.4309,43.6998,June,Wednesday
1109010,Driver,35 to 39,4.0,"Automobile, Station Wagon",,,,2009,2009-05-19,1646,16,KINGSTON Road,OLD KINGSTON Road,3.0,Intersection,Traffic Signal,Clear,Daylight,Dry,Non-Fatal Injury,Turning Movement,-79.1687,43.7845,May,Tuesday
1109028,Passenger,55 to 59,5.0,Other,,,,2009,2009-06-11,1030,10,SOUTH KINGSWAY,THE QUEENSWAY,3.0,Mid-Block,No Control,Clear,Daylight,Dry,Non-Fatal Injury,Rear End,-79.4729,43.6349,June,Thursday
1109154,Driver,45 to 49,4.0,"Automobile, Station Wagon",,,,2009,2009-06-13,852,8,WILLIAM R ALLEN RD S,ELM RIDGE DR,,Mid-Block,No Control,Clear,Daylight,Dry,Non-Fatal Injury,Rear End,-79.4379,43.7033,June,Saturday
1109235,Pedestrian,60 to 64,4.0,Other,,,,2009,2009-06-09,1613,16,CUMMER Aven,BAYVIEW Aven,1.0,Intersection,Traffic Signal,Clear,Daylight,Dry,Non-Fatal Injury,Pedestrian Collisions,-79.3935,43.7922,June,Tuesday
1109297,Driver,30 to 34,5.0,"Automobile, Station Wagon",,,Yes,2009,2009-06-14,2206,22,THE QUEENSWAY,STEPHEN DR,1.0,Mid-Block,No Control,Clear,Dark,Dry,Non-Fatal Injury,SMV Other,-79.4834,43.6304,June,Sunday
1109447,Vehicle Owner,unknown,,Other,,,,2009,2009-05-11,722,7,FRONT ST W,SPADINA AVE,3.0,Mid-Block,No Control,Clear,Daylight,Dry,Non-Fatal Injury,Pedestrian Collisions,-79.3956,43.6422,May,Monday
1109820,Vehicle Owner,unknown,,Other,,,,2009,2009-06-17,1708,17,KEELE ST,DUNDAS ST W,1.0,Mid-Block,No Control,Rain,Daylight,Wet,Fatal,Pedestrian Collisions,-79.4643,43.6649,June,Wednesday
1109990,Driver,25 to 29,4.0,"Automobile, Station Wagon",,,,2020,2020-06-16,2107,21,DUNDAS ST W,ROYAL YORK RD,1.0,Mid-Block,No Control,Clear,Dark,Dry,Non-Fatal Injury,Rear End,-79.5167,43.658,June,Tuesday
1110013,Driver,40 to 44,4.0,"Automobile, Station Wagon",,,,2009,2009-06-18,2213,22,EGLINTON AVE W,MARTIN GROVE RD,1.0,Intersection,Traffic Controller,Clear,Dark,Dry,Non-Fatal Injury,Turning Movement,-79.5631,43.6744,June,Thursday
1110059,Driver,40 to 44,4.0,"Automobile, Station Wagon",,,,2009,2009-05-21,2159,21,KING ST W,SHAW ST,1.0,Intersection,No Control,Clear,Dark,Dry,Non-Fatal Injury,SMV Unattended Vehicle,-79.4151,43.6413,May,Thursday
1110181,Passenger,30 to 34,1.0,Other,,,,2009,2009-06-19,1844,18,PARLIAMENT ST,OAK ST,3.0,Intersection,Pedestrian Crossover,Clear,Daylight,Dry,Non-Fatal Injury,Cyclist Collisions,-79.3664,43.6606,June,Friday
1110376,Driver,unknown,1.0,"Automobile, Station Wagon",,,,2009,2009-06-21,1600,16,WARDEN AVE,KINGSTON RD,1.0,Intersection,Traffic Signal,Clear,Daylight,Dry,Non-Fatal Injury,Cyclist Collisions,-79.2708,43.6877,June,Sunday
1110532,Passenger,0 to 4,4.0,Other,,,,2009,2009-06-22,802,8,22 ELINOR AVE,,4.0,Mid-Block,No Control,Clear,Daylight,Dry,Non-Fatal Injury,Rear End,-79.3013,43.746,June,Monday
1110560,Vehicle Owner,unknown,,"Automobile, Station Wagon",,,,2009,2009-06-22,2350,23,F G GARDINER Expr W,DUFFERIN Stre,,Mid-Block,No Control,Clear,Dark,Dry,Non-Fatal Injury,Rear End,-79.4213,43.6349,June,Monday
1110609,Vehicle Owner,unknown,,Other,,,,2009,2009-05-22,1845,18,JANE Stre,ALLIANCE Aven,1.0,Intersection,Traffic Signal,Clear,Daylight,Dry,Non-Fatal Injury,Rear End,-79.4956,43.6761,May,Friday
1110667,Driver,35 to 39,1.0,"Automobile, Station Wagon",,,,2009,2009-05-22,2135,21,675 ANNETTE Stre,,3.0,Mid-Block,No Control,Clear,Dark,Dry,Non-Fatal Injury,Cyclist Collisions,-79.4842,43.659,May,Friday
1110725,Vehicle Owner,unknown,,Other,,,,2009,2009-06-23,1449,14,BLOOR ST W,ST HELENS AVE,1.0,Intersection,Stop Sign,Clear,Daylight,Dry,Fatal,Pedestrian Collisions,-79.4439,43.658,June,Tuesday
1110888,Driver,unknown,1.0,"Automobile, Station Wagon",,,,2009,2009-06-11,835,8,WELLINGTON ST W,YORK ST,3.0,Intersection,Traffic Signal,Clear,Daylight,Dry,Non-Fatal Injury,Cyclist Collisions,-79.3829,43.6465,June,Thursday
1110977,Motorcycle Driver,35 to 39,4.0,Motorcycle,,,,2009,2009-06-24,2144,21,WILLIAM R ALLEN RD S,RIDELLE AVE,,Mid-Block,No Control,Clear,Dark,Dry,Non-Fatal Injury,Rear End,-79.439,43.7057,June,Wednesday
1111004,Pedestrian,80 to 84,4.0,Other,,,,2009,2009-06-17,1915,19,ST CLAIR AVE W,TWEEDSMUIR AVE,1.0,Intersection,Traffic Signal,Rain,Dark,Wet,Non-Fatal Injury,Pedestrian Collisions,-79.4133,43.6841,June,Wednesday
1111047,Driver,55 to 59,1.0,"Automobile, Station Wagon",,,,2009,2009-05-15,1205,12,KENNEDY RD,ANTRIM CRES,1.0,Intersection,Traffic Signal,Clear,Daylight,Dry,Non-Fatal Injury,Pedestrian Collisions,-79.2832,43.7717,May,Friday
1111516,Driver,30 to 34,4.0,Taxi,,,,2009,2009-05-22,252,2,BARTON Ave,CHRISTIE St,3.0,Intersection,No Control,Clear,Dark,Dry,Non-Fatal Injury,SMV Other,-79.4195,43.6665,May,Friday
1111585,Passenger,15 to 19,3.0,Other,,Yes,,2009,2009-05-24,1345,13,BRIMLEY RD,ELLESMERE RD,1.0,Intersection,Traffic Signal,Clear,Daylight,Dry,Non-Fatal Injury,Angle,-79.2612,43.77,May,Sunday
1111668,Vehicle Owner,unknown,,Other,,,,2009,2009-06-29,1011,10,SHEPPARD AVE W,YEOMANS RD,1.0,Intersection,No Control,Clear,Daylight,Dry,Non-Fatal Injury,Pedestrian Collisions,-79.4431,43.7545,June,Monday
1111784,Motorcycle Driver,35 to 39,4.0,Motorcycle,,,,2009,2009-05-25,1720,17,FINCH Aven W,ALNESS Stre,1.0,Mid-Block,No Control,Clear,Daylight,Dry,Non-Fatal Injury,Turning Movement,-79.4695,43.7681,May,Monday
1111945,Driver,50 to 54,1.0,Municipal Transit Bus (TTC),,,,2009,2009-06-30,1930,19,5050 SHEPPARD AVE E,,1.0,Mid-Block,No Control,Clear,Daylight,Dry,Fatal,Pedestrian Collisions,-79.2424,43.793,June,Tuesday
1112065,Driver,40 to 44,1.0,"Automobile, Station Wagon",,,,2009,2009-05-28,1500,15,EGLINTON Aven E,BERMONDSEY Road,1.0,Intersection,Traffic Signal,Rain,Daylight,Wet,Non-Fatal Injury,Rear End,-79.3134,43.726,May,Thursday
1112152,Vehicle Owner,unknown,,Other,,,,2009,2009-05-27,1352,13,COXWELL Aven,QUEEN Stre E,3.0,Intersection,Traffic Signal,Clear,Daylight,Dry,Non-Fatal Injury,Turning Movement,-79.3165,43.6663,May,Wednesday
1112683,Passenger,20 to 24,3.0,Other,Yes,,,2009,2009-07-06,2030,20,DON VALLEY PARKWAY  N,ST DENNIS DR,,Mid-Block,No Control,Clear,Daylight,Dry,Fatal,SMV Other,-79.3279,43.7187,July,Monday
1112907,Driver,35 to 39,3.0,"Automobile, Station Wagon",,,,2009,2009-06-01,1641,16,EASTERN AVE,QUEEN ST E,3.0,Intersection,Stop Sign,Clear,Daylight,Dry,Non-Fatal Injury,Pedestrian Collisions,-79.3147,43.6667,June,Monday
1113026,Vehicle Owner,unknown,,Other,,,,2009,2009-05-27,2353,23,MCCOWAN Road,LAWRENCE Aven E,1.0,Intersection,Traffic Signal,Rain,Dark,Wet,Non-Fatal Injury,Pedestrian Collisions,-79.2453,43.7555,May,Wednesday
1113047,In-Line Skater,15 to 19,4.0,Other,,,,2009,2009-06-02,1256,12,PRITCHARD Aven,MOULD Aven,4.0,Intersection,Stop Sign,Clear,Daylight,Dry,Non-Fatal Injury,Pedestrian Collisions,-79.488,43.6705,June,Tuesday
1113420,Motorcycle Driver,45 to 49,4.0,Motorcycle,,,,2009,2009-06-04,1258,12,FINCH Aven W,CLARKHILL Stre,1.0,Intersection,Stop Sign,Clear,Daylight,Dry,Non-Fatal Injury,Turning Movement,-79.4349,43.7754,June,Thursday
1113423,Vehicle Owner,unknown,,Other,,,,2009,2009-06-05,1830,18,1183 FINCH Ave W,,1.0,Mid-Block,Traffic Signal,Clear,Daylight,Dry,Non-Fatal Injury,Rear End,-79.4828,43.7652,June,Friday
1113455,Motorcycle Driver,20 to 24,4.0,Motorcycle,,,,2009,2009-06-05,1206,12,THE QUEENSWAY,CHARTWELL Road,1.0,Intersection,No Control,Clear,Daylight,Dry,Non-Fatal Injury,Turning Movement,-79.5104,43.6245,June,Friday
1113557,Driver,40 to 44,1.0,"Automobile, Station Wagon",,,,2009,2009-07-10,1900,19,KEELE ST,VICTORY DR,1.0,Intersection,No Control,Clear,Daylight,Dry,Non-Fatal Injury,Pedestrian Collisions,-79.4824,43.7285,July,Friday
1113770,Driver,40 to 44,1.0,"Automobile, Station Wagon",,,,2009,2009-06-06,2009,20,COXWELL Ave,ROBBINS Ave,3.0,Mid-Block,No Control,Clear,Daylight,Dry,Non-Fatal Injury,Cyclist Collisions,-79.3182,43.6706,June,Saturday
1113871,Driver,unknown,1.0,"Automobile, Station Wagon",,,,2009,2009-07-04,300,3,EGLINTON AVE W,DUFFERIN ST,1.0,Mid-Block,No Control,Clear,Dark,Dry,Non-Fatal Injury,Pedestrian Collisions,-79.449,43.6959,July,Saturday
1113959,Driver,30 to 34,1.0,"Automobile, Station Wagon",,,,2009,2009-07-13,1825,18,FRONT ST W,SPADINA AVE,1.0,Intersection,Traffic Signal,Clear,Daylight,Dry,Non-Fatal Injury,Cyclist Collisions,-79.3938,43.6427,July,Monday
1113980,Motorcycle Driver,35 to 39,4.0,Motorcycle,,,,2009,2009-06-07,1631,16,ISLINGTON Ave,ABERLADY Rd,1.0,Intersection,No Control,Clear,Daylight,Dry,Non-Fatal Injury,SMV Other,-79.5173,43.63,June,Sunday
1114016,Motorcycle Driver,35 to 39,3.0,Motorcycle,,,,2009,2009-04-17,1859,18,MCCULLOCH AVE,1 AUTUMN AVE,4.0,Mid-Block,No Control,Clear,Daylight,Dry,Non-Fatal Injury,Sideswipe,-79.5724,43.7014,April,Friday
1114459,Motorcycle Driver,35 to 39,4.0,Motorcycle,Yes,,,2009,2009-07-16,8,0,SHEPPARD AVE E,MCCOWAN RD,1.0,Mid-Block,No Control,Clear,Dark,Dry,Non-Fatal Injury,Turning Movement,-79.2518,43.791,July,Thursday
1114683,Motorcycle Driver,35 to 39,4.0,Motorcycle,,,,2009,2009-06-12,1725,17,AMSTERDAM AVE,O CONNOR DR,1.0,Intersection,No Control,Clear,Daylight,Dry,Non-Fatal Injury,Approaching,-79.3059,43.7142,June,Friday
1114902,Passenger,20 to 24,1.0,Other,,,,2009,2009-07-18,1137,11,WOODBINE AVE,MORTIMER AVE,1.0,Intersection,Traffic Signal,Clear,Daylight,Dry,Fatal,Pedestrian Collisions,-79.3158,43.6927,July,Saturday
1114984,Motorcycle Driver,35 to 39,4.0,Motorcycle,,,,2009,2009-06-13,1818,18,DUPONT ST,SHAW ST,1.0,Mid-Block,No Control,Clear,Daylight,Dry,Non-Fatal Injury,Turning Movement,-79.4265,43.6705,June,Saturday
1115566,Driver,45 to 49,1.0,"Automobile, Station Wagon",,,,2009,2009-07-21,1720,17,BENTWORTH AVE,DUFFERIN ST,1.0,Intersection,Traffic Signal,Rain,Daylight,Wet,Non-Fatal Injury,Pedestrian Collisions,-79.4564,43.7218,July,Tuesday
1115921,Pedestrian,40 to 44,4.0,Other,,,,2009,2009-06-19,1030,10,MANNING AVE,BLOOR ST W,1.0,Intersection,Traffic Signal,Clear,Daylight,Dry,Non-Fatal Injury,Pedestrian Collisions,-79.416,43.6642,June,Friday
1115922,Driver,60 to 64,4.0,"Automobile, Station Wagon",,,Yes,2009,2009-06-19,1430,14,COLLINGSBROOK BLVD,SOLWAY CRT,2.0,Intersection,Stop Sign,Clear,Daylight,Dry,Non-Fatal Injury,Approaching,-79.3161,43.7908,June,Friday
1115973,Driver,35 to 39,1.0,"Automobile, Station Wagon",,,,2009,2009-06-20,2130,21,JANE ST,MACDONALD AVE,1.0,Intersection,No Control,Clear,Dark,Dry,Non-Fatal Injury,Pedestrian Collisions,-79.5041,43.7044,June,Saturday
1116001,Driver,45 to 49,1.0,"Automobile, Station Wagon",,,,2009,2009-06-20,2152,21,COSBURN AVE,GREENWOOD AVE,3.0,Intersection,Traffic Signal,Clear,Dark,Wet,Non-Fatal Injury,Pedestrian Collisions,-79.3377,43.692,June,Saturday
1116081,Passenger,15 to 19,4.0,Other,,,,2009,2009-07-25,351,3,JANE ST,GORDON MACKAY RD,1.0,Mid-Block,No Control,Clear,Dark,Dry,Non-Fatal Injury,Approaching,-79.5076,43.717,July,Saturday
1116082,Driver,unknown,4.0,"Automobile, Station Wagon",Yes,,,2009,2009-07-25,350,3,VICTORIA PARK AVE,LAWRENCE AVE E,1.0,Intersection,Traffic Signal,Rain,Dark,Wet,Non-Fatal Injury,SMV Other,-79.3097,43.7421,July,Saturday
1116367,Driver,30 to 34,1.0,"Automobile, Station Wagon",,,,2009,2009-06-21,1838,18,DANFORTH AVE,WOODYCREST AVE,1.0,Intersection,No Control,Clear,Daylight,Dry,Non-Fatal Injury,Cyclist Collisions,-79.3417,43.6795,June,Sunday
1116589,Passenger,25 to 29,4.0,Other,,,,2009,2009-06-22,2218,22,DANFORTH AVE,GREENWOOD AVE,1.0,Intersection,Traffic Signal,Clear,Dark,Dry,Non-Fatal Injury,Turning Movement,-79.3323,43.6814,June,Monday
1116599,Driver,65 to 69,1.0,"Automobile, Station Wagon",,,,2009,2009-06-22,1600,16,ST CLAIR AVE W,JANE ST,1.0,Intersection,Traffic Signal,Clear,Daylight,Dry,Non-Fatal Injury,Pedestrian Collisions,-79.4917,43.6671,June,Monday
1116707,Pedestrian,90 to 94,4.0,Other,,,,2009,2009-06-23,1900,19,PALMERSTON AVE,DUNDAS ST W,1.0,Intersection,Stop Sign,Clear,Daylight,Dry,Non-Fatal Injury,Pedestrian Collisions,-79.4084,43.6517,June,Tuesday
1116959,Passenger,35 to 39,3.0,Other,Yes,,,2009,2009-08-02,2138,21,LAKE SHORE BLVD E,CHERRY ST,1.0,Mid-Block,No Control,Clear,Dark,Dry,Non-Fatal Injury,SMV Other,-79.3525,43.6486,August,Sunday
1117084,Passenger,40 to 44,3.0,Other,,,,2009,2009-08-03,1240,12,ROSEDALE VALLEY RD,BAYVIEW S ROSEDALE VL RAMP,3.0,Mid-Block,No Control,Clear,Daylight,Dry,Non-Fatal Injury,Approaching,-79.3608,43.67,August,Monday
1117245,Driver,15 to 19,1.0,"Automobile, Station Wagon",,,,2009,2009-06-25,1806,18,GLENHURST AVE,ROSENEATH GDNS,4.0,Intersection,Stop Sign,Clear,Daylight,Dry,Non-Fatal Injury,Pedestrian Collisions,-79.4345,43.6822,June,Thursday
1117715,Pedestrian,55 to 59,4.0,Other,,,,2009,2009-08-06,1535,15,2330 KENNEDY RD,,1.0,Mid-Block,No Control,Clear,Daylight,Dry,Non-Fatal Injury,Pedestrian Collisions,-79.2886,43.7841,August,Thursday
1117851,Vehicle Owner,unknown,,Other,,,,2009,2009-08-07,1731,17,3221 DUFFERIN St,,1.0,Mid-Block,No Control,Clear,Daylight,Dry,Non-Fatal Injury,Cyclist Collisions,-79.4558,43.7192,August,Friday
1117854,Pedestrian,80 to 84,2.0,Other,,,,2009,2009-08-07,1448,14,179 FALLINGBROOK RD,,2.0,Intersection,No Control,Clear,Daylight,Dry,Fatal,Pedestrian Collisions,-79.2802,43.6846,August,Friday
1117940,Pedestrian,20 to 24,4.0,Other,,,,2009,2009-07-13,1440,14,STANLEY AVE,QUEENS AVE,4.0,Mid-Block,No Control,Clear,Daylight,Dry,Non-Fatal Injury,Pedestrian Collisions,-79.492,43.6148,July,Monday
1117988,Vehicle Owner,unknown,,Other,,,,2009,2009-07-26,2300,23,WARDEN AVE,ELLESMERE RD,1.0,Intersection,Traffic Signal,Rain,Dark,Wet,Non-Fatal Injury,Pedestrian Collisions,-79.3007,43.7611,July,Sunday
1118031,Cyclist,50 to 54,4.0,Bicycle,,,,2009,2009-08-09,1851,18,ROYAL YORK Road,JUDSON Stre,3.0,Mid-Block,No Control,Clear,Daylight,Dry,Non-Fatal Injury,Cyclist Collisions,-79.4982,43.6159,August,Sunday
1118326,Motorcycle Driver,50 to 54,4.0,Motorcycle,,,,2009,2009-06-29,1542,15,QUEEN ST W,CAMERON ST,1.0,Intersection,No Control,Clear,Daylight,Wet,Non-Fatal Injury,Angle,-79.3973,43.6485,June,Monday
1118330,Driver,30 to 34,4.0,"Automobile, Station Wagon",,,,2009,2009-06-29,648,6,ALBION RD,WESTON RD,1.0,Mid-Block,No Control,Clear,Daylight,Dry,Non-Fatal Injury,SMV Other,-79.5383,43.7174,June,Monday
1118389,Driver,50 to 54,4.0,"Automobile, Station Wagon",,,,2009,2009-06-30,1158,11,AVENUE RD,GLENVIEW AVE,1.0,Mid-Block,No Control,Clear,Daylight,Dry,Non-Fatal Injury,Angle,-79.4139,43.7174,June,Tuesday
1118576,Driver,50 to 54,4.0,"Automobile, Station Wagon",,,,2009,2009-08-12,1433,14,TODD BAYLIS Boul,BLACK CREEK Driv,2.0,Mid-Block,No Control,Clear,Daylight,Dry,Non-Fatal Injury,Approaching,-79.4847,43.6913,August,Wednesday
1118840,Driver,20 to 24,4.0,"Automobile, Station Wagon",,,,2009,2009-08-13,2101,21,YONGE ST,ST CLAIR AVE W,1.0,Mid-Block,No Control,Clear,Dark,Dry,Non-Fatal Injury,Pedestrian Collisions,-79.3942,43.6885,August,Thursday
1118884,Vehicle Owner,unknown,,Other,,Yes,,2009,2009-08-15,1400,14,LAWRENCE Aven E,MORNINGSIDE Aven,1.0,Intersection,Traffic Signal,Clear,Daylight,Dry,Non-Fatal Injury,Angle,-79.1861,43.7684,August,Saturday
1118939,Driver,40 to 44,1.0,"Automobile, Station Wagon",,,,2009,2009-08-16,200,2,KEELE ST,DUNDAS ST W,1.0,Intersection,Traffic Signal,Other,Dark,Dry,Non-Fatal Injury,Pedestrian Collisions,-79.4645,43.6653,August,Sunday
1118994,Pedestrian,75 to 79,4.0,Other,,,,2009,2009-08-16,1455,14,YONGE ST,CHAPLIN CRES,1.0,Intersection,Traffic Signal,Clear,Daylight,Dry,Non-Fatal Injury,Pedestrian Collisions,-79.3965,43.6982,August,Sunday
1119005,Pedestrian,80 to 84,4.0,Other,,,,2009,2009-08-16,1919,19,LANSDOWNE AVE,DUNDAS ST W,3.0,Intersection,Traffic Signal,Clear,Daylight,Dry,Non-Fatal Injury,Pedestrian Collisions,-79.4396,43.6501,August,Sunday
1119631,Vehicle Owner,unknown,,Other,,Yes,,2009,2009-07-01,2120,21,BAYVIEW AVE,BAYVIEW MEWS LANE,1.0,Intersection,Traffic Signal,Clear,Dark,Dry,Non-Fatal Injury,Pedestrian Collisions,-79.3886,43.7693,July,Wednesday
1119725,Driver,unknown,1.0,"Automobile, Station Wagon",,,,2009,2009-07-26,236,2,3330 PHARMACY Aven,,3.0,,No Control,Clear,Dark,Dry,Non-Fatal Injury,Pedestrian Collisions,-79.3309,43.8044,July,Sunday
1119919,Driver,60 to 64,1.0,"Automobile, Station Wagon",,,,2020,2020-06-18,958,9,WOODBINE AVE,CORLEY AVE,1.0,Intersection,Traffic Signal,Clear,Daylight,Dry,Non-Fatal Injury,Pedestrian Collisions,-79.3089,43.6763,June,Thursday
1119932,Driver,20 to 24,1.0,"Automobile, Station Wagon",,,,2009,2009-07-06,2235,22,BRIMLEY RD S,BLUFFERS PARK RD,2.0,Mid-Block,No Control,Clear,Dark,Dry,Non-Fatal Injury,Cyclist Collisions,-79.2384,43.7095,July,Monday
1120053,Vehicle Owner,unknown,,Other,,,,2009,2009-08-04,1010,10,VICTORIA PARK AVE,BIGGIN CRT,1.0,Intersection,Stop Sign,Clear,Daylight,Dry,Non-Fatal Injury,Turning Movement,-79.3043,43.7288,August,Tuesday
1120071,Driver,75 to 79,1.0,"Automobile, Station Wagon",Yes,Yes,,2009,2009-07-06,2030,20,FINCH AVE W,WILMINGTON AVE,1.0,Intersection,Traffic Signal,Clear,Daylight,Dry,Non-Fatal Injury,Turning Movement,-79.4606,43.7702,July,Monday
1120288,Driver,60 to 64,1.0,"Automobile, Station Wagon",,,,2009,2009-07-10,2355,23,1144 ROYAL YORK RD,,3.0,Mid-Block,No Control,Clear,Dark,Dry,Non-Fatal Injury,Pedestrian Collisions,-79.5173,43.661,July,Friday
1120462,Driver,60 to 64,4.0,"Automobile, Station Wagon",,,,2009,2009-07-11,559,5,WILSON AVE,ALLARD AVE,1.0,Mid-Block,No Control,Clear,Daylight,Dry,Non-Fatal Injury,SMV Other,-79.4299,43.7377,July,Saturday
1120474,Driver,45 to 49,1.0,"Automobile, Station Wagon",,,,2009,2009-07-13,1743,17,GERRARD ST E,MALVERN AVE,3.0,Intersection,Traffic Signal,Clear,Daylight,Dry,Non-Fatal Injury,Pedestrian Collisions,-79.2946,43.6851,July,Monday
1120536,Vehicle Owner,unknown,,Other,,,,2009,2009-07-13,2028,20,EGLINTON AVE W,BATHURST ST,1.0,Intersection,Traffic Signal,Clear,Daylight,Dry,Non-Fatal Injury,Cyclist Collisions,-79.4255,43.7009,July,Monday
1120870,Vehicle Owner,unknown,,Other,,,,2009,2009-08-24,539,5,JANE ST,WILLIAM CRAGG DR,1.0,Intersection,No Control,Clear,Dark,Dry,Non-Fatal Injury,Pedestrian Collisions,-79.5089,43.7223,August,Monday
1121120,Cyclist,25 to 29,4.0,Bicycle,,,,2009,2009-07-17,1009,10,HARBORD ST,SPADINA AVE,1.0,Intersection,Traffic Signal,Clear,Daylight,Dry,Non-Fatal Injury,Cyclist Collisions,-79.402,43.663,July,Friday
1121287,Cyclist,20 to 24,4.0,Bicycle,,,,2009,2009-07-18,242,2,RIVER ST,DUNDAS ST E,1.0,Intersection,Traffic Signal,Clear,Dark,Dry,Non-Fatal Injury,Cyclist Collisions,-79.3581,43.6611,July,Saturday
1121495,Driver,45 to 49,1.0,"Automobile, Station Wagon",,,,2009,2009-07-20,1050,10,BLOOR ST W,PALMERSTON BLVD,1.0,Mid-Block,No Control,Clear,Daylight,Dry,Non-Fatal Injury,Cyclist Collisions,-79.413,43.6647,July,Monday
1121596,Motorcycle Driver,55 to 59,4.0,Motorcycle,,,,2009,2009-07-18,1653,16,QUEEN ST E,SCARBORO BEACH BLVD,3.0,Intersection,Stop Sign,Clear,Daylight,Dry,Non-Fatal Injury,Turning Movement,-79.2934,43.6713,July,Saturday
1121597,Driver,55 to 59,1.0,"Automobile, Station Wagon",,,,2009,2009-07-18,2110,21,CHURCH ST,LOMBARD ST,3.0,Intersection,Stop Sign,Clear,Dark,Dry,Non-Fatal Injury,Pedestrian Collisions,-79.3751,43.6518,July,Saturday
1121624,Driver,30 to 34,1.0,"Automobile, Station Wagon",,,,2009,2009-08-27,947,9,LAWRENCE AVE W,MARLEE AVE,1.0,Intersection,Traffic Signal,Clear,Daylight,Dry,Fatal,Pedestrian Collisions,-79.4464,43.7156,August,Thursday
1121910,Driver,30 to 34,1.0,"Automobile, Station Wagon",,,,2009,2009-07-23,128,1,DUNDAS ST W,SPADINA AVE,1.0,Intersection,Traffic Signal,Rain,Dark,Wet,Non-Fatal Injury,Pedestrian Collisions,-79.3979,43.6529,July,Thursday
1121922,Driver,40 to 44,1.0,"Automobile, Station Wagon",,,,2009,2009-08-31,2150,21,BLOOR ST W,AVENUE RD,1.0,Mid-Block,No Control,Clear,Dark,Dry,Fatal,Pedestrian Collisions,-79.3931,43.6688,August,Monday
1122151,Driver,40 to 44,1.0,"Automobile, Station Wagon",,,,2009,2009-09-01,1024,10,MC CAUL St,ORDE St,2.0,Mid-Block,No Control,Clear,Daylight,Dry,Non-Fatal Injury,Cyclist Collisions,-79.3931,43.6584,September,Tuesday