ACCNUM,INVTYPE,INVAGE,INJURY_ID,VEHTYPE,SPEEDING,REDLIGHT,ALCOHOL,YEAR,DATE,TIME,HOUR,STREET1,STREET2,ROAD_CLASS_ID,LOCCOORD,TRAFFCTL,VISIBILITY,LIGHT,RDSFCOND,ACCLASS,IMPACTYPE,Longitude,Latitude,Month,Day_of_Week
1122153,Driver,20 to 24,4.0,"Automobile, Station Wagon",,Yes,,2009,2009-09-01,2357,23,KIPLING AVE,EVANS AVE,1.0,Intersection,Traffic Signal,Clear,Dark,Dry,Non-Fatal Injury,Turning Movement,-79.5245,43.6158,September,Tuesday
1122274,Vehicle Owner,unknown,,Other,,,,2009,2009-07-25,731,7,MARTIN GROVE RD,BETHRIDGE RD,1.0,Mid-Block,No Control,Clear,Daylight,Dry,Non-Fatal Injury,Approaching,-79.5803,43.7122,July,Saturday
1122296,Pedestrian,55 to 59,4.0,Other,,,,2009,2009-07-24,1647,16,WOODBINE AVE,MILVERTON BLVD,1.0,Intersection,Pedestrian Crossover,Clear,Daylight,Dry,Non-Fatal Injury,Pedestrian Collisions,-79.3142,43.689,July,Friday
1122417,Driver,45 to 49,1.0,Municipal Transit Bus (TTC),,,,2009,2009-09-01,1203,12,SPADINA AVE,NASSAU ST,1.0,Intersection,Traffic Signal,Clear,Daylight,Dry,Fatal,Cyclist Collisions,-79.3991,43.6558,September,Tuesday
1122431,Driver,35 to 39,1.0,"Automobile, Station Wagon",,,,2009,2009-09-02,1715,17,BATHURST ST,BANNOCKBURN AVE,1.0,Intersection,No Control,Clear,Daylight,Dry,Non-Fatal Injury,Pedestrian Collisions,-79.4324,43.7312,September,Wednesday
1122468,Driver,30 to 34,1.0,"Automobile, Station Wagon",,,,2009,2009-07-28,1230,12,WINCOTT DR,SHEFFLEY CRES,2.0,Mid-Block,No Control,Clear,Daylight,Dry,Non-Fatal Injury,Cyclist Collisions,-79.5491,43.6864,July,Tuesday
1122545,Driver,35 to 39,1.0,"Automobile, Station Wagon",,,,2009,2009-07-31,812,8,KINGSTON RD,MAIN ST,1.0,Intersection,Traffic Signal,Clear,Daylight,Dry,Non-Fatal Injury,Pedestrian Collisions,-79.2979,43.6788,July,Friday
1122576,Vehicle Owner,unknown,,Other,,Yes,,2009,2009-07-30,725,7,JOHN ST,WELLINGTON ST W,3.0,Intersection,Traffic Signal,Clear,Daylight,Dry,Non-Fatal Injury,Angle,-79.3891,43.6452,July,Thursday
1122728,Passenger,50 to 54,5.0,Other,,Yes,,2009,2009-08-01,636,6,ISLINGTON AVE,THE WESTWAY,1.0,Intersection,Traffic Signal,Clear,Daylight,Dry,Non-Fatal Injury,Angle,-79.5428,43.6886,August,Saturday
1122738,Driver,55 to 59,1.0,"Automobile, Station Wagon",,,,2009,2009-08-01,1310,13,JANE ST,FALSTAFF AVE,1.0,Intersection,Traffic Signal,Clear,Daylight,Dry,Non-Fatal Injury,Pedestrian Collisions,-79.5071,43.7154,August,Saturday
1122739,Driver,25 to 29,4.0,"Automobile, Station Wagon",Yes,,Yes,2009,2009-08-01,703,7,QUEEN ST E,EASTERN AVE,1.0,Intersection,Traffic Signal,Clear,Daylight,Dry,Non-Fatal Injury,SMV Other,-79.3125,43.6672,August,Saturday
1122772,Driver,30 to 34,1.0,"Automobile, Station Wagon",,,,2009,2009-08-05,1230,12,BAYVIEW AVE,401 C W BAYVIEW RAMP,1.0,Intersection,Traffic Signal,Clear,Daylight,Dry,Non-Fatal Injury,Pedestrian Collisions,-79.3874,43.7645,August,Wednesday
1122775,Driver,60 to 64,4.0,"Automobile, Station Wagon",,,,2009,2009-08-01,740,7,MERTON ST,PAILTON CRES,2.0,Intersection,No Control,Clear,Daylight,Dry,Non-Fatal Injury,SMV Unattended Vehicle,-79.3887,43.6976,August,Saturday
1123169,Driver,unknown,1.0,"Automobile, Station Wagon",,,,2009,2009-09-07,430,4,48 ISABELLA ST,,2.0,Mid-Block,No Control,Clear,Dark,Dry,Non-Fatal Injury,Pedestrian Collisions,-79.3834,43.6679,September,Monday
1123411,Driver,80 to 84,1.0,"Automobile, Station Wagon",,,,2009,2009-08-07,1540,15,HOVE ST,SHEPPARD AVE W,4.0,Mid-Block,No Control,Clear,Daylight,Dry,Non-Fatal Injury,Pedestrian Collisions,-79.4415,43.7553,August,Friday
1123704,Wheelchair,80 to 84,4.0,Other,,,,2009,2009-09-09,1452,14,KINGSTON Rd,LEE Ave,1.0,Intersection,Pedestrian Crossover,Clear,Daylight,Dry,Non-Fatal Injury,Pedestrian Collisions,-79.3011,43.6781,September,Wednesday
1123824,Vehicle Owner,unknown,,Other,,,,2009,2009-08-11,856,8,EASTERN AVE,BOOTH AVE,1.0,Intersection,Stop Sign,Clear,Daylight,Dry,Non-Fatal Injury,Pedestrian Collisions,-79.3424,43.6576,August,Tuesday
1123907,Passenger,35 to 39,4.0,Other,,Yes,,2009,2009-08-11,2242,22,SHEPPARD Aven E,MEADOWVALE Road,1.0,Intersection,Traffic Signal,Clear,Dark,Dry,Non-Fatal Injury,Angle,-79.1707,43.8083,August,Tuesday
1124210,Moped Driver,55 to 59,4.0,Moped,,,,2009,2009-08-17,745,7,YONGE ST,MILL ST,1.0,Intersection,Traffic Signal,Clear,Daylight,Dry,Non-Fatal Injury,SMV Other,-79.4058,43.7403,August,Monday
1124219,Driver,45 to 49,4.0,"Automobile, Station Wagon",,,,2009,2009-09-11,1253,12,SHEPPARD Ave W,WELBECK Rd,1.0,Mid-Block,No Control,Clear,Daylight,Dry,Non-Fatal Injury,Pedestrian Collisions,-79.4197,43.7595,September,Friday
1124221,Driver,35 to 39,1.0,"Automobile, Station Wagon",,,,2009,2009-09-11,2009,20,VICTORIA PARK AVE,ARNCLIFFE CRES,1.0,Intersection,Traffic Signal,Clear,Dark,Dry,Fatal,Pedestrian Collisions,-79.3055,43.7318,September,Friday
1124459,Vehicle Owner,unknown,,Other,,,,2009,2009-08-10,10,0,FINCH Aven E,DON MILLS Road,1.0,Intersection,Traffic Signal,Clear,Dark,Wet,Non-Fatal Injury,Cyclist Collisions,-79.3546,43.7926,August,Monday
1124595,Cyclist,45 to 49,4.0,Bicycle,,,,2009,2009-09-14,2103,21,KINGSTON RD,CLIFFSIDE DR,1.0,Intersection,Traffic Signal,Clear,Dark,Dry,Non-Fatal Injury,Cyclist Collisions,-79.2527,43.7039,September,Monday
1124647,Other Property Owner,unknown,,Other,,,,2009,2009-08-14,1800,18,164 STERLING Road,,4.0,Mid-Block,No Control,Clear,Daylight,Dry,Non-Fatal Injury,SMV Other,-79.4454,43.6551,August,Friday
1124865,Driver,40 to 44,1.0,"Automobile, Station Wagon",,,,2009,2009-09-15,1400,14,KIPLING AVE,ALBION RD,1.0,Mid-Block,No Control,Clear,Daylight,Dry,Fatal,Pedestrian Collisions,-79.5799,43.7389,September,Tuesday
1124992,Motorcycle Driver,50 to 54,4.0,Motorcycle,,,,2009,2009-08-17,1826,18,SOUTH KINGSWAY,RIPLEY AVE,3.0,Intersection,Stop Sign,Clear,Daylight,Dry,Non-Fatal Injury,Turning Movement,-79.4752,43.6367,August,Monday
1125153,Vehicle Owner,unknown,,Other,,,,2009,2009-08-17,1350,13,YONGE ST,STEELES AVE E,1.0,Intersection,Traffic Signal,Clear,Daylight,Dry,Non-Fatal Injury,Pedestrian Collisions,-79.42,43.7979,August,Monday
1125395,Truck Driver,50 to 54,1.0,Truck - Open,,,,2009,2009-09-16,833,8,2680 KEELE ST,,1.0,Intersection,No Control,Clear,Daylight,Dry,Non-Fatal Injury,Turning Movement,-79.4815,43.7244,September,Wednesday
1125430,Vehicle Owner,unknown,,Other,,,,2009,2009-09-17,1349,13,KEELE ST,MURRAY ROSS PKWY,1.0,Intersection,Traffic Signal,Clear,Daylight,Dry,Non-Fatal Injury,SMV Other,-79.4919,43.7673,September,Thursday
1125601,Driver,35 to 39,1.0,"Automobile, Station Wagon",,,,2009,2009-09-17,1520,15,MARKHAM Road,TUXEDO Cour,1.0,Intersection,Traffic Signal,Clear,Daylight,Dry,Non-Fatal Injury,Pedestrian Collisions,-79.2329,43.7795,September,Thursday
1125793,Driver,45 to 49,4.0,"Automobile, Station Wagon",Yes,,Yes,2009,2009-09-20,244,2,DUNDAS ST W,DOVERCOURT RD,3.0,Intersection,Traffic Signal,Clear,Dark,Dry,Non-Fatal Injury,Rear End,-79.4246,43.6494,September,Sunday
1125794,Driver,65 to 69,4.0,"Automobile, Station Wagon",Yes,,Yes,2009,2009-09-20,244,2,DUNDAS ST W,COOLMINE RD,3.0,Intersection,No Control,Clear,Dark,Dry,Non-Fatal Injury,Rear End,-79.4255,43.6494,September,Sunday
1125870,Vehicle Owner,unknown,,Other,,,,2009,2009-08-19,29,0,QUEEN ST E,KINGSTON RD,1.0,Intersection,Traffic Signal,Clear,Dark,Dry,Non-Fatal Injury,Turning Movement,-79.3125,43.6672,August,Wednesday
1125917,Driver,45 to 49,1.0,"Automobile, Station Wagon",,,,2009,2009-08-19,1057,10,3150 PHARMACY AVE,,3.0,Mid-Block,Pedestrian Crossover,Clear,Daylight,Dry,Non-Fatal Injury,Pedestrian Collisions,-79.3282,43.7987,August,Wednesday
1126015,Passenger,20 to 24,1.0,Other,Yes,,,2009,2009-09-22,52,0,MURRAY ROSS PKWY,LEITCH AVE,2.0,Intersection,No Control,Clear,Dark,Wet,Non-Fatal Injury,Pedestrian Collisions,-79.496,43.7659,September,Tuesday
1126056,Driver,45 to 49,1.0,"Automobile, Station Wagon",,,,2009,2009-08-20,2034,20,VICTORIA PARK AVE,MCNICOLL AVE,1.0,Intersection,Traffic Signal,Rain,Dark,Wet,Non-Fatal Injury,Angle,-79.3362,43.804,August,Thursday
1126214,Driver,40 to 44,1.0,"Automobile, Station Wagon",,,,2009,2009-09-22,2220,22,YONGE Stre,GROSVENOR Stre,1.0,Intersection,Traffic Signal,Clear,Dark,Dry,Non-Fatal Injury,Pedestrian Collisions,-79.3837,43.663,September,Tuesday
1126375,Pedestrian,15 to 19,4.0,Other,,,,2009,2009-09-19,2315,23,DON MILLS RD,HAVENBROOK BLVD,1.0,Intersection,Traffic Signal,Clear,Dark,Dry,Non-Fatal Injury,Pedestrian Collisions,-79.3464,43.7695,September,Saturday
1126613,Motorcycle Driver,40 to 44,4.0,Motorcycle,,,,2009,2009-08-25,1806,18,LAWRENCE AVE E,WEST HILL DR,3.0,Intersection,No Control,Clear,Daylight,Dry,Non-Fatal Injury,Rear End,-79.1798,43.7698,August,Tuesday
1126624,Driver,unknown,1.0,"Automobile, Station Wagon",,,,2009,2009-08-16,2040,20,4660 KINGSTON Road,,1.0,Intersection,No Control,Clear,Dark,Dry,Non-Fatal Injury,Cyclist Collisions,-79.175,43.7754,August,Sunday
1126950,Driver,50 to 54,1.0,Passenger Van,,,,2009,2009-09-25,1340,13,80 AUTO MALL DR,,4.0,Mid-Block,No Control,Clear,Daylight,Dry,Non-Fatal Injury,Sideswipe,-79.1919,43.8023,September,Friday
1127178,Driver,50 to 54,1.0,"Automobile, Station Wagon",,,,2009,2009-08-26,715,7,ELLESMERE RD,BRIMLEY RD,1.0,Intersection,Traffic Signal,Rain,Daylight,Wet,Non-Fatal Injury,Turning Movement,-79.2612,43.77,August,Wednesday
1127576,Truck Driver,45 to 49,1.0,Truck - Open,,,,2009,2009-09-29,1122,11,JANE ST,WILSON AVE,1.0,Intersection,Traffic Signal,Rain,Daylight,Wet,Fatal,Pedestrian Collisions,-79.5085,43.7209,September,Tuesday
1127732,Driver,25 to 29,5.0,"Automobile, Station Wagon",,Yes,,2009,2009-08-29,1800,18,SHEPPARD AVE E,MEADOWVALE RD,1.0,Intersection,Traffic Signal,Clear,Daylight,Dry,Non-Fatal Injury,Turning Movement,-79.1707,43.8083,August,Saturday
1127797,Vehicle Owner,unknown,,Other,,,,2009,2009-08-29,2111,21,OVERLEA Boul,THORNCLIFFE PARK Driv,1.0,Mid-Block,No Control,Clear,Dark,Dry,Non-Fatal Injury,Pedestrian Collisions,-79.3428,43.7076,August,Saturday
1128059,Driver,25 to 29,1.0,"Automobile, Station Wagon",Yes,,Yes,2009,2009-09-02,2203,22,FINCH AVE W,JAYZEL DR,1.0,Mid-Block,No Control,Clear,Dark,Dry,Non-Fatal Injury,Pedestrian Collisions,-79.544,43.7517,September,Wednesday
1128125,Driver,25 to 29,5.0,"Automobile, Station Wagon",,,,2009,2009-09-01,1440,14,UNIVERSITY AVE,COLLEGE ST,1.0,Intersection,Traffic Signal,Clear,Daylight,Dry,Non-Fatal Injury,Cyclist Collisions,-79.3904,43.6598,September,Tuesday
1128166,Truck Driver,20 to 24,1.0,Truck - Open,,,,2009,2009-09-04,1142,11,741 KENNEDY RD,,1.0,Intersection,No Control,Clear,Daylight,Dry,Non-Fatal Injury,Pedestrian Collisions,-79.2675,43.7311,September,Friday
1128196,Vehicle Owner,unknown,,Other,,,,2009,2009-09-01,2020,20,4777 YONGE ST,,1.0,Mid-Block,No Control,Clear,Dark,Dry,Non-Fatal Injury,Pedestrian Collisions,-79.4106,43.7603,September,Tuesday
1128218,Driver,80 to 84,1.0,"Automobile, Station Wagon",,,,2009,2009-10-01,1039,10,HORNER AVE,BROWNS LINE Line,1.0,Mid-Block,No Control,Clear,Daylight,Dry,Non-Fatal Injury,Pedestrian Collisions,-79.5454,43.6022,October,Thursday
1128346,Motorcycle Driver,45 to 49,4.0,Motorcycle,,,,2009,2009-09-08,1501,15,QUEEN ST E,MUNRO PARK AVE,3.0,Intersection,No Control,Clear,Daylight,Dry,Non-Fatal Injury,Turning Movement,-79.2834,43.6734,September,Tuesday
1128465,Driver,50 to 54,1.0,"Automobile, Station Wagon",,,,2009,2009-10-02,2057,20,EGLINTON AVE W,MARLEE AVE,1.0,Intersection,Traffic Signal,Rain,Dark,Wet,Non-Fatal Injury,Pedestrian Collisions,-79.4393,43.698,October,Friday
1128816,Driver,25 to 29,1.0,"Automobile, Station Wagon",,,,2009,2009-09-23,1230,12,LAKE SHORE BLVD E,LOWER JARVIS ST,1.0,Mid-Block,No Control,Clear,Daylight,Dry,Non-Fatal Injury,Sideswipe,-79.368,43.6459,September,Wednesday
1128823,Driver,75 to 79,1.0,"Automobile, Station Wagon",,,,2009,2009-09-11,1132,11,CASTLEFIELD AVE,WOODBOROUGH AVE,2.0,Intersection,No Control,Clear,Daylight,Dry,Non-Fatal Injury,Cyclist Collisions,-79.4686,43.6963,September,Friday
1129154,Driver,55 to 59,1.0,"Automobile, Station Wagon",,,,2009,2009-10-06,935,9,CENTRE AVE,WILLOWDALE AVE,3.0,Intersection,Stop Sign,Clear,Daylight,Dry,Non-Fatal Injury,Pedestrian Collisions,-79.4118,43.793,October,Tuesday
1129211,Motorcycle Driver,25 to 29,4.0,Motorcycle,,,,2009,2009-09-09,1400,14,GERRARD ST E,BERKELEY ST,3.0,Intersection,No Control,Clear,Daylight,Dry,Non-Fatal Injury,Turning Movement,-79.3684,43.662,September,Wednesday
1129232,Driver,75 to 79,4.0,"Automobile, Station Wagon",,,,2009,2009-08-05,1216,12,230 ISLAND Rd,,4.0,Mid-Block,No Control,Clear,Daylight,Dry,Non-Fatal Injury,SMV Other,-79.1329,43.7993,August,Wednesday
1129305,Passenger,20 to 24,3.0,Other,,,,2009,2009-09-08,1941,19,KING ST W,BATHURST ST,1.0,Mid-Block,No Control,Clear,Dark,Dry,Non-Fatal Injury,Sideswipe,-79.4019,43.644,September,Tuesday
1129523,Motorcycle Driver,30 to 34,4.0,Motorcycle,Yes,,,2009,2009-09-14,1413,14,150 GRAYDON HALL DR,,2.0,Mid-Block,No Control,Clear,Daylight,Dry,Non-Fatal Injury,Turning Movement,-79.3434,43.7649,September,Monday
1130210,Motorcycle Driver,25 to 29,4.0,Motorcycle,Yes,,,2009,2009-09-16,950,9,BAY ST,ST JOSEPH ST,1.0,Intersection,Traffic Signal,Clear,Daylight,Dry,Non-Fatal Injury,Rear End,-79.3876,43.6656,September,Wednesday
1130310,Motorcycle Driver,20 to 24,4.0,Motorcycle,Yes,,,2009,2009-09-16,2320,23,QUEENS PARK CRES E,GROSVENOR ST,1.0,Intersection,No Control,Clear,Dark,Dry,Non-Fatal Injury,SMV Other,-79.3898,43.6617,September,Wednesday
1130393,Other Property Owner,unknown,,Other,,,,2009,2009-10-13,656,6,KENNEDY RD,ELLESMERE RD,1.0,Intersection,Traffic Signal,Rain,Dawn,Wet,Fatal,SMV Other,-79.281,43.7657,October,Tuesday
1130411,Driver,85 to 89,2.0,"Automobile, Station Wagon",,,,2009,2009-09-19,1418,14,ELLESMERE RD,DEWEY DR,1.0,Intersection,Stop Sign,Clear,Daylight,Dry,Fatal,Turning Movement,-79.3044,43.7603,September,Saturday
1130482,Driver,40 to 44,1.0,"Automobile, Station Wagon",,,,2009,2009-09-18,45,0,KINGSTON Rd,BIRCHCLIFF Ave,1.0,Mid-Block,No Control,Clear,Dark,Dry,Non-Fatal Injury,Pedestrian Collisions,-79.2651,43.6912,September,Friday
1130499,Driver,50 to 54,1.0,"Automobile, Station Wagon",,,,2009,2009-09-18,2302,23,DON MILLS RD,OVERLEA BLVD,1.0,Intersection,Traffic Signal,Clear,Dark,Dry,Non-Fatal Injury,Pedestrian Collisions,-79.3343,43.7099,September,Friday
1130539,Pedestrian,20 to 24,4.0,Other,,,,2009,2009-10-09,2145,21,ISLINGTON AVE,ALBION RD,1.0,Intersection,Traffic Signal,Rain,"Dark, artificial",Wet,Non-Fatal Injury,Pedestrian Collisions,-79.5652,43.7372,October,Friday
1130772,Driver,20 to 24,1.0,"Automobile, Station Wagon",Yes,,,2009,2009-09-19,2047,20,DANFORTH Aven,DAWES Road,1.0,Intersection,Traffic Signal,Clear,Dark,Dry,Non-Fatal Injury,Pedestrian Collisions,-79.2967,43.6892,September,Saturday
1131025,Vehicle Owner,unknown,,"Automobile, Station Wagon",Yes,,Yes,2009,2009-10-16,220,2,225 QUEEN ST W,QUEEN Stre W,1.0,Mid-Block,No Control,Clear,Dark,Dry,Non-Fatal Injury,Pedestrian Collisions,-79.3879,43.6505,October,Friday
1131172,Vehicle Owner,unknown,,Other,,,,2009,2009-10-16,1301,13,STEELES AVE W,TANGREEN CRT,1.0,Intersection,No Control,Clear,Daylight,Dry,Fatal,Pedestrian Collisions,-79.4262,43.7966,October,Friday
1131255,Driver,30 to 34,1.0,"Automobile, Station Wagon",,,,2009,2009-10-17,207,2,BATHURST ST,DUPONT ST,1.0,Intersection,Traffic Signal,Clear,Dark,Dry,Non-Fatal Injury,Pedestrian Collisions,-79.4143,43.6731,October,Saturday
1131264,Passenger,60 to 64,2.0,Other,Yes,,Yes,2009,2009-10-17,2352,23,FINCH AVE W,TOBERMORY DR,1.0,Intersection,Traffic Signal,Clear,Dark,Dry,Fatal,Turning Movement,-79.5078,43.7592,October,Saturday
1131365,Pedestrian,25 to 29,4.0,Other,,,,2009,2009-10-18,306,3,ADELAIDE ST E,VICTORIA ST,1.0,Intersection,Traffic Signal,Clear,Dark,Dry,Non-Fatal Injury,Pedestrian Collisions,-79.3772,43.6506,October,Sunday
1131662,Vehicle Owner,unknown,,Other,,,,2009,2009-09-22,1320,13,SUNNYSIDE Aven,MARION Stre,2.0,Mid-Block,No Control,Clear,Daylight,Dry,Non-Fatal Injury,Pedestrian Collisions,-79.4488,43.6399,September,Tuesday
1131878,Driver,40 to 44,5.0,"Automobile, Station Wagon",,,,2009,2009-10-05,1203,12,WILLIAM R ALLEN RD,SHEPPARD AVE W,1.0,Intersection,Traffic Signal,Clear,Daylight,Dry,Non-Fatal Injury,Turning Movement,-79.4633,43.7502,October,Monday
1131978,Driver,35 to 39,1.0,"Automobile, Station Wagon",,,,2009,2009-09-24,1730,17,DUPONT ST,OSLER ST,1.0,Intersection,No Control,Clear,Daylight,Dry,Non-Fatal Injury,Cyclist Collisions,-79.4565,43.6645,September,Thursday
1132051,Driver,unknown,1.0,"Automobile, Station Wagon",,,,2009,2009-09-24,1010,10,CHURCH ST,GOULD ST,3.0,Mid-Block,No Control,Clear,Daylight,Dry,Non-Fatal Injury,Cyclist Collisions,-79.378,43.6587,September,Thursday
1132060,Pedestrian,50 to 54,4.0,Other,,,,2009,2009-09-25,2315,23,LAWRENCE AVE E,BIRCHMOUNT RD,1.0,Mid-Block,No Control,Clear,Dark,Dry,Non-Fatal Injury,Pedestrian Collisions,-79.2839,43.7476,September,Friday
1132092,Driver,30 to 34,3.0,"Automobile, Station Wagon",,,,2009,2009-09-25,1700,17,O CONNOR DR,COXWELL AVE,1.0,Intersection,Traffic Signal,Clear,Daylight,Dry,Non-Fatal Injury,Turning Movement,-79.3294,43.6977,September,Friday
1132126,Driver,25 to 29,1.0,Municipal Transit Bus (TTC),,,,2009,2009-10-21,2023,20,1549 ALBION RD,,1.0,Mid-Block,No Control,Clear,Dark,Dry,Non-Fatal Injury,Pedestrian Collisions,-79.5867,43.7407,October,Wednesday
1132127,Other,unknown,1.0,Other,,,,2009,2009-10-21,1255,12,WESTON RD,FENMAR DR,1.0,Mid-Block,No Control,Rain,Daylight,Wet,Fatal,Pedestrian Collisions,-79.5434,43.7563,October,Wednesday
1132218,Driver,50 to 54,1.0,"Automobile, Station Wagon",,Yes,,2009,2009-09-26,535,5,HIGHWAY 27  N,STEELES AVE W,1.0,Intersection,Traffic Signal,Clear,Dark,Dry,Non-Fatal Injury,Angle,-79.614,43.7554,September,Saturday
1132426,Driver,40 to 44,1.0,"Automobile, Station Wagon",,,,2009,2009-09-20,1220,12,BLOOR ST W,RENFORTH DR,1.0,Intersection,Stop Sign,Clear,Daylight,Dry,Non-Fatal Injury,Turning Movement,-79.5636,43.6353,September,Sunday
1132522,Passenger,55 to 59,4.0,Other,,,,2009,2009-09-27,1530,15,ST CLAIR AVE W,ARLINGTON AVE,1.0,Intersection,Traffic Signal,Clear,Daylight,Dry,Non-Fatal Injury,Rear End,-79.4288,43.681,September,Sunday
1132676,Driver,45 to 49,3.0,"Automobile, Station Wagon",,,,2009,2009-10-23,715,7,FINCH AVE E,BLACKBIRD GT,3.0,Intersection,No Control,Rain,Dark,Wet,Fatal,Pedestrian Collisions,-79.2242,43.8169,October,Friday
1132677,Driver,30 to 34,4.0,"Automobile, Station Wagon",,,,2009,2009-10-23,755,7,1251 KENNEDY Rd,,1.0,Mid-Block,No Control,Rain,Daylight,Wet,Non-Fatal Injury,SMV Other,-79.2773,43.7563,October,Friday
1132688,Vehicle Owner,unknown,,Other,,,,2009,2009-10-23,1708,17,STEELES AVE W,TURBINE DR,1.0,Intersection,No Control,Rain,Daylight,Wet,Non-Fatal Injury,Pedestrian Collisions,-79.5577,43.7679,October,Friday
1132715,Driver,20 to 24,1.0,"Automobile, Station Wagon",,,,2009,2009-10-23,2015,20,BAY ST,WELLESLEY ST W,1.0,Intersection,Traffic Signal,Rain,Dark,Wet,Non-Fatal Injury,Pedestrian Collisions,-79.3871,43.6643,October,Friday
1132987,Vehicle Owner,unknown,,Other,,,,2009,2009-09-30,1527,15,MARKHAM RD,ELLESMERE RD,1.0,Mid-Block,No Control,Clear,Daylight,Dry,Non-Fatal Injury,Pedestrian Collisions,-79.2319,43.7772,September,Wednesday
1133034,Driver,60 to 64,1.0,"Automobile, Station Wagon",,,,2009,2009-10-02,1400,14,BLOOR ST E,SHERBOURNE ST N,1.0,Intersection,Traffic Signal,Rain,Daylight,Wet,Fatal,Pedestrian Collisions,-79.3768,43.6723,October,Friday
1133302,Driver,25 to 29,1.0,"Automobile, Station Wagon",,,,2009,2009-09-24,2115,21,MARTIN GROVE Road,EGLINTON Aven W,1.0,Intersection,Traffic Signal,Clear,Dark,Dry,Non-Fatal Injury,Turning Movement,-79.5631,43.6744,September,Thursday
1133393,Driver,55 to 59,3.0,"Automobile, Station Wagon",,,,2009,2009-10-02,1240,12,1255 THE QUEENSWAY,,1.0,Mid-Block,Stop Sign,Rain,Daylight,Wet,Non-Fatal Injury,Turning Movement,-79.525,43.6213,October,Friday
1133411,Driver,40 to 44,1.0,"Automobile, Station Wagon",,,,2009,2009-10-03,1710,17,MCNICOLL Ave,BIRCHMOUNT Rd,1.0,Intersection,Traffic Signal,Clear,Daylight,Dry,Non-Fatal Injury,Turning Movement,-79.3111,43.8086,October,Saturday
1133419,Driver,45 to 49,1.0,"Automobile, Station Wagon",,,,2009,2009-10-03,1018,10,STEELES AVE E,STRAWBERRY HILLS DR,1.0,Intersection,Traffic Signal,Rain,Dusk,Wet,Non-Fatal Injury,Pedestrian Collisions,-79.2803,43.8298,October,Saturday
1133515,Vehicle Owner,unknown,,Other,Yes,,,2009,2009-10-04,348,3,LAWRENCE Aven E,MOUNT PLEASANT Road,1.0,Intersection,Traffic Signal,Clear,Dark,Dry,Non-Fatal Injury,Rear End,-79.3971,43.7261,October,Sunday
1133570,Vehicle Owner,unknown,,Other,,,,2009,2009-10-02,1626,16,FINCH AVE W,KEELE ST,1.0,Intersection,Traffic Signal,Rain,Daylight,Wet,Non-Fatal Injury,Pedestrian Collisions,-79.4909,43.7634,October,Friday
1133576,Driver,35 to 39,5.0,"Automobile, Station Wagon",,,,2009,2009-10-04,1520,15,OAKWOOD AVE,EGLINTON AVE W,1.0,Intersection,Traffic Signal,Clear,Daylight,Wet,Non-Fatal Injury,Turning Movement,-79.4427,43.6972,October,Sunday
1133583,Driver,35 to 39,1.0,Taxi,,Yes,,2009,2009-10-04,1400,14,UNIVERSITY Ave,RICHMOND St W,1.0,Intersection,Traffic Signal,Rain,Daylight,Wet,Non-Fatal Injury,Angle,-79.3862,43.65,October,Sunday
1133598,Pedestrian,30 to 34,1.0,Other,,,,2009,2009-10-28,707,7,BIRMINGHAM ST,NINETEENTH ST,2.0,Intersection,No Control,Rain,"Dawn, artificial",Wet,Non-Fatal Injury,Pedestrian Collisions,-79.519,43.6004,October,Wednesday
1133727,Vehicle Owner,unknown,,Other,,,,2009,2009-10-05,1654,16,LESLIE Stre,LESMILL Road,1.0,Mid-Block,No Control,Clear,Daylight,Dry,Non-Fatal Injury,Rear End,-79.3618,43.7623,October,Monday
1133805,Vehicle Owner,unknown,,Other,,,,2009,2009-10-06,701,7,OLD WESTON RD,ST CLAIR AVE W,1.0,Mid-Block,No Control,Clear,Daylight,Dry,Non-Fatal Injury,Pedestrian Collisions,-79.463,43.6737,October,Tuesday
1133909,Driver,20 to 24,1.0,"Automobile, Station Wagon",,,,2009,2009-10-08,1915,19,EGLINTON Aven E,MIDLAND Aven,1.0,Intersection,Traffic Signal,Clear,Dark,Dry,Non-Fatal Injury,Turning Movement,-79.258,43.7345,October,Thursday
1134244,Driver,50 to 54,5.0,"Automobile, Station Wagon",,Yes,,2009,2009-10-31,901,9,KEELE ST,STEELES AVE W,1.0,Intersection,Traffic Signal,Rain,Daylight,Wet,Fatal,Turning Movement,-79.4944,43.7815,October,Saturday
1134481,Driver,70 to 74,4.0,"Automobile, Station Wagon",Yes,,,2009,2009-11-02,1045,10,YONGE Stre,DAVISVILLE Aven,3.0,Mid-Block,No Control,Clear,Daylight,Dry,Non-Fatal Injury,SMV Unattended Vehicle,-79.396,43.6984,November,Monday
1134547,Driver,85 to 89,1.0,Other,,,,2009,2009-10-05,1234,12,KINGSTON RD,LAWRENCE AVE E,1.0,Intersection,Traffic Signal,Clear,Daylight,Dry,Non-Fatal Injury,Pedestrian Collisions,-79.1895,43.7676,October,Monday