ACCNUM,INVTYPE,INVAGE,INJURY_ID,VEHTYPE,SPEEDING,REDLIGHT,ALCOHOL,YEAR,DATE,TIME,HOUR,STREET1,STREET2,ROAD_CLASS_ID,LOCCOORD,TRAFFCTL,VISIBILITY,LIGHT,RDSFCOND,ACCLASS,IMPACTYPE,Longitude,Latitude,Month,Day_of_Week
1200323,Motorcycle Driver,25 to 29,4.0,Motorcycle,,,,2010,2010-10-08,1130,11,WILSON AVE,PRIVET RD,1.0,Intersection,No Control,Clear,Daylight,Dry,Non-Fatal Injury,Turning Movement,-79.4993,43.7227,October,Friday
1200416,Passenger,40 to 44,3.0,Other,,,,2010,2010-10-08,2255,22,ST CLAIR AVE E,AVOCA AVE,1.0,Intersection,Traffic Signal,Clear,Dark,Dry,Non-Fatal Injury,Rear End,-79.3898,43.6889,October,Friday
1200535,Pedestrian,65 to 69,4.0,Other,,,Yes,2010,2010-11-09,2146,21,KIPLING AVE,ALBION RD,1.0,Mid-Block,No Control,Clear,Dark,Dry,Non-Fatal Injury,Pedestrian Collisions,-79.5797,43.7385,November,Tuesday
1200544,Pedestrian,75 to 79,4.0,Other,,,,2010,2010-10-12,955,9,STEELES AVE E,OLD KENNEDY RD,1.0,Intersection,Traffic Signal,Clear,Daylight,Dry,Non-Fatal Injury,Pedestrian Collisions,-79.3,43.8253,October,Tuesday
1200665,Vehicle Owner,unknown,,Other,,,,2010,2010-09-28,1035,10,DANFORTH AVE,MAIN ST,1.0,Intersection,Traffic Signal,Rain,Daylight,Wet,Non-Fatal Injury,Pedestrian Collisions,-79.3017,43.6881,September,Tuesday
1200768,Pedestrian,75 to 79,4.0,Other,,,,2010,2010-02-19,910,9,BARTLETT AVE,DUPONT ST,4.0,Mid-Block,Traffic Gate,Clear,Daylight,Dry,Non-Fatal Injury,Pedestrian Collisions,-79.4365,43.6695,February,Friday
1200876,Vehicle Owner,unknown,,Other,,,,2010,2010-07-13,1030,10,COMMISSIONERS Stre,SAULTER Stre S,2.0,Mid-Block,No Control,Clear,Daylight,Dry,Non-Fatal Injury,SMV Other,-79.3431,43.6493,July,Tuesday
1200931,Motorcycle Driver,25 to 29,4.0,Motorcycle,Yes,,,2010,2010-11-11,934,9,F G GARDINER Expr W,DON VALLEY PARKWAY  N,,Mid-Block,No Control,Clear,Daylight,Dry,Non-Fatal Injury,SMV Other,-79.3489,43.6507,November,Thursday
1200942,Driver,45 to 49,1.0,"Automobile, Station Wagon",,,,2010,2010-10-14,622,6,STEELES AVE W,GERRY FITZGERALD DR,1.0,Intersection,Traffic Signal,Rain,Dark,Wet,Non-Fatal Injury,Pedestrian Collisions,-79.4747,43.7861,October,Thursday
1201108,Driver,45 to 49,3.0,"Automobile, Station Wagon",,,,2010,2010-10-25,1740,17,SHEPPARD AVE E,REAN DR,1.0,Intersection,Traffic Signal,Clear,Dark,Dry,Non-Fatal Injury,Turning Movement,-79.383,43.7677,October,Monday
1201223,Pedestrian,15 to 19,3.0,Other,,,,2010,2010-10-18,859,8,VICTORIA PARK AVE,ROWENA DR,1.0,Intersection,Traffic Signal,Clear,Daylight,Dry,Non-Fatal Injury,Pedestrian Collisions,-79.3129,43.7514,October,Monday
1201760,Driver,20 to 24,3.0,"Automobile, Station Wagon",,,,2010,2010-11-15,2303,23,STEELES Aven W,HIGHWAY 400  N,1.0,Intersection,Traffic Signal,Clear,Dark,Dry,Non-Fatal Injury,Turning Movement,-79.5378,43.772,November,Monday
1201798,Motorcycle Driver,45 to 49,4.0,Motorcycle,,,,2010,2010-10-16,1553,15,CHURCH ST,MC GILL ST,3.0,Intersection,No Control,Clear,Daylight,Dry,Non-Fatal Injury,Turning Movement,-79.3788,43.6606,October,Saturday
1201907,Driver,25 to 29,1.0,"Automobile, Station Wagon",,,,2010,2010-10-20,1825,18,QUEEN Stre E,KENILWORTH Aven,3.0,Intersection,No Control,Clear,Dark,Dry,Non-Fatal Injury,Cyclist Collisions,-79.3018,43.6696,October,Wednesday
1201944,Driver,30 to 34,1.0,"Automobile, Station Wagon",,,,2010,2010-10-21,2050,20,EGLINTON AVE E,BIRCHMOUNT RD,1.0,Mid-Block,No Control,Clear,Dark,Dry,Non-Fatal Injury,Pedestrian Collisions,-79.277,43.7301,October,Thursday
1202126,Driver,50 to 54,1.0,"Automobile, Station Wagon",,Yes,,2010,2010-10-24,2022,20,KEELE ST,MURRAY ROSS PKWY,1.0,Intersection,Traffic Signal,Rain,Dark,Wet,Non-Fatal Injury,Turning Movement,-79.4919,43.7673,October,Sunday
1202163,Vehicle Owner,unknown,,Other,,,,2010,2010-10-23,2250,22,DIXON RD,KIPLING AVE,1.0,Intersection,Traffic Signal,Rain,Dark,Wet,Non-Fatal Injury,Pedestrian Collisions,-79.5585,43.6942,October,Saturday
1202173,Truck Driver,30 to 34,1.0,Truck - Open,,,,2010,2010-11-17,818,8,DUNDAS ST W,KENNETH AVE,3.0,Intersection,No Control,Rain,Daylight,Wet,Fatal,Pedestrian Collisions,-79.4558,43.6624,November,Wednesday
1202192,Driver,50 to 54,1.0,"Automobile, Station Wagon",,,,2010,2010-10-24,1945,19,PARLIAMENT ST,GERRARD ST E,3.0,Intersection,Traffic Signal,Clear,Dark,Dry,Non-Fatal Injury,Pedestrian Collisions,-79.3669,43.6619,October,Sunday
1202238,Other,unknown,1.0,Other,Yes,,Yes,2010,2010-10-23,232,2,BEVERLEY ST,CECIL ST,3.0,Mid-Block,No Control,Clear,Dark,Dry,Non-Fatal Injury,Pedestrian Collisions,-79.3949,43.6565,October,Saturday
1202322,Passenger,10 to 14,1.0,Other,,,,2010,2010-11-17,1853,18,FINCH Ave W,VIRGILWOOD Dr,1.0,Intersection,Traffic Signal,Clear,Daylight,Dry,Non-Fatal Injury,Pedestrian Collisions,-79.4481,43.7728,November,Wednesday
1202550,Passenger,45 to 49,3.0,Other,,,,2010,2010-10-25,2022,20,SHEPPARD AVE E,BIRCHMOUNT RD,1.0,Intersection,Traffic Signal,Clear,Dark,Dry,Non-Fatal Injury,Turning Movement,-79.298,43.781,October,Monday
1202582,Driver,70 to 74,1.0,"Automobile, Station Wagon",,,,2010,2010-10-27,910,9,BLOOR ST W,MARKLAND DR,1.0,Intersection,Traffic Signal,Clear,Daylight,Dry,Non-Fatal Injury,Pedestrian Collisions,-79.5707,43.6335,October,Wednesday
1202672,Motorcycle Driver,35 to 39,4.0,Motorcycle,,Yes,,2010,2010-10-27,726,7,DON MILLS RD,STEELES AVE E,1.0,Intersection,Traffic Signal,Clear,Daylight,Wet,Non-Fatal Injury,Turning Movement,-79.3607,43.8111,October,Wednesday
1202989,Vehicle Owner,unknown,,Other,,,,2010,2010-11-19,744,7,LOWER SPADINA AVE,LAKE SHORE BLVD W,1.0,Intersection,Traffic Signal,Clear,Daylight,Dry,Fatal,Cyclist Collisions,-79.3921,43.6384,November,Friday
1203088,Driver,35 to 39,1.0,"Automobile, Station Wagon",,,,2010,2010-11-01,1740,17,AVENUE RD,ST CLAIR AVE W,1.0,Mid-Block,No Control,Clear,Daylight,Dry,Non-Fatal Injury,Rear End,-79.4018,43.6875,November,Monday
1203098,Driver,85 to 89,1.0,"Automobile, Station Wagon",,,,2010,2010-11-01,1410,14,ROYAL YORK RD,NEWCASTLE ST,3.0,Intersection,Traffic Signal,Clear,Daylight,Dry,Non-Fatal Injury,Pedestrian Collisions,-79.4988,43.6174,November,Monday
1203435,Driver,45 to 49,1.0,"Automobile, Station Wagon",,,,2010,2010-11-22,1818,18,GLENCAIRN AVE,AVENUE RD,1.0,Intersection,Stop Sign,Rain,Dark,Wet,Non-Fatal Injury,Pedestrian Collisions,-79.4122,43.7159,November,Monday
1203535,Vehicle Owner,unknown,,Other,,,,2010,2010-11-03,1050,10,MIDLAND AVE,BENJAMIN BLVD,3.0,Intersection,No Control,Clear,Daylight,Dry,Non-Fatal Injury,Rear End,-79.257,43.7322,November,Wednesday
1203754,Driver,unknown,1.0,"Automobile, Station Wagon",,,,2010,2010-11-14,330,3,SPADINA Rd,BLOOR St W,1.0,Intersection,Traffic Signal,Clear,Dark,Dry,Non-Fatal Injury,Pedestrian Collisions,-79.4038,43.6666,November,Sunday
1203769,Driver,35 to 39,1.0,Municipal Transit Bus (TTC),,,,2010,2010-06-27,1710,17,THE QUEENSWAY,GARDINER QUEENSWAY W RAMP,1.0,Intersection,Traffic Signal,Clear,Daylight,Wet,Non-Fatal Injury,Rear End,-79.4729,43.6359,June,Sunday
1203855,Driver,25 to 29,1.0,"Automobile, Station Wagon",,,,2010,2010-11-22,1542,15,THORNCLIFFE PARK DR,OVERLEA BLVD,1.0,Intersection,Traffic Signal,Rain,Daylight,Wet,Non-Fatal Injury,Pedestrian Collisions,-79.3498,43.705,November,Monday
1204112,Vehicle Owner,unknown,,Other,,,,2010,2010-11-25,1051,10,KENNEDY RD,TROJAN GT,1.0,Intersection,Traffic Signal,Clear,Daylight,Dry,Non-Fatal Injury,Turning Movement,-79.2981,43.8038,November,Thursday
1204248,Vehicle Owner,unknown,,,Yes,,,2010,2010-11-07,15,0,AUGUSTA AVE,COLLEGE ST,2.0,Mid-Block,No Control,Clear,Dark,Dry,Non-Fatal Injury,Pedestrian Collisions,-79.4028,43.6565,November,Sunday
1204296,Driver,70 to 74,1.0,"Automobile, Station Wagon",,,,2010,2010-11-26,1719,17,HUMEWOOD GDNS,RUSHTON RD,4.0,Intersection,Stop Sign,Clear,Dark,Dry,Fatal,Pedestrian Collisions,-79.4283,43.6829,November,Friday
1204298,Driver,25 to 29,1.0,"Automobile, Station Wagon",,,,2010,2010-11-26,2026,20,EGLINTON AVE E,SUTHERLAND DR,1.0,Intersection,Traffic Signal,Clear,Dark,Dry,Non-Fatal Injury,Pedestrian Collisions,-79.3671,43.713,November,Friday
1204378,Passenger,0 to 4,4.0,Other,,,Yes,2010,2010-11-28,545,5,BLOOR RAMP,CASTLE FRANK RD,,Mid-Block,No Control,Clear,Dark,Dry,Non-Fatal Injury,SMV Other,-79.368,43.6765,November,Sunday
1204379,Driver,60 to 64,1.0,"Automobile, Station Wagon",,,,2010,2010-11-28,1217,12,HARBOUR ST,BAY ST,1.0,Intersection,Traffic Signal,Clear,Daylight,Dry,Non-Fatal Injury,Pedestrian Collisions,-79.3774,43.642,November,Sunday
1204639,Driver,45 to 49,1.0,"Automobile, Station Wagon",,,,2010,2010-11-29,1620,16,LAKE SHORE BLVD W,PARKSIDE DR,1.0,Intersection,Traffic Signal,Clear,Daylight,Dry,Non-Fatal Injury,Cyclist Collisions,-79.4534,43.6382,November,Monday
1204643,Driver,unknown,1.0,Taxi,,,,2010,2010-11-28,235,2,DUNDAS ST W,YONGE ST,1.0,Mid-Block,No Control,Clear,"Dark, artificial",Dry,Non-Fatal Injury,Pedestrian Collisions,-79.3813,43.6562,November,Sunday
1204660,Passenger,25 to 29,4.0,Other,,,,2010,2010-09-29,654,6,MOUNT PLEASANT RD,DAVISVILLE AVE,1.0,Intersection,Traffic Signal,Clear,Daylight,Dry,Non-Fatal Injury,Turning Movement,-79.3869,43.7003,September,Wednesday
1204889,Driver,20 to 24,1.0,"Automobile, Station Wagon",,,,2010,2010-11-30,1812,18,LAWRENCE AVE E,ELINOR AVE,1.0,Intersection,Traffic Signal,Rain,Dark,Wet,Non-Fatal Injury,Pedestrian Collisions,-79.3005,43.744,November,Tuesday
1205176,Driver,30 to 34,4.0,"Automobile, Station Wagon",Yes,,,2010,2010-10-14,1703,17,BLOOR ST E,CASTLE FRANK RD,1.0,Mid-Block,No Control,Rain,Daylight,Wet,Non-Fatal Injury,Approaching,-79.3676,43.674,October,Thursday
1205226,Pedestrian,60 to 64,4.0,Other,,,,2010,2010-11-16,1820,18,PARKSIDE DR,HOWARD PARK AVE,1.0,Intersection,Traffic Signal,Rain,Dark,Wet,Non-Fatal Injury,Pedestrian Collisions,-79.4577,43.6486,November,Tuesday
1205381,Driver,35 to 39,1.0,"Automobile, Station Wagon",,,,2010,2010-09-15,1952,19,QUEEN Stre W,SPADINA Aven,1.0,Intersection,No Control,Clear,Dark,Dry,Non-Fatal Injury,Pedestrian Collisions,-79.3957,43.6488,September,Wednesday
1205411,Driver,40 to 44,1.0,"Automobile, Station Wagon",,,,2010,2010-11-16,2001,20,50 YORK GATE BLVD,,3.0,Mid-Block,No Control,Rain,Dark,Wet,Non-Fatal Injury,Pedestrian Collisions,-79.5214,43.7584,November,Tuesday
1205539,Vehicle Owner,unknown,,Other,,,,2010,2010-11-17,1534,15,DANFORTH RD,MIDLAND AVE,1.0,Intersection,Traffic Signal,Clear,Daylight,Dry,Non-Fatal Injury,Pedestrian Collisions,-79.2539,43.7248,November,Wednesday
1205835,Passenger,25 to 29,4.0,Other,,,,2010,2010-12-05,421,4,422 BRIMORTON DR,,2.0,Mid-Block,No Control,Clear,Dark,Dry,Fatal,SMV Other,-79.2375,43.769,December,Sunday
1205839,Motorcycle Driver,25 to 29,4.0,Motorcycle,,,,2010,2010-11-13,1430,14,LAKE SHORE Boul W,ONTARIO Driv,1.0,Intersection,Traffic Signal,Clear,Daylight,Dry,Non-Fatal Injury,Turning Movement,-79.4197,43.6304,November,Saturday
1205980,Driver,35 to 39,1.0,"Automobile, Station Wagon",,,,2010,2010-12-06,1855,18,THE QUEENSWAY,COLBORNE LODGE DR,1.0,Mid-Block,No Control,Snow,Dark,Dry,Non-Fatal Injury,Pedestrian Collisions,-79.4566,43.6396,December,Monday
1205981,Driver,35 to 39,1.0,"Automobile, Station Wagon",,,,2010,2010-12-06,1445,14,ANNETTE ST,RUNNYMEDE RD,3.0,Intersection,Traffic Signal,Clear,Daylight,Loose Snow,Non-Fatal Injury,Pedestrian Collisions,-79.4799,43.66,December,Monday
1206111,Driver,25 to 29,3.0,"Automobile, Station Wagon",,Yes,,2010,2010-11-18,2041,20,PARLIAMENT St,FRONT St E,3.0,Intersection,Traffic Signal,Clear,Dark,Dry,Non-Fatal Injury,Angle,-79.3626,43.6515,November,Thursday
1206537,Driver,40 to 44,4.0,"Automobile, Station Wagon",,,,2010,2010-12-08,2055,20,SHEPPARD Aven W,JANE Stre,1.0,Mid-Block,No Control,Clear,Dark,Dry,Non-Fatal Injury,SMV Other,-79.5117,43.7394,December,Wednesday
1206538,Driver,40 to 44,4.0,"Automobile, Station Wagon",,,,2010,2010-12-08,2055,20,SHEPPARD Aven W,JANE Stre,1.0,Intersection,Traffic Signal,Clear,Dark,Dry,Non-Fatal Injury,Rear End,-79.5131,43.7393,December,Wednesday
1206992,Vehicle Owner,unknown,,Other,,,,2010,2010-12-11,1935,19,ST CLAIR AVE E,DANFORTH RD,1.0,Intersection,Traffic Signal,Clear,Dark,Dry,Fatal,Pedestrian Collisions,-79.2598,43.7168,December,Saturday
1207328,Driver,35 to 39,1.0,"Automobile, Station Wagon",,,,2010,2010-11-14,1850,18,JANE ST,EGLINTON AVE W,1.0,Intersection,Traffic Signal,Clear,Dark,Dry,Non-Fatal Injury,Pedestrian Collisions,-79.4987,43.6844,November,Sunday
1207370,Passenger,15 to 19,5.0,Other,,,,2010,2010-12-14,216,2,KINGSTON RD,ST QUENTIN AVE,1.0,Mid-Block,No Control,Snow,Dark,Packed Snow,Fatal,SMV Other,-79.2392,43.7191,December,Tuesday
1207434,Driver,50 to 54,4.0,"Automobile, Station Wagon",,,,2010,2010-11-14,1958,19,FALMOUTH Aven,DANFORTH Road,1.0,Intersection,Stop Sign,Clear,Dark,Dry,Non-Fatal Injury,Turning Movement,-79.2509,43.7305,November,Sunday
1207710,Motorcycle Driver,45 to 49,4.0,Motorcycle,,,,2010,2010-11-11,1225,12,KINGSTON RD,MARKHAM RD,1.0,Intersection,Traffic Signal,Clear,Daylight,Dry,Non-Fatal Injury,Turning Movement,-79.2169,43.7387,November,Thursday
1207741,Vehicle Owner,unknown,,Other,,,,2010,2010-11-12,1820,18,322 THE WESTWAY,,3.0,Mid-Block,No Control,Clear,Dark,Dry,Non-Fatal Injury,Pedestrian Collisions,-79.5576,43.6853,November,Friday
1207896,Driver,75 to 79,1.0,"Automobile, Station Wagon",,,,2010,2010-12-15,1318,13,DUNDAS ST W,CHELSEA AVE,3.0,Mid-Block,No Control,Clear,Daylight,Wet,Non-Fatal Injury,Pedestrian Collisions,-79.4531,43.6588,December,Wednesday
1207898,Driver,50 to 54,4.0,"Automobile, Station Wagon",,,,2010,2010-12-15,1602,16,HORNER Aven,CONNELL Cour,3.0,Intersection,Stop Sign,Clear,Daylight,Dry,Non-Fatal Injury,Turning Movement,-79.5172,43.6141,December,Wednesday
1208298,Driver,30 to 34,1.0,"Automobile, Station Wagon",,,,2010,2010-12-01,620,6,FINCH AVE W,ALBION RD,1.0,Intersection,Traffic Signal,Rain,"Dark, artificial",Wet,Non-Fatal Injury,Pedestrian Collisions,-79.587,43.7431,December,Wednesday
1208694,Vehicle Owner,unknown,,Other,,,,2010,2010-12-18,2256,22,MCCOWAN RD,MELDAZY DR,1.0,Mid-Block,No Control,Clear,Dark,Dry,Fatal,Approaching,-79.2483,43.7638,December,Saturday
1208896,Vehicle Owner,unknown,,Other,,,,2010,2010-12-21,1639,16,DANFORTH Ave,BROADVIEW Ave,1.0,Mid-Block,No Control,Clear,Daylight,Dry,Non-Fatal Injury,Cyclist Collisions,-79.3588,43.6761,December,Tuesday
1209188,Motorcycle Driver,40 to 44,4.0,Motorcycle,,,,2010,2010-10-29,2242,22,DUNDAS ST E,GEORGE ST,1.0,Mid-Block,No Control,Clear,Dark,Dry,Non-Fatal Injury,SMV Other,-79.3729,43.6577,October,Friday
1209207,Other,unknown,1.0,Other,,,,2010,2010-12-23,2027,20,BATHURST ST,BRIDGMAN AVE,1.0,Mid-Block,No Control,Clear,Dark,Dry,Fatal,Pedestrian Collisions,-79.4146,43.6739,December,Thursday
1209440,Passenger,70 to 74,1.0,Other,,,,2010,2010-12-28,1734,17,STEELES AVE E,SILVER STAR BLVD,1.0,Intersection,Traffic Signal,Snow,Dark,Wet,Fatal,Pedestrian Collisions,-79.2999,43.8253,December,Tuesday
1209441,Driver,unknown,1.0,"Automobile, Station Wagon",,,,2010,2010-12-28,1750,17,STEELES AVE E,MIDLAND AVE,1.0,Intersection,Traffic Signal,Snow,Dark,Wet,Non-Fatal Injury,Pedestrian Collisions,-79.2972,43.8259,December,Tuesday
1210091,Driver,60 to 64,1.0,"Automobile, Station Wagon",,,,2011,2011-01-01,513,5,SPADINA RD,DUPONT ST,1.0,Intersection,Traffic Signal,Clear,Dark,Wet,Non-Fatal Injury,Cyclist Collisions,-79.407,43.6748,January,Saturday
1210132,Driver,55 to 59,1.0,"Automobile, Station Wagon",Yes,,,2011,2011-01-02,105,1,MCCOWAN RD,ELLESMERE RD,1.0,Intersection,Traffic Signal,Clear,Dark,Dry,Non-Fatal Injury,Turning Movement,-79.2514,43.7721,January,Sunday
1210705,Driver,40 to 44,1.0,"Automobile, Station Wagon",,,,2010,2010-12-04,1430,14,CARRIER Driv,WOODBINE DOWNS Boul,2.0,Intersection,Stop Sign,Clear,Daylight,Dry,Non-Fatal Injury,Angle,-79.6075,43.7386,December,Saturday
1211140,Driver,50 to 54,1.0,"Automobile, Station Wagon",,,,2011,2011-01-07,1430,14,BATHURST ST,PORTUGAL SQ,1.0,Intersection,No Control,Clear,Daylight,Wet,Non-Fatal Injury,Pedestrian Collisions,-79.4033,43.6455,January,Friday
1211163,Driver,35 to 39,1.0,"Automobile, Station Wagon",,,,2011,2011-01-07,1900,19,FINCH AVE W,YORK GATE BLVD,1.0,Mid-Block,No Control,Clear,Dark,Dry,Non-Fatal Injury,Pedestrian Collisions,-79.5197,43.7569,January,Friday
1211648,Driver,45 to 49,1.0,"Automobile, Station Wagon",,,,2010,2010-12-06,845,8,JANE ST,JOHN ST,1.0,Intersection,Traffic Signal,Snow,Daylight,Wet,Non-Fatal Injury,Turning Movement,-79.5047,43.7066,December,Monday
1211679,Driver,40 to 44,1.0,"Automobile, Station Wagon",Yes,,,2011,2011-01-10,837,8,VICTORIA PARK AVE,SLOANE AVE,1.0,Intersection,No Control,Clear,Daylight,Wet,Non-Fatal Injury,Rear End,-79.3084,43.7388,January,Monday
1212031,Pedestrian,unknown,2.0,Other,,,,2011,2011-01-11,1023,10,QUEEN ST W,BATHURST ST,1.0,Intersection,No Control,Clear,Daylight,Wet,Fatal,Pedestrian Collisions,-79.4038,43.6472,January,Tuesday
1212205,Pedestrian,15 to 19,4.0,Other,,,,2010,2010-12-08,1512,15,BIRCHMOUNT RD,WINTERMUTE BLVD,1.0,Intersection,Traffic Signal,Clear,Daylight,Dry,Non-Fatal Injury,Pedestrian Collisions,-79.3144,43.8162,December,Wednesday
1212390,Vehicle Owner,unknown,,Other,,,,2010,2010-12-08,821,8,4472 STEELES AVE E,,1.0,Mid-Block,No Control,Clear,Daylight,Dry,Non-Fatal Injury,Pedestrian Collisions,-79.3149,43.8218,December,Wednesday
1212585,Driver,55 to 59,1.0,"Automobile, Station Wagon",,,,2010,2010-12-09,631,6,RIVALDA RD,SHEPPARD AVE W,1.0,Intersection,Traffic Signal,Clear,Dark,Dry,Non-Fatal Injury,Pedestrian Collisions,-79.5338,43.7346,December,Thursday
1212862,Driver,45 to 49,4.0,"Automobile, Station Wagon",Yes,,,2011,2011-01-15,1025,10,EGLINTON AVE W,RENFORTH DR,3.0,Mid-Block,No Control,Snow,Daylight,Slush,Non-Fatal Injury,SMV Other,-79.5861,43.6655,January,Saturday
1213166,Driver,30 to 34,4.0,"Automobile, Station Wagon",Yes,,,2010,2010-12-10,1700,17,911 BRIMORTON Dr,,2.0,Mid-Block,No Control,Snow,Dark,Slush,Non-Fatal Injury,SMV Other,-79.2126,43.771,December,Friday
1213789,Driver,35 to 39,1.0,"Automobile, Station Wagon",,,,2010,2010-12-11,937,9,349 HULLMAR DR,,2.0,Intersection,No Control,Snow,Daylight,Other,Non-Fatal Injury,Pedestrian Collisions,-79.5253,43.7733,December,Saturday
1213866,Vehicle Owner,unknown,,Other,,,,2011,2011-01-21,519,5,DUFFERIN ST,NORTON AVE W,1.0,Intersection,No Control,Snow,Dark,Slush,Fatal,Pedestrian Collisions,-79.4432,43.6786,January,Friday
1213957,Driver,65 to 69,4.0,"Automobile, Station Wagon",,,,2010,2010-12-13,1725,17,LAKE SHORE BLVD W,HILLSIDE AVE,1.0,Intersection,Traffic Signal,Clear,Dark,Dry,Non-Fatal Injury,Pedestrian Collisions,-79.4899,43.6111,December,Monday
1214196,Vehicle Owner,unknown,,Other,,,Yes,2011,2011-01-22,319,3,F G GARDINER XY Expr E,JAMESON AVE,,Mid-Block,No Control,Clear,Dark,Dry,Non-Fatal Injury,Rear End,-79.4327,43.6324,January,Saturday
1214567,Passenger,35 to 39,3.0,Other,,,,2011,2011-01-24,1300,13,2372 FINCH AVE W,,1.0,Mid-Block,No Control,Clear,Daylight,Wet,Non-Fatal Injury,Turning Movement,-79.5447,43.7515,January,Monday
1214720,Driver,65 to 69,5.0,"Automobile, Station Wagon",,,,2011,2011-01-25,825,8,MCCOWAN RD,ST ANDREWS RD,1.0,Mid-Block,No Control,Clear,Daylight,Wet,Non-Fatal Injury,Pedestrian Collisions,-79.2465,43.7594,January,Tuesday
1214725,Driver,70 to 74,1.0,"Automobile, Station Wagon",,,,2011,2011-01-25,2058,20,BATHURST ST,FOREST RIDGE DR,1.0,Mid-Block,No Control,Clear,Dark,Wet,Fatal,Pedestrian Collisions,-79.4266,43.7066,January,Tuesday
1215284,Vehicle Owner,unknown,,Other,,,,2011,2011-01-29,0,0,BLOOR ST W,CONCORD AVE,1.0,Intersection,No Control,Clear,Dark,Dry,Fatal,Pedestrian Collisions,-79.4268,43.6617,January,Saturday
1215424,Driver,40 to 44,4.0,"Automobile, Station Wagon",Yes,,Yes,2010,2010-12-15,2115,21,1251 BRIDLETOWNE Circ,,2.0,Intersection,Pedestrian Crossover,Snow,Dark,Wet,Non-Fatal Injury,SMV Other,-79.312,43.7936,December,Wednesday
1215589,Vehicle Owner,unknown,,Other,,,,2011,2011-02-01,847,8,MARTIN GROVE RD,JOHN GARLAND BLVD,1.0,Intersection,Traffic Signal,Snow,Daylight,Loose Snow,Non-Fatal Injury,Pedestrian Collisions,-79.5893,43.732,February,Tuesday
1216368,Pedestrian,45 to 49,4.0,Other,,,,2010,2010-12-20,1540,15,VICTORIA PARK AVE,PACHINO BLVD,1.0,Intersection,No Control,Clear,Daylight,Wet,Non-Fatal Injury,Pedestrian Collisions,-79.3169,43.7618,December,Monday
1216616,Vehicle Owner,unknown,,Other,,,,2010,2010-12-19,211,2,DUNDAS ST W,MANNING AVE,1.0,Intersection,Traffic Signal,Clear,Dark,Dry,Non-Fatal Injury,Pedestrian Collisions,-79.4108,43.6513,December,Sunday
1216987,Passenger,15 to 19,1.0,Other,,,,2011,2011-02-10,828,8,DUNDAS ST W,NEILSON DR,1.0,Intersection,Traffic Signal,Clear,Daylight,Dry,Fatal,Pedestrian Collisions,-79.5623,43.6273,February,Thursday
1216997,Driver,35 to 39,1.0,"Automobile, Station Wagon",,,,2011,2011-02-08,830,8,DUFFERIN ST,GORDON ST,3.0,Intersection,No Control,Clear,Daylight,Dry,Non-Fatal Injury,Pedestrian Collisions,-79.4303,43.6468,February,Tuesday
1217361,Driver,60 to 64,1.0,"Automobile, Station Wagon",,,,2011,2011-02-11,1822,18,DUNDAS ST E,SHERBOURNE ST,1.0,Intersection,Traffic Signal,Clear,Dark,Dry,Non-Fatal Injury,Pedestrian Collisions,-79.3709,43.6582,February,Friday
1217753,Vehicle Owner,unknown,,Other,,,,2011,2011-02-14,1100,11,JANE Stre,EGLINTON Aven W,1.0,Mid-Block,No Control,Clear,Daylight,Dry,Non-Fatal Injury,Approaching,-79.4985,43.6837,February,Monday
1218634,Vehicle Owner,unknown,,Other,,,,2011,2011-02-18,1408,14,QUEEN ST E,CARLAW AVE,3.0,Intersection,Traffic Signal,Clear,Daylight,Dry,Non-Fatal Injury,Pedestrian Collisions,-79.34,43.661,February,Friday
1218699,Driver,40 to 44,1.0,Pick Up Truck,,Yes,,2020,2020-07-02,1255,12,PHARMACY AVE,HUNTINGWOOD DR,3.0,Intersection,Traffic Signal,Clear,Daylight,Dry,Non-Fatal Injury,Angle,-79.3201,43.7816,July,Thursday
1219081,Pedestrian,60 to 64,4.0,,,,Yes,2010,2010-12-29,2159,21,DANFORTH AVE,BOWDEN ST,1.0,Mid-Block,No Control,Clear,Dark,Dry,Non-Fatal Injury,Pedestrian Collisions,-79.3545,43.677,December,Wednesday
1219139,Driver,25 to 29,1.0,"Automobile, Station Wagon",,,,2011,2011-02-21,2022,20,WESTON Road,MAPLE BUSH Aven,1.0,,,Other,Dark,Other,Non-Fatal Injury,Pedestrian Collisions,-79.5348,43.7104,February,Monday
1219456,Driver,25 to 29,5.0,"Automobile, Station Wagon",,,,2011,2011-02-21,2022,20,WESTON RD,MAPLE BUSH AVE,1.0,Intersection,No Control,Clear,Dark,Dry,Non-Fatal Injury,Pedestrian Collisions,-79.5347,43.7103,February,Monday
1219581,Driver,60 to 64,4.0,"Automobile, Station Wagon",,,,2011,2011-01-04,1640,16,DUFFERIN ST,PRESTON RD,1.0,Intersection,No Control,Clear,Dusk,Dry,Non-Fatal Injury,Approaching,-79.4482,43.691,January,Tuesday
1219697,Driver,60 to 64,1.0,"Automobile, Station Wagon",,,,2011,2011-01-05,1007,10,DUPONT ST,CHRISTIE ST,1.0,Intersection,Traffic Signal,Clear,Daylight,Dry,Non-Fatal Injury,Pedestrian Collisions,-79.4214,43.6716,January,Wednesday