ACCNUM,INVTYPE,INVAGE,INJURY_ID,VEHTYPE,SPEEDING,REDLIGHT,ALCOHOL,YEAR,DATE,TIME,HOUR,STREET1,STREET2,ROAD_CLASS_ID,LOCCOORD,TRAFFCTL,VISIBILITY,LIGHT,RDSFCOND,ACCLASS,IMPACTYPE,Longitude,Latitude,Month,Day_of_Week
1355791,Pedestrian,60 to 64,2.0,,,,,2013,2013-05-12,139,1,QUEEN ST E,EASTERN AVE,1.0,Intersection,Traffic Signal,Rain,"Dark, artificial",Wet,Fatal,Pedestrian Collisions,-79.3125,43.6672,May,Sunday
1355879,Driver,30 to 34,1.0,"Automobile, Station Wagon",,,,2013,2013-04-10,1110,11,MCNICOLL Ave,WHITE HEATHER Blvd,3.0,Intersection,Stop Sign,Rain,Daylight,Wet,Non-Fatal Injury,Turning Movement,-79.2673,43.8189,April,Wednesday
1356299,Vehicle Owner,unknown,,Other,,,,2013,2013-05-15,314,3,YONGE ST,GLENGROVE AVE E,1.0,Intersection,Traffic Signal,Clear,"Dark, artificial",Dry,Non-Fatal Injury,Pedestrian Collisions,-79.4011,43.7195,May,Wednesday
1356335,Driver,50 to 54,1.0,"Automobile, Station Wagon",,,,2013,2013-04-17,1726,17,GLENMOUNT PARK Rd,BURGESS Ave,4.0,Intersection,Stop Sign,Clear,Daylight,Dry,Non-Fatal Injury,Pedestrian Collisions,-79.3045,43.6792,April,Wednesday
1356633,Driver,50 to 54,1.0,Pick Up Truck,,,,2013,2013-05-16,1717,17,BATHURST ST,COLLEGE ST,1.0,Intersection,Traffic Signal,Clear,Daylight,Dry,Non-Fatal Injury,Pedestrian Collisions,-79.4076,43.6564,May,Thursday
1356635,Vehicle Owner,unknown,,,,Yes,,2013,2013-05-16,1231,12,MILL ST,YONGE ST,1.0,Intersection,Traffic Signal,Clear,Daylight,Dry,Fatal,Pedestrian Collisions,-79.4058,43.7403,May,Thursday
1356930,Driver,50 to 54,1.0,"Automobile, Station Wagon",,,,2013,2013-05-18,2240,22,EGLINTON Ave W,OAKWOOD Ave,1.0,Mid-Block,No Control,Clear,"Dark, artificial",Dry,Non-Fatal Injury,Pedestrian Collisions,-79.4421,43.6974,May,Saturday
1357107,Motorcycle Driver,25 to 29,4.0,Motorcycle,Yes,,,2013,2013-05-20,1405,14,SPADINA Ave,COLLEGE St,1.0,Intersection,No Control,Clear,Daylight,Dry,Non-Fatal Injury,SMV Other,-79.4004,43.659,May,Monday
1357155,Driver,50 to 54,1.0,"Automobile, Station Wagon",,,,2013,2013-04-23,1800,18,JANE ST,FOXWELL ST,1.0,Intersection,Traffic Signal,Clear,Daylight,Dry,Non-Fatal Injury,Cyclist Collisions,-79.4936,43.6716,April,Tuesday
1357350,Vehicle Owner,unknown,,Other,,,,2013,2013-04-22,1514,15,WEST TORONTO ST,KEELE ST,2.0,Mid-Block,No Control,Clear,Daylight,Dry,Non-Fatal Injury,Turning Movement,-79.4679,43.6696,April,Monday
1357499,Passenger,45 to 49,4.0,Other,,Yes,,2013,2013-04-24,1138,11,STEELES AVE E,DON MILLS RD,1.0,Intersection,Traffic Signal,Rain,Daylight,Wet,Non-Fatal Injury,Angle,-79.3607,43.8111,April,Wednesday
1357570,Driver,70 to 74,4.0,Municipal Transit Bus (TTC),,,,2013,2013-04-24,1624,16,MORNINGSIDE Ave,BEATH St,1.0,Intersection,No Control,Rain,Daylight,Wet,Non-Fatal Injury,Sideswipe,-79.1886,43.7747,April,Wednesday
1357700,Vehicle Owner,unknown,,Other,,,,2013,2013-04-25,1314,13,JARVIS St,QUEEN St E,1.0,Intersection,Traffic Signal,Clear,Daylight,Dry,Non-Fatal Injury,Pedestrian Collisions,-79.3732,43.6537,April,Thursday
1357752,Driver,60 to 64,1.0,"Automobile, Station Wagon",,,,2020,2020-07-21,1835,18,CENTRE RD,HIGH PARK BLVD,,Intersection,Stop Sign,Clear,Daylight,Dry,Non-Fatal Injury,Cyclist Collisions,-79.4582,43.6442,July,Tuesday
1358324,Driver,25 to 29,1.0,"Automobile, Station Wagon",Yes,,,2013,2013-04-28,1241,12,BLOOR ST W,LANSDOWNE AVE,1.0,Intersection,Traffic Signal,Clear,Daylight,Dry,Non-Fatal Injury,Turning Movement,-79.4426,43.6583,April,Sunday
1358952,Driver,30 to 34,1.0,"Automobile, Station Wagon",,,,2013,2013-06-01,242,2,BATHURST ST,ULSTER ST,1.0,Intersection,No Control,Clear,"Dark, artificial",Dry,Non-Fatal Injury,Pedestrian Collisions,-79.409,43.6597,June,Saturday
1358953,Vehicle Owner,unknown,,Other,,,,2013,2013-06-01,847,8,ROYAL YORK RD,FRANKWOOD RD,3.0,Intersection,No Control,Clear,Daylight,Dry,Non-Fatal Injury,Pedestrian Collisions,-79.5036,43.6288,June,Saturday
1359211,Vehicle Owner,unknown,,Other,,,,2013,2013-06-03,1309,13,EGLINTON AVE W,PARK HILL RD,1.0,Intersection,No Control,Clear,Daylight,Dry,Non-Fatal Injury,Cyclist Collisions,-79.4372,43.6984,June,Monday
1359371,Vehicle Owner,unknown,,Other,,,,2013,2013-06-04,1120,11,THE QUEENSWAY,ATOMIC AVE,1.0,Mid-Block,No Control,Clear,Daylight,Dry,Non-Fatal Injury,Cyclist Collisions,-79.5419,43.6174,June,Tuesday
1359618,Pedestrian,75 to 79,2.0,,,,,2013,2013-06-06,2306,23,SPADINA AVE,GRANGE AVE,1.0,Intersection,No Control,Rain,"Dark, artificial",Wet,Fatal,Pedestrian Collisions,-79.3975,43.6518,June,Thursday
1359768,Passenger,55 to 59,3.0,Other,,,,2013,2013-06-07,1907,19,141 BAY ST,,1.0,Mid-Block,No Control,Clear,Dusk,Dry,Non-Fatal Injury,Rear End,-79.3788,43.6454,June,Friday
1360225,Vehicle Owner,unknown,,Other,,,,2013,2013-06-09,340,3,QUEEN ST W,SPADINA AVE,1.0,Intersection,No Control,Clear,"Dark, artificial",Dry,Non-Fatal Injury,Pedestrian Collisions,-79.3972,43.6485,June,Sunday
1360626,Passenger,15 to 19,1.0,Other,,,,2013,2013-06-12,1157,11,O CONNOR DR,RIVERCOURT BLVD,1.0,Intersection,Traffic Signal,Clear,Daylight,Dry,Non-Fatal Injury,Cyclist Collisions,-79.3481,43.6936,June,Wednesday
1361068,Driver,45 to 49,1.0,"Automobile, Station Wagon",,,,2013,2013-06-15,1336,13,83 MARKHAM ST,,4.0,Mid-Block,No Control,Clear,Daylight,Dry,Non-Fatal Injury,Pedestrian Collisions,-79.4065,43.6502,June,Saturday
1361069,Driver,80 to 84,1.0,"Automobile, Station Wagon",,,,2013,2013-06-15,1924,19,MCCOWAN RD,KINGSTON RD,1.0,Intersection,Traffic Signal,Clear,Daylight,Dry,Non-Fatal Injury,Pedestrian Collisions,-79.2323,43.7251,June,Saturday
1361106,Driver,40 to 44,2.0,"Automobile, Station Wagon",,,,2013,2013-06-16,616,6,JOE SHUSTER  WAY,KING ST W,4.0,Mid-Block,No Control,Rain,Daylight,Wet,Fatal,SMV Other,-79.4239,43.6405,June,Sunday
1361161,Driver,50 to 54,1.0,"Automobile, Station Wagon",,,,2013,2013-06-16,1923,19,KEELE ST,DONALD AVE,1.0,Intersection,Traffic Signal,Clear,Daylight,Dry,Non-Fatal Injury,Pedestrian Collisions,-79.4727,43.6849,June,Sunday
1361387,Driver,65 to 69,1.0,"Automobile, Station Wagon",,,,2013,2013-05-05,1425,14,8 GARDEN PARK AVE,,4.0,Mid-Block,No Control,Clear,Daylight,Dry,Non-Fatal Injury,Cyclist Collisions,-79.2716,43.7852,May,Sunday
1361595,Passenger,45 to 49,5.0,Other,,,,2013,2013-05-06,1742,17,MCCOWAN Rd,MILNER Ave,1.0,Intersection,Traffic Signal,Clear,Daylight,Dry,Non-Fatal Injury,Sideswipe,-79.2564,43.7853,May,Monday
1361618,Driver,60 to 64,1.0,"Automobile, Station Wagon",,,,2013,2013-05-06,1530,15,PORTLAND ST,WESLEY ST,2.0,Intersection,No Control,Clear,Daylight,Dry,Non-Fatal Injury,Pedestrian Collisions,-79.4964,43.6197,May,Monday
1361719,Vehicle Owner,unknown,,,,,,2013,2013-05-07,948,9,WOODBINE AVE,MORTIMER AVE,1.0,Intersection,No Control,Clear,Daylight,Dry,Non-Fatal Injury,Cyclist Collisions,-79.3157,43.6926,May,Tuesday
1362257,Passenger,25 to 29,5.0,Other,,,,2013,2013-06-23,1620,16,F G GARDINER XY  E,LAKE SHORE BLVD W,1.0,Mid-Block,No Control,Clear,Daylight,Dry,Non-Fatal Injury,Rear End,-79.4365,43.6336,June,Sunday
1362376,Vehicle Owner,unknown,,Other,,,,2013,2013-05-08,1423,14,EGLINTON AVE W,BRAEMAR AVE,1.0,Intersection,No Control,Clear,Daylight,Dry,Non-Fatal Injury,Turning Movement,-79.4095,43.7043,May,Wednesday
1362406,Driver,55 to 59,1.0,"Automobile, Station Wagon",,,,2013,2013-05-08,1140,11,NORTH QUEEN ST,VANSCO RD,3.0,Intersection,Stop Sign,Clear,Daylight,Dry,Non-Fatal Injury,Turning Movement,-79.5357,43.6235,May,Wednesday
1362428,Driver,60 to 64,1.0,"Automobile, Station Wagon",,,,2013,2013-05-09,800,8,VICTORIA PARK AVE,MUSGRAVE ST,1.0,Intersection,Traffic Signal,Clear,Daylight,Dry,Non-Fatal Injury,Pedestrian Collisions,-79.2869,43.6879,May,Thursday
1362767,Vehicle Owner,unknown,,Other,,,,2013,2013-05-09,1738,17,KING ST W,SIMCOE ST,1.0,Intersection,Traffic Signal,Clear,Daylight,Dry,Non-Fatal Injury,Other,-79.386,43.6473,May,Thursday
1362811,Vehicle Owner,unknown,,Other,,,,2013,2013-06-20,1316,13,MARTIN GROVE RD,409 E MARTIN GROVE RAMP,1.0,Intersection,Traffic Signal,Clear,Daylight,Dry,Non-Fatal Injury,Cyclist Collisions,-79.5737,43.6979,June,Thursday
1362938,Vehicle Owner,unknown,,Other,,,,2013,2013-05-10,1346,13,QUEEN ST E,BOULTON AVE,3.0,Intersection,Pedestrian Crossover,Rain,Daylight,Wet,Non-Fatal Injury,Rear End,-79.3466,43.6595,May,Friday
1363030,Driver,40 to 44,1.0,"Automobile, Station Wagon",,,,2013,2013-06-27,1025,10,DUNDAS ST W,CLOVERDALE MALL,1.0,Intersection,Traffic Signal,Clear,Daylight,Dry,Non-Fatal Injury,Pedestrian Collisions,-79.5549,43.6289,June,Thursday
1363081,Pedestrian,unknown,4.0,Other,,,,2013,2013-06-27,2201,22,DANFORTH RD,HUNTINGTON AVE,1.0,Intersection,No Control,Clear,Dark,Dry,Non-Fatal Injury,Pedestrian Collisions,-79.2524,43.7277,June,Thursday
1363269,Driver,30 to 34,4.0,"Automobile, Station Wagon",Yes,,,2013,2013-05-11,50,0,WESTON RD,WALLASEY AVE,1.0,Intersection,No Control,"Fog, Mist, Smoke, Dust",Dark,Wet,Non-Fatal Injury,SMV Other,-79.5376,43.7187,May,Saturday
1363450,Driver,50 to 54,3.0,"Automobile, Station Wagon",,,,2013,2013-05-12,1258,12,WARDEN AVE,DANFORTH RD,3.0,Intersection,Traffic Signal,Rain,Daylight,Wet,Non-Fatal Injury,Approaching,-79.2748,43.6971,May,Sunday
1363452,Driver,35 to 39,1.0,"Automobile, Station Wagon",,,,2013,2013-05-20,1040,10,LAKE SHORE BLVD W,REES ST,1.0,Intersection,Traffic Signal,Clear,Daylight,Dry,Non-Fatal Injury,Cyclist Collisions,-79.3869,43.6399,May,Monday
1363537,Motorcycle Driver,25 to 29,2.0,Motorcycle,Yes,,,2013,2013-07-03,2105,21,98 HAVENDALE RD,,2.0,Mid-Block,No Control,Clear,Dark,Dry,Fatal,SMV Other,-79.2844,43.7927,July,Wednesday
1363559,Driver,40 to 44,1.0,"Automobile, Station Wagon",,,,2013,2013-06-30,1243,12,FINCH AVE W,OAKDALE RD,1.0,Intersection,Traffic Signal,Clear,Daylight,Dry,Non-Fatal Injury,Pedestrian Collisions,-79.5242,43.7559,June,Sunday
1363580,Driver,65 to 69,4.0,"Automobile, Station Wagon",,,,2013,2013-05-12,1305,13,LESLIE ST,LESMILL RD,1.0,Mid-Block,No Control,Clear,Daylight,Dry,Non-Fatal Injury,SMV Other,-79.3618,43.7626,May,Sunday
1363588,Driver - Not Hit,unknown,,"Automobile, Station Wagon",,,,2013,2013-05-13,1830,18,BORDEN ST,BLOOR ST W,1.0,Intersection,No Control,Clear,Daylight,Dry,Non-Fatal Injury,SMV Other,-79.4086,43.6656,May,Monday
1363758,Driver,40 to 44,4.0,"Automobile, Station Wagon",,,,2013,2013-05-14,956,9,TECUMSETH ST,RICHMOND ST W,4.0,Intersection,Stop Sign,Clear,Daylight,Dry,Non-Fatal Injury,SMV Unattended Vehicle,-79.4062,43.6459,May,Tuesday
1363874,Driver,50 to 54,1.0,"Automobile, Station Wagon",,,,2013,2013-05-15,701,7,KINGSTON RD,LAWRENCE AVE E,1.0,Intersection,Traffic Signal,Rain,Daylight,Wet,Non-Fatal Injury,Pedestrian Collisions,-79.1895,43.7676,May,Wednesday
1364079,Driver,55 to 59,1.0,"Automobile, Station Wagon",,,,2013,2013-07-05,2248,22,MCCOWAN RD,LAWRENCE AVE E,1.0,Intersection,Traffic Signal,Clear,"Dark, artificial",Dry,Fatal,Pedestrian Collisions,-79.2453,43.7555,July,Friday
1364208,Driver,45 to 49,1.0,Municipal Transit Bus (TTC),,,,2013,2013-07-06,2023,20,DUNDAS ST E,POULETT ST,1.0,Intersection,No Control,Clear,Daylight,Dry,Non-Fatal Injury,Pedestrian Collisions,-79.3666,43.6592,July,Saturday
1364430,Vehicle Owner,unknown,,,,,,2013,2013-07-08,1715,17,MCCOWAN RD,KENHATCH BLVD,1.0,Intersection,Traffic Signal,Rain,Daylight,Wet,Fatal,Pedestrian Collisions,-79.2637,43.8014,July,Monday
1364785,Driver,30 to 34,5.0,"Automobile, Station Wagon",,,,2013,2013-05-18,2118,21,HOLLAND AVE,GLENBURN AVE,4.0,Intersection,Stop Sign,Clear,Dark,Dry,Non-Fatal Injury,Rear End,-79.3015,43.7153,May,Saturday
1364796,Driver,20 to 24,1.0,"Automobile, Station Wagon",,,,2013,2013-05-17,1406,14,BATHURST ST,NINA ST,1.0,Intersection,Traffic Signal,Clear,Daylight,Dry,Non-Fatal Injury,Sideswipe,-79.4169,43.6798,May,Friday
1365020,Driver,20 to 24,1.0,Other,Yes,,,2013,2013-05-21,1540,15,OSSINGTON Ave,DUPONT St,1.0,Intersection,Traffic Signal,Clear,Daylight,Dry,Non-Fatal Injury,Turning Movement,-79.4289,43.67,May,Tuesday
1365311,Vehicle Owner,unknown,,Other,,,,2013,2013-07-11,1959,19,WILSON HEIGHTS BLVD,WATERLOO AVE,2.0,Intersection,Traffic Signal,Clear,Dusk,Dry,Non-Fatal Injury,Pedestrian Collisions,-79.4598,43.7553,July,Thursday
1365621,Driver,60 to 64,1.0,"Automobile, Station Wagon",,,,2013,2013-07-13,1845,18,FINCH AVE E,MIDLAND AVE,1.0,Intersection,Traffic Signal,Clear,Daylight,Dry,Non-Fatal Injury,Pedestrian Collisions,-79.2862,43.8037,July,Saturday
1365622,Driver,60 to 64,1.0,"Automobile, Station Wagon",,,,2013,2013-05-23,1815,18,KEELE ST,401 C E KEELE ST RAMP E,1.0,Intersection,Traffic Signal,Clear,Daylight,Dry,Non-Fatal Injury,Pedestrian Collisions,-79.4808,43.7211,May,Thursday
1365635,Passenger,25 to 29,4.0,Other,,,Yes,2013,2013-07-14,340,3,F G GARDINER XY  E,ISLINGTON Ave,,Mid-Block,No Control,Clear,"Dark, artificial",Dry,Non-Fatal Injury,Sideswipe,-79.5106,43.6207,July,Sunday
1365697,Driver,25 to 29,1.0,"Automobile, Station Wagon",,,,2013,2013-05-25,1022,10,41 WAYSIDE Ave,,2.0,Intersection,No Control,Clear,Daylight,Dry,Non-Fatal Injury,Pedestrian Collisions,-79.3001,43.8017,May,Saturday
1365705,Vehicle Owner,unknown,,Other,,,,2013,2013-05-26,1905,19,CENTRE Ave,DUNDAS St W,4.0,Mid-Block,No Control,Clear,"Daylight, artificial",Dry,Non-Fatal Injury,Pedestrian Collisions,-79.3869,43.6545,May,Sunday
1365804,Driver,50 to 54,1.0,"Automobile, Station Wagon",,,,2013,2013-05-23,1850,18,GERRARD St E,BROADVIEW Ave,3.0,Mid-Block,No Control,Clear,Daylight,Dry,Non-Fatal Injury,Cyclist Collisions,-79.3513,43.6657,May,Thursday
1366035,Vehicle Owner,unknown,,Other,,,,2013,2013-05-28,1755,17,SCARLETT Rd,FOXWELL St,3.0,Intersection,Stop Sign,Rain,Daylight,Wet,Non-Fatal Injury,Turning Movement,-79.5015,43.6693,May,Tuesday
1366092,Motorcycle Driver,15 to 19,4.0,Motorcycle,,,,2013,2013-05-29,2230,22,LAKE SHORE Blvd W,THIRTY SEVENTH St,1.0,Intersection,Traffic Signal,Clear,"Dark, artificial",Dry,Non-Fatal Injury,Turning Movement,-79.5381,43.5933,May,Wednesday
1366122,Pedestrian,unknown,1.0,"Automobile, Station Wagon",,,,2013,2013-07-11,1939,19,BROADVIEW Ave,DANFORTH Ave,3.0,Mid-Block,No Control,Clear,Daylight,Dry,Non-Fatal Injury,Pedestrian Collisions,-79.3588,43.6765,July,Thursday
1366140,Driver,unknown,1.0,"Automobile, Station Wagon",,Yes,,2013,2013-06-27,205,2,DAVENPORT Rd,CHRISTIE St,3.0,Intersection,Traffic Signal,Clear,"Dark, artificial",Dry,Non-Fatal Injury,Cyclist Collisions,-79.423,43.6755,June,Thursday
1366152,Driver,35 to 39,1.0,"Automobile, Station Wagon",,,,2013,2013-07-11,2225,22,WATSON ST,OLD KINGSTON RD,3.0,Intersection,No Control,Clear,"Dark, artificial",Dry,Fatal,Pedestrian Collisions,-79.1724,43.7821,July,Thursday
1366215,Driver,85 to 89,1.0,"Automobile, Station Wagon",,,,2013,2013-05-30,1800,18,DANFORTH AVE,FENWICK AVE,1.0,Intersection,No Control,Clear,Daylight,Dry,Non-Fatal Injury,Pedestrian Collisions,-79.3484,43.6782,May,Thursday
1366293,Driver,90 to 94,1.0,"Automobile, Station Wagon",,,,2013,2013-05-31,1017,10,FINCH AVE E,SKYMARK DR,1.0,Intersection,Traffic Signal,Clear,Daylight,Dry,Non-Fatal Injury,Pedestrian Collisions,-79.3522,43.793,May,Friday
1366347,Vehicle Owner,unknown,,,,,,2013,2013-07-03,1319,13,LAKE SHORE BLVD W,BAY ST,1.0,Intersection,Traffic Signal,Clear,Daylight,Dry,Fatal,Pedestrian Collisions,-79.3778,43.6429,July,Wednesday
1366444,Vehicle Owner,unknown,,Other,,,,2013,2013-06-02,535,5,BATHURST ST,ROBINSON ST,1.0,Intersection,Traffic Signal,Rain,"Dawn, artificial",Wet,Non-Fatal Injury,Cyclist Collisions,-79.4045,43.6488,June,Sunday
1366519,Driver,45 to 49,1.0,"Automobile, Station Wagon",,,,2013,2013-06-03,900,9,VICTORIA PARK AVE,WOODALE AVE,3.0,Intersection,No Control,Clear,Daylight,Dry,Non-Fatal Injury,Pedestrian Collisions,-79.285,43.6833,June,Monday
1366764,Driver,30 to 34,1.0,Pick Up Truck,,,,2013,2013-07-18,1850,18,185 FALLINGBROOK RD,,2.0,Intersection,No Control,Clear,Daylight,Dry,Fatal,Pedestrian Collisions,-79.2802,43.6846,July,Thursday
1366796,Motorcycle Driver,40 to 44,4.0,Motorcycle,,Yes,,2013,2013-06-05,2035,20,FINCH AVE W,WILMINGTON AVE,1.0,Intersection,Traffic Signal,Clear,Daylight,Dry,Non-Fatal Injury,Turning Movement,-79.4607,43.7702,June,Wednesday
1366837,Driver,20 to 24,1.0,"Automobile, Station Wagon",,,,2013,2013-06-05,2005,20,1788 WESTON RD,,3.0,Mid-Block,No Control,Clear,Dusk,Dry,Non-Fatal Injury,Pedestrian Collisions,-79.5126,43.6988,June,Wednesday
1367433,Vehicle Owner,unknown,,Other,,,,2013,2013-06-04,2104,21,YONGE ST,SHUTER ST,1.0,Intersection,Traffic Signal,Clear,"Dark, artificial",Dry,Non-Fatal Injury,Cyclist Collisions,-79.3799,43.654,June,Tuesday
1367518,Motorcycle Driver,20 to 24,2.0,Motorcycle,,,,2013,2013-07-22,1519,15,KIPLING AVE,JUTLAND RD,1.0,Intersection,Stop Sign,Clear,Daylight,Dry,Fatal,Turning Movement,-79.5287,43.6262,July,Monday
1367603,Driver,55 to 59,4.0,"Automobile, Station Wagon",,,,2013,2013-07-23,1700,17,2863 ELLESMERE RD,ELLESMERE  RD,1.0,Intersection,No Control,Clear,Daylight,Dry,Non-Fatal Injury,Approaching,-79.2069,43.7821,July,Tuesday
1367728,Driver,35 to 39,1.0,Municipal Transit Bus (TTC),,,,2013,2013-07-24,1326,13,SPADINA AVE,NASSAU ST,1.0,Intersection,Traffic Signal,Clear,Daylight,Dry,Non-Fatal Injury,Pedestrian Collisions,-79.3992,43.6558,July,Wednesday
1367772,Driver,20 to 24,1.0,"Automobile, Station Wagon",,,,2013,2013-07-24,1340,13,ROYAL YORK Rd,BLOOR St W,1.0,Intersection,Traffic Signal,Clear,Daylight,Dry,Non-Fatal Injury,Pedestrian Collisions,-79.5113,43.6473,July,Wednesday
1367977,Pedestrian,25 to 29,2.0,Other,,,,2013,2013-07-25,1346,13,HIGHWAY 27  N,FINCH AVE W,1.0,Intersection,Traffic Signal,Clear,Daylight,Dry,Fatal,Pedestrian Collisions,-79.603,43.7341,July,Thursday
1368204,Driver,25 to 29,5.0,"Automobile, Station Wagon",,Yes,,2013,2013-07-27,257,2,HIGHWAY 27  N,STEELES AVE W,1.0,Intersection,Traffic Signal,Clear,Dark,Dry,Non-Fatal Injury,Angle,-79.614,43.7554,July,Saturday
1368246,Driver,50 to 54,1.0,"Automobile, Station Wagon",,,,2013,2013-07-27,1026,10,MCCOWAN RD,STEELES AVE E,1.0,Intersection,Traffic Signal,Clear,Daylight,Dry,Non-Fatal Injury,Pedestrian Collisions,-79.2751,43.831,July,Saturday
1368270,Passenger,25 to 29,1.0,,,,,2013,2013-07-28,1,0,SHEPPARD AVE E,DON MILLS RD,1.0,Mid-Block,No Control,Rain,"Dark, artificial",Wet,Fatal,Pedestrian Collisions,-79.3478,43.7749,July,Sunday
1368450,Driver,70 to 74,1.0,"Automobile, Station Wagon",,,,2013,2013-07-29,1604,16,LANGDEN AVE,CLIFF ST,4.0,Intersection,No Control,Clear,Daylight,Dry,Fatal,Pedestrian Collisions,-79.4847,43.6806,July,Monday
1368851,Driver,35 to 39,1.0,"Automobile, Station Wagon",,Yes,,2013,2013-06-11,836,8,STEELES AVE E,MIDLAND AVE,1.0,Intersection,Traffic Signal,Clear,Daylight,Dry,Non-Fatal Injury,Cyclist Collisions,-79.2972,43.8259,June,Tuesday
1368988,Passenger,unknown,4.0,Other,,,,2013,2013-05-25,2350,23,STEELES AVE W,IRONDALE DR,1.0,,No Control,Clear,Dark,Dry,Non-Fatal Injury,SMV Other,-79.549,43.7697,May,Saturday
1368998,Motorcycle Driver,20 to 24,4.0,Motorcycle,,,,2013,2013-06-09,2122,21,KEELE ST,WILSON AVE,1.0,Intersection,Traffic Signal,Clear,"Dark, artificial",Dry,Non-Fatal Injury,Turning Movement,-79.482,43.7266,June,Sunday
1369145,Driver,20 to 24,1.0,"Automobile, Station Wagon",,Yes,,2013,2013-08-02,1802,18,DAVENPORT Rd,BELMONT St,1.0,Intersection,Traffic Signal,Clear,Daylight,Dry,Non-Fatal Injury,Cyclist Collisions,-79.3928,43.6747,August,Friday
1369173,Driver,25 to 29,2.0,"Automobile, Station Wagon",Yes,,Yes,2013,2013-08-03,305,3,STEELES AVE W,ISLINGTON AVE,1.0,Mid-Block,No Control,Clear,"Dark, artificial",Dry,Fatal,SMV Other,-79.5772,43.7637,August,Saturday
1369174,Driver,40 to 44,1.0,"Automobile, Station Wagon",,,,2013,2013-08-02,1637,16,ELLESMERE Rd,SARATOGA Dr,1.0,Intersection,No Control,Rain,Daylight,Wet,Non-Fatal Injury,Turning Movement,-79.2536,43.7716,August,Friday
1369177,Vehicle Owner,unknown,,,,,,2013,2013-08-03,2048,20,LAKE SHORE BLVD W,DOWLING S LAKESHORE W RAMP,1.0,Mid-Block,No Control,Clear,Dusk,Dry,Fatal,Other,-79.439,43.6344,August,Saturday
1369473,,unknown,,Other,,,,2013,2013-08-07,613,6,WELLESLEY ST E,PARLIAMENT ST,3.0,Intersection,Traffic Signal,Clear,Dawn,Dry,Non-Fatal Injury,Pedestrian Collisions,-79.3695,43.6681,August,Wednesday
1369657,Vehicle Owner,unknown,,Other,,,,2013,2013-08-09,936,9,LOWER JARVIS St,THE ESPLANADE,1.0,Intersection,Traffic Signal,Clear,Daylight,Dry,Non-Fatal Injury,Pedestrian Collisions,-79.3709,43.6482,August,Friday
1369675,Vehicle Owner,unknown,,Other,,,,2013,2013-08-09,1040,10,EGLINTON Ave W,WINONA Dr,1.0,Intersection,No Control,Clear,Daylight,Dry,Non-Fatal Injury,Turning Movement,-79.439,43.6981,August,Friday
1369726,Passenger,unknown,3.0,Other,,,,2013,2013-08-09,1325,13,LAKE SHORE BLVD W,QUEENS AVE,1.0,,No Control,Clear,Daylight,Dry,Non-Fatal Injury,Turning Movement,-79.4902,43.6096,August,Friday
1369816,Motorcycle Driver,40 to 44,4.0,Motorcycle,,,,2013,2013-06-13,640,6,SPADINA RD,DUPONT ST,1.0,Intersection,Traffic Signal,Rain,Daylight,Wet,Non-Fatal Injury,Approaching,-79.407,43.6748,June,Thursday
1369849,Vehicle Owner,unknown,,Other,,,,2013,2013-06-13,751,7,ADELAIDE ST E,SHERBOURNE ST,1.0,Mid-Block,No Control,Rain,Daylight,Wet,Non-Fatal Injury,Cyclist Collisions,-79.3679,43.6522,June,Thursday
1369859,Driver,70 to 74,1.0,"Automobile, Station Wagon",,,,2013,2013-06-13,950,9,BATHURST ST,FAIRLAWN AVE,1.0,Intersection,Traffic Signal,Rain,Daylight,Wet,Non-Fatal Injury,Pedestrian Collisions,-79.431,43.725,June,Thursday
1369861,Driver,unknown,1.0,"Automobile, Station Wagon",,,,2013,2013-08-05,255,2,DUNDAS St W,JANE St,1.0,Intersection,Traffic Signal,Clear,"Dark, artificial",Dry,Non-Fatal Injury,Pedestrian Collisions,-79.4911,43.6657,August,Monday
1369884,Vehicle Owner,unknown,,Other,,,,2013,2013-08-12,745,7,KENNEDY RD,SHEPPARD Ave E,1.0,Intersection,Traffic Signal,Clear,Daylight,Dry,Non-Fatal Injury,Pedestrian Collisions,-79.2882,43.7832,August,Monday
1369968,Vehicle Owner,unknown,,Other,,,,2013,2013-08-12,2055,20,BATHURST ST,FINCH AVE W,1.0,Mid-Block,No Control,Clear,Dark,Dry,Non-Fatal Injury,Pedestrian Collisions,-79.4431,43.7742,August,Monday
1370071,Motorcycle Driver,25 to 29,4.0,Motorcycle,Yes,,,2013,2013-08-13,748,7,KIPLING Ave,THORNCREST RD,1.0,Intersection,No Control,Clear,Daylight,Dry,Non-Fatal Injury,Angle,-79.5439,43.6613,August,Tuesday
1370122,Truck Driver,40 to 44,4.0,"Truck - Closed (Blazer, etc)",Yes,,,2013,2013-08-13,1133,11,STEELES AVE E,MIDDLEFIELD RD,1.0,Intersection,Traffic Signal,Clear,Daylight,Dry,Fatal,Pedestrian Collisions,-79.2679,43.8326,August,Tuesday
1370441,Motorcycle Driver,15 to 19,4.0,Motorcycle,Yes,,,2013,2013-06-14,1230,12,754 ROYAL YORK RD,,3.0,Mid-Block,No Control,Clear,Daylight,Dry,Non-Fatal Injury,Rear End,-79.5066,43.636,June,Friday