ACCNUM,INVTYPE,INVAGE,INJURY_ID,VEHTYPE,SPEEDING,REDLIGHT,ALCOHOL,YEAR,DATE,TIME,HOUR,STREET1,STREET2,ROAD_CLASS_ID,LOCCOORD,TRAFFCTL,VISIBILITY,LIGHT,RDSFCOND,ACCLASS,IMPACTYPE,Longitude,Latitude,Month,Day_of_Week
1600299,Driver,30 to 34,1.0,"Automobile, Station Wagon",,,,2020,2020-08-25,1011,10,ROYAL YORK RD,SIMPSON AV,,Mid-Block,No Control,Clear,Daylight,Dry,Non-Fatal Injury,Cyclist Collisions,-79.4992,43.6183,August,Tuesday
1603307,Cyclist,30 to 34,4.0,Bicycle,,,,2020,2020-08-25,1736,17,HOWARD ST,EDGEDALE RD,,Intersection,No Control,Clear,Daylight,Dry,Non-Fatal Injury,Cyclist Collisions,-79.3732,43.6713,August,Tuesday
1604895,Motorcycle Driver,40 to 44,4.0,Motorcycle,Yes,,,2020,2020-08-25,2148,21,GARDINER XWY E,LAKE SHORE BLVD E OFF RAMP,,Mid-Block,No Control,Clear,"Dark, artificial",Dry,Non-Fatal Injury,Rear End,-79.3414,43.6532,August,Tuesday
1630486,Driver,75 to 79,1.0,"Automobile, Station Wagon",,,,2020,2020-08-29,1419,14,YONGE ST,FLORENCE AV,1.0,Intersection,Traffic Signal,Clear,Daylight,Dry,Non-Fatal Injury,Turning Movement,-79.41,43.7582,August,Saturday
1636966,Driver,unknown,1.0,"Automobile, Station Wagon",,,,2020,2020-08-30,1340,13,BRIMLEY RD,BARKDENE HILLS,,Mid-Block,No Control,Clear,Daylight,Dry,Non-Fatal Injury,Cyclist Collisions,-79.2389,43.7147,August,Sunday
1650701,Driver,65 to 69,1.0,"Automobile, Station Wagon",,,,2020,2020-09-01,1205,12,EGLINTON AVE E,BELLAMY RD N,1.0,Intersection,Traffic Signal,Clear,Daylight,Dry,Non-Fatal Injury,Turning Movement,-79.232,43.7402,September,Tuesday
1650875,Driver,50 to 54,1.0,"Automobile, Station Wagon",,,,2020,2020-09-01,1238,12,BLOOR ST W,GLADSTONE AVE,,Mid-Block,No Control,Clear,Daylight,Dry,Non-Fatal Injury,Cyclist Collisions,-79.434,43.6601,September,Tuesday
1655498,Driver,40 to 44,4.0,"Automobile, Station Wagon",,,,2020,2020-09-02,230,2,67 POTTERY RD,BROADVIEW AVE,,Mid-Block,No Control,Rain,"Dark, artificial",Wet,Non-Fatal Injury,SMV Other,-79.3634,43.6885,September,Wednesday
1656894,Passenger,35 to 39,4.0,,,,,2020,2020-09-02,937,9,BATHURST ST,WOLSELEY ST,1.0,Intersection,Stop Sign,Clear,Daylight,Dry,Non-Fatal Injury,SMV Other,-79.4042,43.648,September,Wednesday
1670162,Motorcycle Driver,30 to 34,2.0,Motorcycle,,,,2020,2020-09-04,431,4,DUNDAS ST W,NOTTINGHAM DR,1.0,Mid-Block,No Control,Clear,"Dark, artificial",Dry,Fatal,SMV Other,-79.5222,43.6558,September,Friday
1670339,,unknown,,"Automobile, Station Wagon",,,,2020,2020-09-04,551,5,FINCH AVE W,400 N FINCH E RAMP,1.0,Mid-Block,No Control,Clear,"Dark, artificial",Dry,Fatal,Cyclist Collisions,-79.5276,43.755,September,Friday
1673785,Motorcycle Driver,30 to 34,2.0,Motorcycle,Yes,,,2020,2020-09-04,1543,15,BIRCHMOUNT RD,CASS AVE,1.0,Intersection,No Control,Clear,Daylight,Dry,Fatal,Turning Movement,-79.297,43.7788,September,Friday
1675722,Driver,20 to 24,1.0,"Automobile, Station Wagon",,,,2020,2020-09-04,2030,20,WILSON AV,AVENUE RD,1.0,Intersection,Traffic Signal,Clear,Daylight,Dry,Non-Fatal Injury,Pedestrian Collisions,-79.4216,43.7398,September,Friday
1676151,Driver,25 to 29,4.0,"Automobile, Station Wagon",Yes,,,2020,2020-09-04,2146,21,AVENUE RD,BLOOR ST,1.0,Intersection,Traffic Signal,Clear,Dark,Dry,Non-Fatal Injury,Turning Movement,-79.3941,43.6687,September,Friday
1676594,Driver,20 to 24,1.0,"Automobile, Station Wagon",,,,2020,2020-09-04,2314,23,LAWRENCE AV E,MORNINGSIDE AV,,Mid-Block,No Control,Clear,"Dark, artificial",Dry,Non-Fatal Injury,Pedestrian Collisions,-79.1868,43.7682,September,Friday
1684477,Driver,unknown,1.0,"Automobile, Station Wagon",,,,2020,2020-09-06,433,4,WESTON RD,TORYORK DR,1.0,Intersection,Traffic Signal,Clear,"Dark, artificial",Dry,Non-Fatal Injury,Pedestrian Collisions,-79.5426,43.7533,September,Sunday
1685668,Motorcycle Driver,50 to 54,4.0,Motorcycle,,,,2020,2020-09-06,1100,11,ROGERS RD,BOON AVE,3.0,Mid-Block,Traffic Signal,Clear,Daylight,Dry,Non-Fatal Injury,Rear End,-79.4492,43.6847,September,Sunday
1690188,Driver,60 to 64,1.0,"Automobile, Station Wagon",,,,2020,2020-09-07,1,0,KINGSTON RD,BELLAMY RD S,1.0,Mid-Block,No Control,Clear,"Dark, artificial",Dry,Non-Fatal Injury,Rear End,-79.2245,43.732,September,Monday
1717092,Pedestrian,40 to 44,4.0,Motorcycle,Yes,,,2020,2020-09-10,2240,22,BLOOR ST E,CHURCH ST,1.0,Intersection,Traffic Signal,Clear,"Dark, artificial",Dry,Non-Fatal Injury,Pedestrian Collisions,-79.3831,43.671,September,Thursday
1725469,Driver,25 to 29,1.0,"Automobile, Station Wagon",,Yes,,2020,2020-09-12,256,2,DUNDAS ST E,PARLIMENT ST,1.0,Intersection,Traffic Signal,Clear,"Dark, artificial",Dry,Non-Fatal Injury,Pedestrian Collisions,-79.3659,43.6594,September,Saturday
1740995,Driver,60 to 64,1.0,"Automobile, Station Wagon",,,,2020,2020-09-14,1200,12,VICTORIA ST,SHUTER ST,2.0,Mid-Block,No Control,Clear,Daylight,Dry,Non-Fatal Injury,Pedestrian Collisions,-79.379,43.6551,September,Monday
1743037,Driver,unknown,1.0,Passenger Van,,,,2020,2020-09-14,1722,17,LAKE SHORE BLVD E,LESLIE ST,1.0,Intersection,Traffic Signal,Clear,Daylight,Dry,Non-Fatal Injury,Pedestrian Collisions,-79.3284,43.6592,September,Monday
1759488,Motorcycle Driver,25 to 29,4.0,Motorcycle,Yes,,,2020,2020-09-16,2230,22,POTTERY RD,BROADVIEW AVE,3.0,Mid-Block,No Control,Clear,"Dark, artificial",Dry,Non-Fatal Injury,SMV Other,-79.3569,43.6839,September,Wednesday
1764344,Driver,25 to 29,1.0,Pick Up Truck,,,,2020,2020-09-17,1544,15,BELFIELD RD,MARTIN GROVE RD,1.0,Intersection,Traffic Signal,Clear,Daylight,Dry,Non-Fatal Injury,Pedestrian Collisions,-79.5756,43.7019,September,Thursday
1766011,Driver,55 to 59,1.0,"Automobile, Station Wagon",,,,2020,2020-09-17,2000,20,QUEEN ST E,CARROLL ST,1.0,Intersection,Pedestrian Crossover,Clear,"Dark, artificial",Dry,Non-Fatal Injury,Pedestrian Collisions,-79.3522,43.6583,September,Thursday
1766819,Motorcycle Driver,30 to 34,2.0,Motorcycle,,,,2020,2020-09-17,2240,22,WARDEN AVE,401 C E WARDEN N RAMP,1.0,Intersection,Traffic Signal,Clear,"Dark, artificial",Dry,Fatal,Turning Movement,-79.3035,43.769,September,Thursday
1772544,Driver,unknown,1.0,"Automobile, Station Wagon",,,,2020,2020-09-18,1818,18,MUTUAL ST,CARLTON ST,1.0,Mid-Block,No Control,Clear,"Dusk, artificial",Dry,Non-Fatal Injury,Pedestrian Collisions,-79.3778,43.6621,September,Friday
1774332,Driver,50 to 54,1.0,"Automobile, Station Wagon",,,,2020,2020-09-18,2310,23,KENNEDY RD,VILLAGE GREEN SQ,1.0,Intersection,Traffic Signal,Clear,"Dark, artificial",Dry,Non-Fatal Injury,Turning Movement,-79.2855,43.7772,September,Friday
1776002,Driver,20 to 24,1.0,"Automobile, Station Wagon",,,Yes,2020,2020-09-19,616,6,KIPLING AVE,STEVENSON RD,1.0,Intersection,Stop Sign,Clear,Daylight,Dry,Fatal,Pedestrian Collisions,-79.5827,43.7443,September,Saturday
1780907,Driver,30 to 34,1.0,Municipal Transit Bus (TTC),,,,2020,2020-09-19,2125,21,ST CLAIR AVE W,HARVIE AVE,,Intersection,Stop Sign,Clear,"Dark, artificial",Dry,Non-Fatal Injury,Pedestrian Collisions,-79.4498,43.6764,September,Saturday
1784235,Driver,35 to 39,1.0,"Automobile, Station Wagon",,,,2020,2020-09-20,1101,11,DUFFERIN ST,4440 DUFFERIN ST,1.0,Intersection,Traffic Signal,Clear,Daylight,Dry,Non-Fatal Injury,Pedestrian Collisions,-79.4669,43.7688,September,Sunday
1787576,Driver,40 to 44,1.0,"Automobile, Station Wagon",,,,2020,2020-09-20,2058,20,SEWELL'S,KENGATE DR,,Intersection,Stop Sign,Clear,"Dark, artificial",Dry,Non-Fatal Injury,Pedestrian Collisions,-79.2029,43.8192,September,Sunday
1789627,Truck Driver,60 to 64,1.0,"Truck - Closed (Blazer, etc)",,,,2020,2020-09-21,615,6,LAWRENCE AVE EAST,CROCKFORD BV,1.0,Intersection,Traffic Signal,Clear,Dark,Dry,Non-Fatal Injury,Pedestrian Collisions,-79.2912,43.746,September,Monday
1799525,Driver,75 to 79,1.0,"Automobile, Station Wagon",,,,2020,2020-09-22,1350,13,WILSON AV,CLAYSON RD,,Mid-Block,Traffic Signal,Clear,Daylight,Dry,Non-Fatal Injury,Turning Movement,-79.5244,43.7174,September,Tuesday
1810261,Motorcycle Driver,30 to 34,4.0,Motorcycle,Yes,,,2020,2020-09-23,2314,23,DON VALLEY PKWY S,WYNFORD DR,3.0,Mid-Block,No Control,Clear,Dark,Dry,Non-Fatal Injury,SMV Other,-79.3306,43.7267,September,Wednesday
1815972,Cyclist,35 to 39,2.0,Bicycle,,,,2020,2020-09-20,1812,18,DUNDAS ST W,DENISON AVE,1.0,Intersection,Traffic Signal,Clear,Daylight,Dry,Fatal,Cyclist Collisions,-79.4022,43.6519,September,Sunday
1830669,Driver,60 to 64,1.0,"Automobile, Station Wagon",,,,2020,2020-09-26,1754,17,ST CLAIR AVE E,PHARMACY AV,1.0,Intersection,Traffic Signal,Clear,Daylight,Dry,Non-Fatal Injury,Rear End,-79.2909,43.7098,September,Saturday
1832925,Motorcycle Driver,35 to 39,4.0,Motorcycle,Yes,,,2020,2020-09-27,33,0,DVP N,SPANBRIDGE ROAD,2.0,Mid-Block,No Control,Clear,"Dark, artificial",Dry,Non-Fatal Injury,Rear End,-79.3254,43.7126,September,Sunday
1844601,Driver,70 to 74,1.0,"Automobile, Station Wagon",,,,2020,2020-09-28,1625,16,2301 BRIMLEY RD (DRIVEWAY),BRIMLEY RD,1.0,,Traffic Signal,Clear,Daylight,Dry,Non-Fatal Injury,Pedestrian Collisions,-79.2729,43.7975,September,Monday
1884326,Driver,30 to 34,1.0,"Automobile, Station Wagon",,,,2020,2020-10-04,1152,11,ADELAIDE ST E,POWER ST,1.0,Intersection,Stop Sign,Rain,Daylight,Wet,Non-Fatal Injury,Turning Movement,-79.3627,43.654,October,Sunday
1886672,Driver,20 to 24,1.0,"Automobile, Station Wagon",,,,2020,2020-10-04,1906,19,DUFFERIN ST,FINCH AV W,1.0,Intersection,Traffic Signal,Rain,"Dark, artificial",Wet,Non-Fatal Injury,Pedestrian Collisions,-79.4669,43.7688,October,Sunday
1887920,Driver,25 to 29,1.0,"Automobile, Station Wagon",,,,2020,2020-10-05,1,0,QUEENS PARK CRESCENT E,73 QUEENS PARK CRESCENT E,,Mid-Block,Traffic Signal,Clear,"Dark, artificial",Wet,Non-Fatal Injury,Pedestrian Collisions,-79.4191,43.6372,October,Monday
1888884,Driver,55 to 59,1.0,Passenger Van,,,,2020,2020-10-05,712,7,JANA ST,GRANDRAVINE DR,1.0,Intersection,Traffic Signal,Clear,Daylight,Dry,Non-Fatal Injury,Pedestrian Collisions,-79.515,43.747,October,Monday
1892662,Driver,30 to 34,1.0,Passenger Van,,,,2020,2020-10-05,1640,16,BATHURST ST,SHEPPARD AVE W,1.0,Mid-Block,No Control,Clear,Daylight,Dry,Non-Fatal Injury,Pedestrian Collisions,-79.4386,43.756,October,Monday
1894720,Driver,55 to 59,1.0,"Automobile, Station Wagon",,,,2020,2020-10-05,2312,23,University Avenue,College St. West,1.0,Intersection,Traffic Signal,Clear,"Dusk, artificial",Dry,Non-Fatal Injury,Pedestrian Collisions,-79.3904,43.6598,October,Monday
1902177,Driver,10 to 14,4.0,"Automobile, Station Wagon",Yes,,,2020,2020-10-07,300,3,LANSDOWNE AVE,COLLEGE ST,3.0,Intersection,Traffic Signal,Clear,Dark,Dry,Non-Fatal Injury,SMV Other,-79.4399,43.651,October,Wednesday
1912366,Driver,unknown,1.0,"Automobile, Station Wagon",,,,2020,2020-10-08,1410,14,BATHURST ST,LAWRENCE AVE W,1.0,Intersection,Traffic Signal,Rain,Daylight,Wet,Non-Fatal Injury,Pedestrian Collisions,-79.4032,43.6451,October,Thursday
1915138,Other,unknown,1.0,"Automobile, Station Wagon",,,,2020,2020-10-08,2330,23,COLLEGE ST,RUSHOLME PARK CRES,1.0,Mid-Block,No Control,Clear,"Dark, artificial",Dry,Fatal,SMV Unattended Vehicle,-79.4302,43.6527,October,Thursday
1927144,Driver,35 to 39,1.0,Pick Up Truck,,,,2020,2020-10-10,1759,17,JANE STREET AND GOLDWIN AVENUE,JANE ST,1.0,Intersection,Stop Sign,Clear,Daylight,Dry,Non-Fatal Injury,Turning Movement,-79.5003,43.6892,October,Saturday
1931088,Driver,45 to 49,1.0,Pick Up Truck,,,,2020,2020-10-11,1120,11,WOODBINE AVE,KINGSTON RD,1.0,Intersection,Traffic Signal,Clear,Daylight,Dry,Non-Fatal Injury,Cyclist Collisions,-79.3079,43.6739,October,Sunday
1934074,Cyclist,15 to 19,4.0,Bicycle,,,,2020,2020-10-11,2030,20,Kingston Road,Glen Everest Road,1.0,Intersection,Traffic Signal,Clear,"Dusk, artificial",Dry,Non-Fatal Injury,Cyclist Collisions,-79.2567,43.6975,October,Sunday
1940250,Driver,20 to 24,4.0,"Automobile, Station Wagon",,,,2020,2020-10-12,2250,22,MCCOWAN RD,BRIDLEY DR,1.0,Mid-Block,No Control,Rain,"Dark, artificial",Wet,Non-Fatal Injury,SMV Other,-79.2703,43.8142,October,Monday
1942115,Driver,30 to 34,1.0,"Automobile, Station Wagon",,,,2020,2020-10-13,906,9,ALBION RD,MARTIN GROVE RD,1.0,Intersection,Traffic Signal,Clear,Daylight,Dry,Non-Fatal Injury,Pedestrian Collisions,-79.5941,43.7419,October,Tuesday
1945158,Driver,50 to 54,1.0,Delivery Van,,,,2020,2020-10-13,1622,16,RUNNYMEDE RD,DUNDAS ST W,,Mid-Block,Traffic Signal,Clear,Daylight,Dry,Non-Fatal Injury,Rear End,-79.4825,43.6647,October,Tuesday
1957732,Driver,60 to 64,1.0,"Truck - Closed (Blazer, etc)",,,,2020,2020-10-15,1227,12,22 ELKHORN DR,,4.0,Mid-Block,No Control,Rain,Daylight,Wet,Fatal,Pedestrian Collisions,-79.381,43.7703,October,Thursday
1973407,Driver,65 to 69,1.0,"Automobile, Station Wagon",,,,2020,2020-10-17,1909,19,JANE STREET,SAN ROMANOWAY,,Intersection,Traffic Signal,Clear,"Dark, artificial",Dry,Non-Fatal Injury,Pedestrian Collisions,-79.5181,43.7589,October,Saturday
1985100,Motorcycle Driver,70 to 74,4.0,Motorcycle,,,,2020,2020-10-19,1641,16,GERRARD ST E,JONES AVE,,Mid-Block,Traffic Controller,Rain,"Daylight, artificial",Wet,Non-Fatal Injury,SMV Other,-79.3348,43.6694,October,Monday
1994232,Driver,50 to 54,2.0,"Automobile, Station Wagon",,,,2020,2020-10-21,8,0,SHEPPARD AVE E,KENNEDY RD,1.0,Mid-Block,No Control,Clear,"Dark, artificial",Dry,Fatal,SMV Other,-79.2898,43.7828,October,Wednesday
1995407,Truck Driver,50 to 54,1.0,"Truck - Closed (Blazer, etc)",,,,2020,2020-10-21,744,7,LAWRENCE AVE E,ASTERFIELD DR,,Intersection,No Control,Rain,"Dark, artificial",Wet,Non-Fatal Injury,Turning Movement,-79.1738,43.7711,October,Wednesday
2019769,Pedestrian,70 to 74,2.0,,,,,2020,2020-10-24,1621,16,DUPONT ST,CHRISTIE ST,1.0,Intersection,Traffic Signal,Clear,Daylight,Dry,Fatal,Pedestrian Collisions,-79.4215,43.6715,October,Saturday
2026103,Driver,80 to 84,3.0,"Automobile, Station Wagon",,,,2020,2020-10-25,1620,16,BATHURST ST,5988 BATHURST ST,1.0,,No Control,Clear,Daylight,Dry,Non-Fatal Injury,Pedestrian Collisions,-79.4457,43.7847,October,Sunday
2045410,Pedestrian,30 to 34,4.0,Bicycle,,,,2020,2020-10-28,1241,12,DUFFERIN ST,BLOOR ST W,1.0,Intersection,Traffic Signal,Clear,Daylight,Dry,Non-Fatal Injury,Pedestrian Collisions,-79.4353,43.6598,October,Wednesday
2053531,Driver,55 to 59,4.0,"Automobile, Station Wagon",,Yes,,2020,2020-10-29,1525,15,WELLINGTON STREET W,UNIVERSITY AVENUE,1.0,Intersection,Traffic Signal,Clear,Daylight,Dry,Non-Fatal Injury,Angle,-79.384,43.6463,October,Thursday
2063243,Driver,35 to 39,4.0,"Automobile, Station Wagon",,,Yes,2020,2020-10-30,2331,23,THE QUEENSWAY,ISLINGTON AV,,Mid-Block,Traffic Signal,Clear,Dark,Dry,Non-Fatal Injury,SMV Other,-79.5146,43.6233,October,Friday
2072729,Cyclist,45 to 49,4.0,Bicycle,,,,2020,2020-11-01,1300,13,BLOOR ST W,MARGUERRETTE ST,,Intersection,Stop Sign,Clear,Daylight,Dry,Non-Fatal Injury,Cyclist Collisions,-79.4401,43.6589,November,Sunday
2092644,Pedestrian,65 to 69,2.0,,,,,2020,2020-11-04,1241,12,CHERRY ST,MILL ST,2.0,Intersection,Traffic Signal,Clear,Daylight,Dry,Fatal,Pedestrian Collisions,-79.3573,43.6512,November,Wednesday
2109352,Pedestrian,30 to 34,2.0,,,,,2020,2020-11-06,1920,19,WILLIAM R ALLEN RD N,LAWRENCE AVE W,8.0,Mid-Block,No Control,Clear,"Dark, artificial",Dry,Fatal,Pedestrian Collisions,-79.4435,43.715,November,Friday
2112681,Cyclist,50 to 54,4.0,Bicycle,,,,2020,2020-11-07,958,9,KINGSTON RD,PINE RIDGE DR,1.0,Intersection,No Control,Clear,Daylight,Dry,Non-Fatal Injury,Cyclist Collisions,-79.2264,43.7302,November,Saturday
2115460,Driver,60 to 64,1.0,"Automobile, Station Wagon",,,,2020,2020-11-07,1720,17,MILITARY TL,ELLESMERE RD,1.0,Intersection,Traffic Signal,Clear,"Dark, artificial",Dry,Non-Fatal Injury,Pedestrian Collisions,-79.2171,43.7797,November,Saturday
2125289,Driver,55 to 59,5.0,Pick Up Truck,,,,2020,2020-11-09,913,9,WILSON AVE,JANE ST,1.0,Intersection,Traffic Signal,Clear,Daylight,Dry,Non-Fatal Injury,Pedestrian Collisions,-79.5086,43.7209,November,Monday
2134679,Driver,70 to 74,1.0,"Automobile, Station Wagon",,,,2020,2020-11-10,1430,14,FINCH AVE E,4168 Finch Ave. E.,1.0,,No Control,Clear,Daylight,Dry,Non-Fatal Injury,Pedestrian Collisions,-79.2888,43.8031,November,Tuesday
2139980,Truck Driver,25 to 29,5.0,Truck - Open,,,,2020,2020-11-11,1017,10,1733 WILSON AV,WILSON AV,,Mid-Block,No Control,Clear,Daylight,Dry,Non-Fatal Injury,Pedestrian Collisions,-79.5177,43.7189,November,Wednesday
2145844,Motorcycle Driver,60 to 64,4.0,Motorcycle,,,,2020,2020-11-12,747,7,LAKESHORE BLVD E,BOOTH AVE,,Mid-Block,No Control,Clear,Daylight,Dry,Non-Fatal Injury,SMV Other,-79.3408,43.6538,November,Thursday
2154297,Driver,90 to 94,4.0,"Automobile, Station Wagon",,,,2020,2020-11-13,1245,12,GERVAIS DR,WYNFORD DR,,Mid-Block,Traffic Signal,Clear,Daylight,Dry,Non-Fatal Injury,Approaching,-79.3364,43.7234,November,Friday
2161753,Driver,20 to 24,1.0,"Automobile, Station Wagon",,,,2020,2020-11-14,1446,14,259 WELLESLEY ST E,ROSE AVE,,Mid-Block,No Control,Clear,Daylight,Dry,Non-Fatal Injury,Pedestrian Collisions,-79.3715,43.6677,November,Saturday
2201920,Driver,40 to 44,1.0,"Automobile, Station Wagon",,,,2020,2020-11-20,1550,15,HARVIE AVE,ROGERS RD,3.0,Intersection,Stop Sign,Clear,Daylight,Dry,Non-Fatal Injury,Pedestrian Collisions,-79.4528,43.6839,November,Friday
2202286,Cyclist,55 to 59,2.0,,,,,2020,2020-11-20,1643,16,ROYAL YORK RD,JUDSON ST,3.0,Intersection,No Control,Clear,Dusk,Dry,Fatal,Cyclist Collisions,-79.4983,43.6161,November,Friday
2204531,Motorcycle Driver,30 to 34,4.0,Motorcycle,,,,2020,2020-11-20,2345,23,DON VALLEY PARKWAY  N,EASTERN AVE DIVERSION,8.0,Mid-Block,No Control,Clear,"Dark, artificial",Dry,Non-Fatal Injury,SMV Other,-79.3487,43.6532,November,Friday
2228307,Driver,45 to 49,4.0,"Automobile, Station Wagon",Yes,,Yes,2020,2020-11-24,1922,19,LANSDOWNE AV,DUPONT ST,,,No Control,Clear,"Dark, artificial",Dry,Non-Fatal Injury,Rear End,-79.446,43.6657,November,Tuesday
2234262,Driver,unknown,1.0,"Automobile, Station Wagon",,,,2020,2020-11-25,1735,17,KENNEDY ROAD,PROGRESS AVE,1.0,Intersection,Traffic Signal,Rain,"Dark, artificial",Wet,Non-Fatal Injury,Pedestrian Collisions,-79.2822,43.7694,November,Wednesday
2234722,Driver,60 to 64,1.0,"Automobile, Station Wagon",,,,2020,2020-11-25,1851,18,MARLEE AVE,CASTLEFIELD AVE,,Intersection,Stop Sign,Rain,"Dark, artificial",Wet,Non-Fatal Injury,Pedestrian Collisions,-79.4414,43.703,November,Wednesday
2253261,Driver,50 to 54,5.0,"Automobile, Station Wagon",Yes,,,2020,2020-11-28,1638,16,ELLESMERE RD,NEILSON RD,1.0,Intersection,Traffic Signal,Clear,Dusk,Dry,Fatal,Angle,-79.2049,43.7825,November,Saturday
2254416,Driver,25 to 29,4.0,"Automobile, Station Wagon",Yes,,,2020,2020-11-28,2022,20,JANE ST,DALARYMPLE DR,1.0,Mid-Block,No Control,Clear,"Dark, artificial",Dry,Non-Fatal Injury,SMV Other,-79.4961,43.6772,November,Saturday
2260605,Driver,30 to 34,1.0,"Automobile, Station Wagon",,,,2020,2020-11-29,2200,22,STEELES AVE W,HILDA AVE,1.0,Intersection,Traffic Signal,Clear,"Dark, artificial",Dry,Non-Fatal Injury,Pedestrian Collisions,-79.4292,43.796,November,Sunday
2263377,Cyclist,60 to 64,5.0,Bicycle,,,,2020,2020-11-30,1110,11,BEECROFT ROAD,LORRAINE DRIVE,3.0,Intersection,No Control,Rain,"Daylight, artificial",Wet,Non-Fatal Injury,Cyclist Collisions,-79.4178,43.7776,November,Monday
2266275,Driver,45 to 49,1.0,Passenger Van,,,,2020,2020-11-30,1829,18,SHEPPARD AVE,WARDEN AVE,1.0,Intersection,Traffic Signal,Rain,"Dark, artificial",Wet,Non-Fatal Injury,Pedestrian Collisions,-79.3078,43.7787,November,Monday
2266447,Driver,20 to 24,1.0,"Automobile, Station Wagon",,,,2020,2020-11-30,1901,19,VICTORIA PARK AVE,VAN HORNE AVE,1.0,Intersection,Traffic Signal,Rain,"Dark, artificial",Wet,Non-Fatal Injury,Pedestrian Collisions,-79.3295,43.7892,November,Monday
2279200,Cyclist,20 to 24,2.0,Bicycle,,,,2020,2020-12-02,1829,18,DUFFERIN ST,SYLVAN AVE,1.0,Intersection,No Control,Clear,Daylight,Dry,Fatal,Cyclist Collisions,-79.4333,43.6546,December,Wednesday
2298555,Pedestrian,35 to 39,2.0,,,,,2020,2020-12-05,1716,17,2255 MARKHAM RD,,1.0,Mid-Block,No Control,Clear,"Dusk, artificial",Dry,Fatal,Pedestrian Collisions,-79.2432,43.8095,December,Saturday
2314333,Driver,50 to 54,1.0,"Automobile, Station Wagon",,,,2020,2020-12-08,856,8,STEELES AV E,PUTNAM GT,1.0,Intersection,Traffic Signal,Clear,Daylight,Dry,Non-Fatal Injury,Pedestrian Collisions,-79.3122,43.8224,December,Tuesday
2317800,Driver,45 to 49,1.0,"Automobile, Station Wagon",Yes,Yes,,2020,2020-12-08,1803,18,MCCOWAN RD,LAWRENCE AV E,1.0,Intersection,Traffic Signal,Clear,"Dark, artificial",Dry,Non-Fatal Injury,Pedestrian Collisions,-79.2453,43.7555,December,Tuesday
2318123,Driver,unknown,1.0,"Automobile, Station Wagon",Yes,,,2020,2020-12-08,1856,18,CORDOVA AVE,MABELLE AVE,2.0,,Stop Sign,Clear,Dark,Dry,Non-Fatal Injury,SMV Other,-79.5254,43.6471,December,Tuesday
2332478,Driver,25 to 29,2.0,"Automobile, Station Wagon",,,,2020,2020-12-10,2344,23,MARTIN GROVE RD,GIHON SPRING DR,3.0,Mid-Block,No Control,Clear,"Dark, artificial",Dry,Fatal,SMV Other,-79.6005,43.7547,December,Thursday
2340093,Driver,35 to 39,4.0,"Automobile, Station Wagon",,,,2020,2020-12-12,325,3,1208 AVENUE RD,1208 AVENUE RD,,Mid-Block,No Control,Clear,"Dark, artificial",Dry,Non-Fatal Injury,SMV Other,-79.4117,43.7124,December,Saturday
2343661,Driver,40 to 44,1.0,Pick Up Truck,,,,2020,2020-12-12,1811,18,BURNHAMTHORPE RD,RATHBURN RD,1.0,Intersection,Traffic Signal,Clear,"Dusk, artificial",Dry,Non-Fatal Injury,Pedestrian Collisions,-79.5724,43.6433,December,Saturday
2372537,Truck Driver,50 to 54,1.0,Truck-Tractor,,,,2020,2020-12-17,1141,11,LAWRENCE AVE E,HOWDEN RD,1.0,Intersection,Traffic Signal,Clear,Daylight,Dry,Fatal,Pedestrian Collisions,-79.2879,43.7467,December,Thursday
2374044,Pedestrian,30 to 34,2.0,,,,,2020,2020-12-17,1550,15,168 CLONMORE DR,,3.0,Mid-Block,No Control,Clear,Daylight,Dry,Fatal,Pedestrian Collisions,-79.277,43.6902,December,Thursday
2383203,Driver,45 to 49,4.0,"Automobile, Station Wagon",,,,2020,2020-12-18,2238,22,YORK MILLS RD,DON VALLEY PKWY RAMP S,1.0,Intersection,Traffic Signal,Clear,Dark,Dry,Non-Fatal Injury,Turning Movement,-79.3358,43.7582,December,Friday
2390427,Driver,15 to 19,4.0,"Automobile, Station Wagon",Yes,,Yes,2020,2020-12-20,305,3,ISLINGTON AVENUE,DUNDAS STREET WEST,1.0,Intersection,Traffic Signal,Rain,"Dark, artificial",Wet,Non-Fatal Injury,SMV Other,-79.5263,43.6513,December,Sunday
2400863,Driver,unknown,1.0,"Automobile, Station Wagon",,,,2020,2020-12-21,2035,20,ISABELLA STREET,HUNTLEY STREET,2.0,Intersection,Stop Sign,Rain,Dark,Wet,Non-Fatal Injury,Pedestrian Collisions,-79.378,43.6691,December,Monday
2419967,Driver,50 to 54,4.0,"Automobile, Station Wagon",,,,2020,2020-12-25,318,3,BURNHAMTHORPE RD,SILVER SHADOW PATH,,Mid-Block,No Control,Snow,"Dark, artificial",Loose Snow,Non-Fatal Injury,SMV Other,-79.5797,43.6418,December,Friday