ACCNUM,INVTYPE,INVAGE,INJURY_ID,VEHTYPE,SPEEDING,REDLIGHT,ALCOHOL,YEAR,DATE,TIME,HOUR,STREET1,STREET2,ROAD_CLASS_ID,LOCCOORD,TRAFFCTL,VISIBILITY,LIGHT,RDSFCOND,ACCLASS,IMPACTYPE,Longitude,Latitude,Month,Day_of_Week
2431394,Driver,55 to 59,3.0,"Automobile, Station Wagon",Yes,,,2020,2020-12-27,1520,15,LAWRENCE AVE E,KENNEDY RD,,Mid-Block,No Control,Clear,Daylight,Dry,Non-Fatal Injury,Rear End,-79.2773,43.749,December,Sunday
2449891,Driver,40 to 44,1.0,"Automobile, Station Wagon",,,,2020,2020-12-30,1700,17,DUNDAS ST E,SHERBOURNE AVE,,Mid-Block,No Control,Rain,"Dark, artificial",Wet,Non-Fatal Injury,Pedestrian Collisions,-79.3703,43.6584,December,Wednesday
2450003,Driver,35 to 39,1.0,"Automobile, Station Wagon",,,,2020,2020-12-30,1721,17,KENNEDY RD,SHEPPARD AVE E,1.0,Intersection,Traffic Signal,Rain,"Dark, artificial",Wet,Fatal,Pedestrian Collisions,-79.2882,43.7832,December,Wednesday
13999959,Driver,30 to 34,2.0,"Automobile, Station Wagon",,,,2013,2013-11-30,1556,15,BLOOR ST W,NEILSON DR,1.0,Intersection,Traffic Signal,Other,Daylight,Other,Fatal,Turning Movement,-79.5672,43.6344,November,Saturday
130927832,Driver,35 to 39,1.0,"Bus (Other) (Go Bus, Gray Coach)",,,,2013,2013-11-07,1141,11,HARBORD ST,SPADINA AVE,1.0,Intersection,Traffic Signal,Clear,Daylight,Dry,Fatal,Pedestrian Collisions,-79.402,43.663,November,Thursday
131031283,Driver,30 to 34,1.0,Delivery Van,,,,2013,2013-11-24,1521,15,100 STEELES AVE W,,1.0,Intersection,Traffic Signal,Clear,"Dark, artificial",Dry,Fatal,Pedestrian Collisions,-79.4247,43.7969,November,Sunday
131058335,Driver,25 to 29,2.0,"Automobile, Station Wagon",Yes,,,2013,2013-11-29,558,5,1491 LAKE SHORE BLVD W,,1.0,Mid-Block,No Control,Clear,"Dawn, artificial",Dry,Fatal,SMV Other,-79.4477,43.6376,November,Friday
131086760,Pedestrian,85 to 89,2.0,,,,,2013,2013-12-03,2100,21,MARKLAND DR,BLOOR ST W,1.0,Intersection,Traffic Signal,Clear,"Dark, artificial",Dry,Fatal,Pedestrian Collisions,-79.5707,43.6335,December,Tuesday
131092293,Driver,25 to 29,1.0,"Automobile, Station Wagon",,,,2013,2013-12-04,1847,18,DUMONT ST,OTONABEE AVE,4.0,Intersection,No Control,Clear,"Dark, artificial",Dry,Fatal,Pedestrian Collisions,-79.4157,43.7953,December,Wednesday
131098349,Driver,45 to 49,1.0,"Automobile, Station Wagon",,,,2013,2013-12-05,1741,17,DUNDAS ST W,CLAREMONT ST,1.0,Intersection,No Control,Clear,"Dark, artificial",Dry,Fatal,Pedestrian Collisions,-79.4115,43.6511,December,Thursday
131219717,Driver,65 to 69,1.0,"Automobile, Station Wagon",,,,2013,2013-12-24,1500,15,VICTORIA PARK AVE,O CONNOR DR,1.0,Mid-Block,Stop Sign,Clear,Daylight,Dry,Fatal,Pedestrian Collisions,-79.3016,43.7223,December,Tuesday
141375171,Driver,15 to 19,1.0,"Automobile, Station Wagon",,,,2014,2014-01-19,2145,21,EGLINTON AVE W,NORTHCLIFFE BLVD,1.0,Intersection,Traffic Signal,Clear,"Dark, artificial",Wet,Fatal,Pedestrian Collisions,-79.4476,43.6962,January,Sunday
141413547,Driver,50 to 54,5.0,"Automobile, Station Wagon",,,,2014,2014-01-26,1310,13,SHEPPARD AVE E,CONSUMERS RD,1.0,Intersection,Traffic Signal,Snow,Daylight,Loose Snow,Fatal,Rear End,-79.3312,43.775,January,Sunday
141513588,Driver,55 to 59,1.0,"Automobile, Station Wagon",,,,2014,2014-02-12,127,1,DANFORTH RD,HIBBERTS DR,3.0,Intersection,No Control,Clear,"Dark, artificial",Dry,Fatal,Pedestrian Collisions,-79.267,43.7087,February,Wednesday
141518658,Driver,40 to 44,1.0,Pick Up Truck,Yes,,,2014,2014-02-12,2017,20,ST CLAIR AVE E,HERRON AVE,1.0,Mid-Block,No Control,Clear,"Dark, artificial",Ice,Fatal,Pedestrian Collisions,-79.2851,43.7111,February,Wednesday
141603063,Driver,80 to 84,2.0,"Automobile, Station Wagon",,,,2014,2014-02-26,1646,16,YORK MILLS RD,UPJOHN RD,1.0,Intersection,No Control,Clear,Daylight,Dry,Fatal,Turning Movement,-79.3508,43.7549,February,Wednesday
141649049,Driver,50 to 54,2.0,"Automobile, Station Wagon",,,,2014,2014-03-06,735,7,PRINCE EDWARD DR N,SHAND AVE,2.0,Intersection,No Control,Snow,Daylight,Slush,Fatal,SMV Other,-79.5091,43.6572,March,Thursday
141945030,Driver,50 to 54,1.0,"Automobile, Station Wagon",,,,2014,2014-04-23,1755,17,DUNDAS ST W,KENSINGTON AVE,1.0,Intersection,No Control,Clear,"Daylight, artificial",Dry,Fatal,Pedestrian Collisions,-79.3998,43.6525,April,Wednesday
142041479,Driver,25 to 29,1.0,"Automobile, Station Wagon",Yes,,,2014,2014-05-08,2108,21,RENFORTH DR,ERINGATE DR,3.0,Mid-Block,No Control,Clear,"Dusk, artificial",Dry,Fatal,Turning Movement,-79.5835,43.6604,May,Thursday
142049204,Pedestrian,25 to 29,2.0,,,,,2014,2014-05-10,233,2,DUNDAS ST W,AUGUSTA AVE,1.0,Intersection,No Control,Clear,"Dark, artificial",Dry,Fatal,Pedestrian Collisions,-79.4011,43.6522,May,Saturday
142120007,Driver,60 to 64,3.0,"Automobile, Station Wagon",,,,2014,2014-05-21,610,6,HIGHWAY 27  S,BELFIELD RD,1.0,Intersection,Traffic Signal,Clear,Daylight,Dry,Fatal,Rear End,-79.5871,43.6992,May,Wednesday
142211983,Driver,75 to 79,1.0,"Automobile, Station Wagon",,,,2014,2014-06-03,1250,12,53 CRAIGMORE CRES,,4.0,Mid-Block,No Control,Clear,Daylight,Dry,Fatal,Pedestrian Collisions,-79.3974,43.7632,June,Tuesday
142300273,Motorcycle Driver,45 to 49,2.0,Motorcycle,,,,2014,2014-06-16,827,8,BROADVIEW AVE,FAIRVIEW BLVD,3.0,Mid-Block,No Control,Rain,Daylight,Wet,Fatal,SMV Other,-79.3578,43.6751,June,Monday
142454660,Passenger,90 to 94,4.0,,,Yes,,2014,2014-07-08,1024,10,MCNICOLL AVE,PHARMACY AVE,3.0,Intersection,Traffic Signal,Clear,Daylight,Dry,Fatal,Angle,-79.3307,43.8041,July,Tuesday
142471584,Driver,50 to 54,1.0,"Automobile, Station Wagon",,,,2014,2014-07-10,1909,19,BLOOR ST W,DUNDAS ST W,3.0,Mid-Block,No Control,Clear,Daylight,Dry,Fatal,Pedestrian Collisions,-79.4526,43.6568,July,Thursday
142510103,Driver,50 to 54,1.0,Passenger Van,,,,2014,2014-07-16,1615,16,MCRAE DR,MILLWOOD RD,2.0,Intersection,Traffic Signal,Clear,Daylight,Dry,Fatal,Pedestrian Collisions,-79.3681,43.7047,July,Wednesday
142586405,Driver,60 to 64,1.0,Intercity Bus,,,,2014,2014-07-28,553,5,HUMBERLINE DR,FINCH AVE W,1.0,Intersection,Traffic Signal,Rain,"Dawn, artificial",Wet,Fatal,Pedestrian Collisions,-79.6178,43.735,July,Monday
142588079,Passenger,60 to 64,5.0,,,,,2014,2014-07-28,1200,12,DUDLEY AVE,FINCH AVE E,1.0,Intersection,Stop Sign,Clear,Daylight,Dry,Fatal,Turning Movement,-79.4097,43.781,July,Monday
142655086,Driver,25 to 29,3.0,,,Yes,,2014,2014-08-07,1618,16,5800 YONGE ST,,1.0,Intersection,Traffic Signal,Clear,Daylight,Dry,Fatal,Pedestrian Collisions,-79.4166,43.7843,August,Thursday
142657110,Driver,50 to 54,1.0,Street Car,,,,2014,2014-08-07,2214,22,ST CLAIR AVE W,LANSDOWNE AVE,1.0,Mid-Block,No Control,Clear,"Dark, artificial",Dry,Fatal,Pedestrian Collisions,-79.4519,43.6759,August,Thursday
142723300,Driver,40 to 44,1.0,"Automobile, Station Wagon",,,,2014,2014-08-17,2306,23,DAWES RD,GOWER ST,3.0,Intersection,Traffic Signal,Clear,"Dark, artificial",Dry,Fatal,Pedestrian Collisions,-79.2969,43.7022,August,Sunday
142723818,Driver,25 to 29,1.0,Passenger Van,,,,2014,2014-08-18,125,1,QUEEN ST E,TRACY ST,1.0,Intersection,No Control,Clear,"Dark, artificial",Dry,Fatal,Pedestrian Collisions,-79.3622,43.656,August,Monday
142740894,Pedestrian,75 to 79,4.0,,,,,2014,2014-08-20,1639,16,VICTORIA PARK AVE,O CONNOR DR,1.0,Intersection,Traffic Signal,Clear,Daylight,Dry,Fatal,Pedestrian Collisions,-79.302,43.7233,August,Wednesday
142879736,Truck Driver,30 to 34,1.0,Truck - Dump,,,,2014,2014-09-10,620,6,OKEEFE LANE,DUNDAS SQ,7.0,Mid-Block,No Control,Clear,"Dark, artificial",Dry,Fatal,Pedestrian Collisions,-79.3798,43.6553,September,Wednesday
142937129,Driver,60 to 64,1.0,Street Car,,,,2014,2014-09-18,2001,20,ST CLAIR AVE W,DEER PARK CRES,1.0,Mid-Block,No Control,Clear,"Dark, artificial",Dry,Fatal,Pedestrian Collisions,-79.3967,43.6875,September,Thursday
142962876,Driver,25 to 29,1.0,"Automobile, Station Wagon",,,,2014,2014-09-22,2059,20,KING ST W,CLOSE AVE,1.0,Intersection,Pedestrian Crossover,Clear,"Dark, artificial",Dry,Fatal,Pedestrian Collisions,-79.4347,43.6374,September,Monday
143015764,Driver,45 to 49,1.0,Street Car,,,,2014,2014-09-30,1608,16,ST CLAIR AVE W,KEELE ST,1.0,Mid-Block,No Control,Clear,Daylight,Dry,Fatal,Pedestrian Collisions,-79.4685,43.6723,September,Tuesday
143022510,Motorcycle Driver,20 to 24,2.0,Motorcycle,Yes,,,2014,2014-10-01,1620,16,35 IRWIN RD,,4.0,Mid-Block,No Control,Clear,Daylight,Wet,Fatal,SMV Other,-79.5551,43.7259,October,Wednesday
143084786,Driver,30 to 34,1.0,Municipal Transit Bus (TTC),,,,2014,2014-10-11,1024,10,LAWRENCE AVE W,ALLEN X N LAWRENCE RAMP,1.0,Intersection,Traffic Signal,Clear,Daylight,Dry,Fatal,Pedestrian Collisions,-79.4432,43.7163,October,Saturday
143117140,Driver,50 to 54,1.0,"Automobile, Station Wagon",,,,2014,2014-10-16,1927,19,VICTORIA PARK AVE,EGLINTON AVE E,1.0,Mid-Block,No Control,Rain,"Dark, artificial",Wet,Fatal,Pedestrian Collisions,-79.3031,43.7258,October,Thursday
143234908,Driver,25 to 29,2.0,"Automobile, Station Wagon",Yes,,,2014,2014-11-04,807,8,ORTON PARK RD,SLAN AVE,3.0,Mid-Block,No Control,Clear,Daylight,Dry,Fatal,SMV Other,-79.2119,43.7779,November,Tuesday
143250160,Pedestrian,40 to 44,2.0,,,,,2014,2014-11-06,1254,12,MIDLAND AVE,GILDER DR,1.0,Intersection,Traffic Signal,Clear,Daylight,Dry,Fatal,Pedestrian Collisions,-79.2587,43.736,November,Thursday
143335677,Pedestrian,65 to 69,2.0,,,,,2014,2014-11-20,1245,12,2440 DUNDAS ST W,,3.0,Intersection,Traffic Signal,Clear,Daylight,Dry,Fatal,Pedestrian Collisions,-79.4529,43.6582,November,Thursday
143339762,Pedestrian,60 to 64,2.0,,,,,2014,2014-11-21,600,6,FINCH AVE W,DRIFTWOOD AVE,1.0,Intersection,Traffic Signal,Clear,"Dawn, artificial",Dry,Fatal,Pedestrian Collisions,-79.5134,43.758,November,Friday
143357519,Driver,20 to 24,2.0,"Automobile, Station Wagon",Yes,,Yes,2014,2014-11-24,350,3,DON VALLEY PARKWAY  N,LEASIDE BDGE,1.0,Mid-Block,No Control,Rain,"Dark, artificial",Wet,Fatal,SMV Other,-79.3494,43.6975,November,Monday
143362651,Driver,25 to 29,2.0,"Automobile, Station Wagon",,Yes,Yes,2014,2014-11-24,1800,18,ELLESMERE RD,MILITARY TRL,1.0,Intersection,Traffic Signal,Clear,"Dark, artificial",Dry,Fatal,Angle,-79.2171,43.7797,November,Monday
143380193,Driver,65 to 69,5.0,"Automobile, Station Wagon",,,,2014,2014-11-27,1420,14,549 COLLEGE ST,,1.0,Mid-Block,No Control,Clear,Daylight,Dry,Fatal,SMV Other,-79.412,43.6555,November,Thursday
143440580,Driver,80 to 84,2.0,"Automobile, Station Wagon",,,,2014,2014-12-07,944,9,KENNEDY RD,RANSTONE GDNS,1.0,Intersection,Traffic Signal,Clear,Daylight,Dry,Fatal,Approaching,-79.272,43.7421,December,Sunday
143471771,Passenger,50 to 54,2.0,,,Yes,,2014,2014-12-12,1320,13,SHEPPARD AVE E,404 N SHEPPARD W RAMP,1.0,Intersection,Traffic Signal,Clear,Daylight,Wet,Fatal,Turning Movement,-79.3377,43.7758,December,Friday
143474139,Pedestrian,40 to 44,2.0,,,,,2014,2014-12-12,1840,18,COXWELL AVE,COSBURN AVE,3.0,Intersection,Traffic Signal,Clear,"Dusk, artificial",Dry,Fatal,Pedestrian Collisions,-79.328,43.6941,December,Friday
143507481,Pedestrian,75 to 79,2.0,,,,,2014,2014-12-18,843,8,6030 BATHURST ST,,1.0,Mid-Block,No Control,Clear,Daylight,Dry,Fatal,Pedestrian Collisions,-79.4466,43.7885,December,Thursday
178057130,Driver,30 to 34,4.0,"Automobile, Station Wagon",,,,2017,2017-11-22,1110,11,BAYVIEW AVE,LAWRENCE AVE E,1.0,Mid-Block,No Control,Clear,Daylight,Dry,Non-Fatal Injury,SMV Other,-79.3813,43.7301,November,Wednesday
188016123,Pedestrian,25 to 29,4.0,,,,,2018,2018-03-24,1700,17,BAYVIEW AVE,THE BRIDLE PATH,1.0,Mid-Block,No Control,Clear,Daylight,Dry,Non-Fatal Injury,Pedestrian Collisions,-79.3824,43.7392,March,Saturday
3000108221,Driver,40 to 44,1.0,"Automobile, Station Wagon",,,,2013,2013-12-02,20,0,BLACK CREEK DR,TRETHEWEY DR,1.0,Intersection,Traffic Signal,Clear,"Dark, artificial",Dry,Non-Fatal Injury,Pedestrian Collisions,-79.486,43.6945,December,Monday
3000777885,Driver,50 to 54,1.0,"Automobile, Station Wagon",,,,2013,2013-12-03,700,7,SCARLETT RD,LAWRENCE AVE W,1.0,Intersection,Traffic Signal,Clear,Daylight,Dry,Non-Fatal Injury,Pedestrian Collisions,-79.5232,43.6981,December,Tuesday
3000935041,Driver,50 to 54,1.0,"Automobile, Station Wagon",,,,2013,2013-11-07,900,9,610 UNIVERSITY AVE,,1.0,Mid-Block,No Control,Clear,Daylight,Dry,Non-Fatal Injury,Pedestrian Collisions,-79.3897,43.6582,November,Thursday
3000936141,Driver,55 to 59,1.0,Passenger Van,,,,2013,2013-11-08,1813,18,QUEEN ST W,RONCESVALLES AVE,1.0,Mid-Block,No Control,Clear,"Dark, artificial",Dry,Non-Fatal Injury,SMV Other,-79.4468,43.6385,November,Friday
3000936395,Driver,45 to 49,1.0,"Automobile, Station Wagon",,,,2013,2013-11-08,1900,19,955 BAY ST,,1.0,Intersection,No Control,Clear,"Dark, artificial",Dry,Non-Fatal Injury,Pedestrian Collisions,-79.3871,43.6643,November,Friday
3000937530,Driver,50 to 54,,"Automobile, Station Wagon",,,,2013,2013-11-08,2304,23,F G GARDINER XY  W,PARKSIDE DR,,Mid-Block,No Control,Clear,"Dark, artificial",Dry,Non-Fatal Injury,Pedestrian Collisions,-79.4469,43.6379,November,Friday
3000972719,Driver,45 to 49,1.0,"Automobile, Station Wagon",,,,2013,2013-11-14,1945,19,545 THE WEST MALL,,3.0,Mid-Block,No Control,Clear,"Dark, artificial",Dry,Non-Fatal Injury,Pedestrian Collisions,-79.5697,43.6516,November,Thursday
3000983486,Driver,75 to 79,4.0,"Automobile, Station Wagon",Yes,,,2013,2013-11-16,1516,15,FAIRFAX CR,WARDEN AV,1.0,Intersection,Traffic Signal,Clear,Daylight,Dry,Non-Fatal Injury,Turning Movement,-79.2827,43.7161,November,Saturday
3000986891,Driver,60 to 64,1.0,"Automobile, Station Wagon",,,,2013,2013-11-17,412,4,LANSDOWNE AVE,BRANDON AVE,3.0,Mid-Block,No Control,Rain,"Dark, artificial",Wet,Non-Fatal Injury,Pedestrian Collisions,-79.447,43.6682,November,Sunday
3000989119,Driver,60 to 64,4.0,"Automobile, Station Wagon",,Yes,,2013,2013-11-17,1506,15,MEADOWVALE RD,DEAN PARK  RD,3.0,Intersection,Traffic Signal,Clear,Daylight,Dry,Non-Fatal Injury,Angle,-79.1687,43.8042,November,Sunday
3000996799,Driver,20 to 24,5.0,"Automobile, Station Wagon",,,Yes,2013,2013-11-18,2035,20,BATHURST ST,FRONTENAC AVE,1.0,Intersection,No Control,Clear,"Dark, artificial",Dry,Non-Fatal Injury,SMV Other,-79.4292,43.7167,November,Monday
3001000463,Driver,45 to 49,1.0,"Automobile, Station Wagon",,,,2013,2013-11-19,1327,13,MOUNT PLEASANT RD,TED ROGERS WAY,1.0,Intersection,Traffic Signal,Clear,Daylight,Dry,Non-Fatal Injury,Rear End,-79.3798,43.6699,November,Tuesday
3001002195,Driver,60 to 64,1.0,,,,,2013,2013-11-19,1820,18,VICTORIA PARK AVE,SUNRISE AVE,1.0,Intersection,Traffic Signal,Clear,"Dark, artificial",Dry,Non-Fatal Injury,Pedestrian Collisions,-79.3005,43.7197,November,Tuesday
3001005166,Cyclist,20 to 24,2.0,Bicycle,Yes,Yes,,2013,2013-11-20,937,9,SHEPPARD AVE W,KODIAK CRES,1.0,Intersection,Traffic Signal,Clear,Daylight,Dry,Fatal,Cyclist Collisions,-79.4672,43.7518,November,Wednesday
3001013927,Driver,40 to 44,1.0,"Automobile, Station Wagon",,,,2013,2013-11-21,1650,16,YONGE ST,FRONT ST,1.0,Mid-Block,No Control,Clear,"Dusk, artificial",Dry,Non-Fatal Injury,Pedestrian Collisions,-79.3767,43.6464,November,Thursday
3001015663,Cyclist,20 to 24,4.0,Bicycle,,,,2013,2013-11-22,31,0,HOSKIN AVE,ST GEORGE ST,3.0,Intersection,Traffic Signal,Rain,"Dark, artificial",Wet,Non-Fatal Injury,Cyclist Collisions,-79.3984,43.664,November,Friday
3001021983,Driver,25 to 29,4.0,"Automobile, Station Wagon",,,Yes,2013,2013-11-23,1,0,HIGHWAY 427  S,27 S 427 C S RAMP,,Mid-Block,No Control,Clear,"Dark, artificial",Dry,Non-Fatal Injury,SMV Other,-79.5749,43.6692,November,Saturday
3001022701,Driver,25 to 29,4.0,"Automobile, Station Wagon",Yes,,,2013,2013-11-23,130,1,WINSTON PARK BLVD,ANTHONY RD,4.0,Intersection,Stop Sign,Clear,"Dark, artificial",Dry,Non-Fatal Injury,SMV Unattended Vehicle,-79.4711,43.7278,November,Saturday
3001029733,Driver,40 to 44,1.0,"Automobile, Station Wagon",Yes,,,2013,2013-11-24,1018,10,EGLINTON AVE E,OSWEGO RD,1.0,Mid-Block,No Control,Clear,Daylight,Dry,Fatal,Approaching,-79.2447,43.7374,November,Sunday
3001047627,Driver,30 to 34,1.0,"Automobile, Station Wagon",,,,2013,2013-11-27,1120,11,JARVIS ST,GERRARD ST E,1.0,Intersection,Traffic Signal,Clear,Daylight,Dry,Non-Fatal Injury,Pedestrian Collisions,-79.3758,43.6604,November,Wednesday
3001054757,Driver,80 to 84,4.0,"Automobile, Station Wagon",,,,2013,2013-11-28,1423,14,295 THE WEST MALL,,3.0,Mid-Block,No Control,Clear,Daylight,Dry,Non-Fatal Injury,SMV Other,-79.5619,43.6351,November,Thursday
3001061187,Driver,unknown,,"Automobile, Station Wagon",,,,2013,2013-11-29,1545,15,WILLOWDALE AVE,PEMBERTON AVE,3.0,Intersection,No Control,Clear,Daylight,Dry,Non-Fatal Injury,Pedestrian Collisions,-79.4074,43.7824,November,Friday
3001064601,Driver,45 to 49,4.0,"Automobile, Station Wagon",Yes,,Yes,2013,2013-11-30,509,5,295 DAVENPORT RD,,1.0,Intersection,No Control,Clear,Dark,Dry,Non-Fatal Injury,SMV Other,-79.3997,43.6743,November,Saturday
3001085931,Driver,70 to 74,1.0,"Automobile, Station Wagon",Yes,,,2013,2013-12-03,1815,18,ST CLAIR AVE E,HERRON AVE,1.0,Intersection,Traffic Signal,Clear,"Dark, artificial",Dry,Non-Fatal Injury,Pedestrian Collisions,-79.286,43.7109,December,Tuesday
3001089776,Driver,65 to 69,1.0,"Automobile, Station Wagon",,,,2013,2013-12-04,1143,11,BATHURST ST,WELLS ST,1.0,Intersection,Traffic Signal,Clear,Daylight,Dry,Non-Fatal Injury,Pedestrian Collisions,-79.4131,43.67,December,Wednesday
3001090818,Cyclist,25 to 29,4.0,Bicycle,,,,2013,2013-12-04,1435,14,DENTON AVE,ROBINSON AVE,2.0,Intersection,Stop Sign,Clear,Daylight,Dry,Non-Fatal Injury,Cyclist Collisions,-79.2796,43.6949,December,Wednesday
3001098840,Driver,35 to 39,1.0,"Automobile, Station Wagon",,,,2013,2013-12-05,1905,19,LAKE SHORE BLVD W,BATHURST ST,1.0,Intersection,Traffic Signal,Clear,"Dark, artificial",Dry,Non-Fatal Injury,Turning Movement,-79.3996,43.6364,December,Thursday
3001104210,Driver,30 to 34,1.0,"Automobile, Station Wagon",,,,2013,2013-12-06,1616,16,BELLAMY RD N,ROCHMAN BLVD,3.0,Intersection,Stop Sign,Clear,Daylight,Dry,Non-Fatal Injury,Angle,-79.2361,43.7599,December,Friday
3001107258,Driver,unknown,1.0,"Automobile, Station Wagon",,,,2013,2013-12-07,304,3,35 FOUNTAINHEAD RD,,4.0,Mid-Block,No Control,Clear,"Dark, artificial",Dry,Non-Fatal Injury,Pedestrian Collisions,-79.5031,43.7621,December,Saturday
3001129731,Driver,40 to 44,1.0,"Automobile, Station Wagon",,,,2013,2013-12-11,135,1,UNIVERSITY AVE,ADELAIDE ST W,1.0,Intersection,Traffic Signal,Clear,"Dark, artificial",Dry,Non-Fatal Injury,Pedestrian Collisions,-79.3855,43.6487,December,Wednesday
3001131937,Driver,15 to 19,4.0,"Automobile, Station Wagon",Yes,,,2013,2013-12-11,1153,11,CLAREMORE AVE,KINGSTON RD,3.0,Mid-Block,No Control,Clear,Daylight,Dry,Non-Fatal Injury,Sideswipe,-79.2573,43.6997,December,Wednesday
3001133431,Pedestrian,15 to 19,4.0,,,,,2013,2013-12-11,1605,16,SHEPPARD AVE W,DON RIVER BLVD,1.0,Intersection,No Control,Clear,Dusk,Dry,Non-Fatal Injury,Pedestrian Collisions,-79.4308,43.7569,December,Wednesday
3001139681,Pedestrian,35 to 39,4.0,,,,,2013,2013-12-12,1705,17,200 GATEWAY BLVD,,2.0,Mid-Block,No Control,Clear,"Dark, artificial",Dry,Non-Fatal Injury,Pedestrian Collisions,-79.3351,43.7145,December,Thursday
3001161677,Driver,80 to 84,4.0,"Automobile, Station Wagon",,,,2013,2013-12-16,1237,12,DUFFERIN ST,OVERBROOK PL,1.0,Intersection,Traffic Signal,Clear,Daylight,Wet,Non-Fatal Injury,Turning Movement,-79.4651,43.7609,December,Monday
3001181592,Driver,60 to 64,1.0,"Automobile, Station Wagon",,,,2013,2013-12-19,1558,15,WILSON AVE,HAYMARKET RD,1.0,Intersection,No Control,Clear,Daylight,Dry,Non-Fatal Injury,Pedestrian Collisions,-79.5159,43.7192,December,Thursday
3001182127,Driver,80 to 84,1.0,"Automobile, Station Wagon",,,,2013,2013-12-19,1728,17,JUTLAND RD,KIPLING AVE,2.0,Mid-Block,No Control,Clear,"Dark, artificial",Loose Sand or Gravel,Non-Fatal Injury,Pedestrian Collisions,-79.5266,43.6266,December,Thursday
3001182464,Driver,20 to 24,1.0,"Automobile, Station Wagon",,,,2013,2013-12-19,1837,18,90 PARK LAWN RD,,1.0,Mid-Block,No Control,Clear,"Dark, artificial",Dry,Non-Fatal Injury,Pedestrian Collisions,-79.4836,43.6239,December,Thursday
3001188681,Driver,55 to 59,1.0,"Automobile, Station Wagon",,,,2013,2013-12-20,1919,19,STEELES AVE E,LESLIE ST,1.0,Mid-Block,No Control,Rain,"Dark, artificial",Slush,Non-Fatal Injury,Pedestrian Collisions,-79.37,43.8089,December,Friday
3001220302,Driver,75 to 79,1.0,"Automobile, Station Wagon",,,,2013,2013-12-24,1645,16,JAMESON AVE,KING ST W,3.0,Mid-Block,No Control,Clear,Daylight,Dry,Non-Fatal Injury,Pedestrian Collisions,-79.4357,43.6363,December,Tuesday
3001238664,Driver,75 to 79,1.0,"Automobile, Station Wagon",,,,2013,2013-12-28,942,9,ELLESMERE RD,DUNDALK DR,1.0,Intersection,Traffic Signal,Clear,Daylight,Wet,Non-Fatal Injury,Turning Movement,-79.2838,43.7651,December,Saturday
3001256436,Driver,45 to 49,1.0,"Automobile, Station Wagon",,,,2013,2013-12-31,1303,13,JANE ST,ARDAGH ST,1.0,Intersection,Traffic Signal,Clear,Daylight,Dry,Non-Fatal Injury,Pedestrian Collisions,-79.487,43.6556,December,Tuesday
3001877674,Driver,50 to 54,4.0,"Automobile, Station Wagon",,,,2013,2013-10-10,837,8,YORK MILLS RD,SILVERDALE CRES,1.0,Intersection,Traffic Signal,Rain,"Daylight, artificial",Dry,Non-Fatal Injury,Pedestrian Collisions,-79.3413,43.757,October,Thursday
3002013081,Driver,25 to 29,1.0,"Automobile, Station Wagon",,,,2013,2013-10-23,1704,17,COLLEGE ST,EUCLID AV,1.0,Intersection,No Control,Clear,Daylight,Dry,Non-Fatal Injury,Turning Movement,-79.4113,43.6557,October,Wednesday
3013932599,Driver,35 to 39,1.0,"Automobile, Station Wagon",,,,2013,2013-11-08,725,7,LAWRENCE AVE E,BENNETT RD,3.0,Intersection,Traffic Signal,Clear,Daylight,Dry,Fatal,Pedestrian Collisions,-79.1663,43.7728,November,Friday
3013962476,Truck Driver,55 to 59,4.0,Truck - Open,,,,2013,2013-11-13,750,7,WILSON AVE,INGLESIDE DR,1.0,Intersection,No Control,Clear,Daylight,Dry,Non-Fatal Injury,SMV Other,-79.4784,43.7279,November,Wednesday
4000008445,Driver,70 to 74,1.0,"Automobile, Station Wagon",,,,2014,2014-06-17,1050,10,5450 LAWRENCE AVE E,,3.0,Mid-Block,No Control,Clear,Daylight,Dry,Non-Fatal Injury,Cyclist Collisions,-79.1395,43.7789,June,Tuesday
4000009508,Cyclist,15 to 19,4.0,Bicycle,,,,2014,2014-08-17,2159,21,KINGSTON RD,PICKERING ST,1.0,Intersection,No Control,Clear,"Dark, artificial",Dry,Non-Fatal Injury,Cyclist Collisions,-79.2899,43.6802,August,Sunday
4000047040,Driver,75 to 79,1.0,"Automobile, Station Wagon",,,,2014,2014-12-08,1700,17,MT PLEASANT RD,MERTON ST,1.0,Intersection,Traffic Signal,Clear,"Dark, artificial",Dry,Non-Fatal Injury,Pedestrian Collisions,-79.3864,43.6981,December,Monday
4001311712,Driver,unknown,1.0,,,,,2014,2014-01-09,1545,15,MCCOWAN RD,EGLINTON AVE E,1.0,Intersection,No Control,Clear,Daylight,Wet,Non-Fatal Injury,Pedestrian Collisions,-79.2383,43.7388,January,Thursday