ACCNUM,INVTYPE,INVAGE,INJURY_ID,VEHTYPE,SPEEDING,REDLIGHT,ALCOHOL,YEAR,DATE,TIME,HOUR,STREET1,STREET2,ROAD_CLASS_ID,LOCCOORD,TRAFFCTL,VISIBILITY,LIGHT,RDSFCOND,ACCLASS,IMPACTYPE,Longitude,Latitude,Month,Day_of_Week
4001313188,Driver,30 to 34,1.0,"Automobile, Station Wagon",,,,2014,2014-01-09,2025,20,ISLINGTON AVE,BRIMINGHAM ST,1.0,Intersection,Traffic Signal,Clear,"Dark, artificial",Wet,Non-Fatal Injury,Pedestrian Collisions,-79.5062,43.6032,January,Thursday
4001338478,Driver,30 to 34,1.0,"Automobile, Station Wagon",,,,2014,2014-01-13,2125,21,THE QUEENSWAY,427 C S QUEENSWAY RAMP,1.0,Intersection,Traffic Signal,Clear,"Dark, artificial",Wet,Non-Fatal Injury,Turning Movement,-79.5522,43.615,January,Monday
4001339945,Driver,30 to 34,4.0,"Automobile, Station Wagon",Yes,,,2014,2014-01-14,710,7,JUDSON ST,HAROLD ST,2.0,Mid-Block,No Control,Clear,"Dawn, artificial",Dry,Non-Fatal Injury,SMV Other,-79.5,43.6155,January,Tuesday
4001342712,Truck Driver,35 to 39,1.0,Truck - Open,,,,2014,2014-01-14,1518,15,3 BELL ROYAL CRT,,4.0,Mid-Block,No Control,Clear,Daylight,Ice,Non-Fatal Injury,Pedestrian Collisions,-79.5216,43.6724,January,Tuesday
4001344082,Driver,20 to 24,4.0,"Automobile, Station Wagon",,,,2014,2014-01-14,1929,19,WARDEN AVE,SHEPPARD AVE E,1.0,Intersection,Traffic Signal,Clear,"Dark, artificial",Dry,Non-Fatal Injury,Turning Movement,-79.3078,43.7787,January,Tuesday
4001361731,Driver,20 to 24,1.0,"Automobile, Station Wagon",,Yes,,2014,2014-01-17,1528,15,JANE ST,PRITCHARD AVE,1.0,Intersection,Traffic Signal,Clear,Daylight,Dry,Non-Fatal Injury,Pedestrian Collisions,-79.4928,43.6694,January,Friday
4001374034,Passenger,60 to 64,4.0,,Yes,,,2014,2014-01-19,1702,17,KINGSTON RD,GLEN EVEREST RD,1.0,Intersection,Traffic Signal,Snow,"Dark, artificial",Ice,Non-Fatal Injury,SMV Other,-79.2567,43.6975,January,Sunday
4001383742,Truck Driver,35 to 39,3.0,Truck-Tractor,,,,2014,2014-01-21,1000,10,KINGSTON RD,TOLLGATE MEWS,1.0,Mid-Block,No Control,Clear,Daylight,Dry,Non-Fatal Injury,Rear End,-79.2238,43.7326,January,Tuesday
4001384194,Truck Driver,45 to 49,1.0,Truck - Dump,,,,2014,2014-01-21,1222,12,FINCH AVE W,ALNESS ST,1.0,Intersection,Traffic Signal,Clear,Daylight,Dry,Non-Fatal Injury,Pedestrian Collisions,-79.4714,43.7678,January,Tuesday
4001392181,Driver,35 to 39,1.0,"Automobile, Station Wagon",,,,2014,2014-01-22,1846,18,KINGSTON RD,PAYZAC AVE,1.0,Intersection,Traffic Signal,Clear,Dark,Dry,Non-Fatal Injury,Pedestrian Collisions,-79.1975,43.7589,January,Wednesday
4001414099,Driver,55 to 59,1.0,"Automobile, Station Wagon",,,,2014,2014-01-26,1510,15,DUNDAS ST E,HAMILTON ST,1.0,Intersection,Stop Sign,Snow,Daylight,Slush,Non-Fatal Injury,Angle,-79.3522,43.6622,January,Sunday
4001426631,Driver,65 to 69,1.0,Pick Up Truck,,,,2014,2014-01-28,1740,17,BRIMLEY RD,HIGHWAY 401 C  W,1.0,Mid-Block,No Control,Clear,"Dark, artificial",Dry,Non-Fatal Injury,Approaching,-79.2648,43.7795,January,Tuesday
4001435138,Driver,25 to 29,4.0,"Automobile, Station Wagon",,,,2014,2014-01-30,640,6,1970 ELLESMERE RD,,1.0,Mid-Block,No Control,Clear,Daylight,Dry,Non-Fatal Injury,Approaching,-79.2383,43.775,January,Thursday
4001436264,Driver,60 to 64,4.0,,Yes,,,2014,2014-01-30,1027,10,HIGHWAY 27  S,CARRIER DR,1.0,Mid-Block,No Control,Clear,Daylight,Dry,Non-Fatal Injury,Rear End,-79.6056,43.7396,January,Thursday
4001438202,Driver,40 to 44,4.0,"Automobile, Station Wagon",,,,2014,2014-01-30,1540,15,THE POND RD,ATKINSON RD,3.0,,Stop Sign,Clear,Daylight,Wet,Non-Fatal Injury,SMV Other,-79.5008,43.7703,January,Thursday
4001460471,Driver,25 to 29,1.0,"Automobile, Station Wagon",,,,2014,2014-02-03,1043,10,OLD WESTON RD,ROGERS RD,3.0,Mid-Block,No Control,Clear,Daylight,Dry,Non-Fatal Injury,Cyclist Collisions,-79.4674,43.6815,February,Monday
4001467875,Driver,35 to 39,1.0,"Automobile, Station Wagon",,Yes,Yes,2014,2014-02-04,1255,12,KIPLING AVE,WESTHUMBER BLVD,1.0,Intersection,Traffic Signal,Clear,Daylight,Dry,Non-Fatal Injury,Pedestrian Collisions,-79.5746,43.7281,February,Tuesday
4001484501,Driver,55 to 59,4.0,"Automobile, Station Wagon",Yes,,,2014,2014-02-07,806,8,LAKE SHORE BLVD W,PRIMROSE AVE,1.0,Intersection,No Control,Clear,Daylight,Wet,Non-Fatal Injury,Angle,-79.4891,43.614,February,Friday
4001490210,Driver,20 to 24,1.0,"Automobile, Station Wagon",Yes,,,2014,2014-02-08,241,2,QUEEN ST W,LISGAR ST,1.0,Mid-Block,No Control,Clear,"Dark, artificial",Slush,Non-Fatal Injury,Pedestrian Collisions,-79.4219,43.6435,February,Saturday
4001492410,Driver,55 to 59,1.0,,,,,2014,2014-02-08,1309,13,CARLAW AVE,GERRARD ST E,3.0,Mid-Block,No Control,Clear,Daylight,Wet,Non-Fatal Injury,Pedestrian Collisions,-79.3429,43.668,February,Saturday
4001495277,Driver,20 to 24,4.0,"Automobile, Station Wagon",,,,2014,2014-02-08,2245,22,KIPLING AVE,RATHBURN RD,1.0,Mid-Block,No Control,Clear,"Dark, artificial",Wet,Non-Fatal Injury,Sideswipe,-79.543,43.6593,February,Saturday
4001500296,Driver,20 to 24,4.0,"Automobile, Station Wagon",,,,2014,2014-02-09,2134,21,2087 ELLESMERE RD,,1.0,Mid-Block,No Control,Clear,"Dark, artificial",Slush,Non-Fatal Injury,Approaching,-79.2328,43.7761,February,Sunday
4001503315,Driver,25 to 29,1.0,"Automobile, Station Wagon",,,,2014,2014-02-10,1142,11,KIPLING AVE,ALBION RD,1.0,Mid-Block,No Control,Clear,Daylight,Wet,Non-Fatal Injury,Pedestrian Collisions,-79.5799,43.7389,February,Monday
4001505378,Truck Driver,30 to 34,1.0,"Truck - Closed (Blazer, etc)",,,,2014,2014-02-10,1728,17,WILLIAM R ALLEN RD,SHEPPARD AVE W,1.0,Intersection,Traffic Signal,Clear,"Dusk, artificial",Dry,Non-Fatal Injury,Turning Movement,-79.4633,43.7502,February,Monday
4001521629,Driver,25 to 29,1.0,"Automobile, Station Wagon",,,,2014,2014-02-13,1054,10,7 ISABELLA ST,,2.0,Mid-Block,No Control,Clear,Daylight,Wet,Non-Fatal Injury,Pedestrian Collisions,-79.3853,43.6676,February,Thursday
4001533324,Driver,20 to 24,3.0,"Automobile, Station Wagon",,,,2014,2014-02-15,643,6,VICTORIA PARK AVE,PARMA CRT,1.0,Intersection,Traffic Signal,Clear,Dawn,Dry,Non-Fatal Injury,Approaching,-79.2992,43.7166,February,Saturday
4001540834,Driver,70 to 74,1.0,"Automobile, Station Wagon",,,,2014,2014-02-16,1321,13,BAY ST,HARBOUR ST,1.0,Intersection,Traffic Signal,Clear,Daylight,Dry,Non-Fatal Injury,Pedestrian Collisions,-79.3774,43.642,February,Sunday
4001551952,Driver,20 to 24,1.0,"Automobile, Station Wagon",,,,2014,2014-02-18,1237,12,MORNINGSIDE AVE,KINGSTON RD,1.0,Intersection,Traffic Signal,Clear,Daylight,Wet,Non-Fatal Injury,Pedestrian Collisions,-79.1868,43.7706,February,Tuesday
4001557370,Driver,40 to 44,1.0,Pick Up Truck,,,,2014,2014-02-19,956,9,DAVENPORT RD,LAUGHTON AVE,3.0,Intersection,Traffic Signal,Clear,Daylight,Wet,Non-Fatal Injury,Pedestrian Collisions,-79.4557,43.6703,February,Wednesday
4001558896,Driver,80 to 84,4.0,"Automobile, Station Wagon",,,,2014,2014-02-19,1410,14,VICTORIA PARK AVE,ST BEDES RD,1.0,Intersection,Stop Sign,Rain,Daylight,Wet,Non-Fatal Injury,Turning Movement,-79.2936,43.7034,February,Wednesday
4001560471,Driver,unknown,1.0,"Automobile, Station Wagon",,,,2014,2014-02-19,1836,18,GRENOBLE DR,GATEWAY BLVD,3.0,Intersection,Traffic Signal,Clear,"Dark, artificial",Dry,Non-Fatal Injury,Pedestrian Collisions,-79.3341,43.7149,February,Wednesday
4001567446,Driver,unknown,1.0,"Automobile, Station Wagon",,,,2014,2014-02-20,2020,20,EGLINTON AVE E,KENNEDY RD,1.0,Intersection,No Control,Rain,"Dark, artificial",Wet,Non-Fatal Injury,Pedestrian Collisions,-79.2678,43.7321,February,Thursday
4001576606,Driver,55 to 59,1.0,Delivery Van,,,,2014,2014-02-22,935,9,DUPONT ST,BATHURST ST,1.0,Intersection,Traffic Signal,Clear,Daylight,Dry,Non-Fatal Injury,Pedestrian Collisions,-79.4143,43.6731,February,Saturday
4001580826,Driver,40 to 44,1.0,Street Car,,,,2014,2014-02-22,2334,23,PARLIAMENT ST,KING ST E,1.0,Intersection,Traffic Signal,Clear,"Dark, artificial",Dry,Non-Fatal Injury,Other,-79.3632,43.6527,February,Saturday
4001595656,Pedestrian,30 to 34,4.0,"Automobile, Station Wagon",Yes,,,2014,2014-02-25,1327,13,QUEEN ST E,ELMER AVE,3.0,Mid-Block,No Control,Clear,Daylight,Dry,Non-Fatal Injury,Pedestrian Collisions,-79.3029,43.6693,February,Tuesday
4001608537,Pedestrian,70 to 74,4.0,,,,,2014,2014-02-27,1432,14,YONGE ST,BALLIOL ST,1.0,Intersection,No Control,Clear,Daylight,Dry,Non-Fatal Injury,Pedestrian Collisions,-79.3964,43.6973,February,Thursday
4001616287,Driver,60 to 64,4.0,"Automobile, Station Wagon",Yes,,Yes,2014,2014-02-28,1845,18,7 QUEEN ELIZABETH BLVD,,4.0,Mid-Block,No Control,Clear,"Dark, artificial",Dry,Non-Fatal Injury,SMV Other,-79.5023,43.6234,February,Friday
4001617003,Pedestrian,55 to 59,4.0,,,,,2014,2014-02-28,2049,20,3035 YONGE ST,,1.0,Mid-Block,No Control,Clear,"Dark, artificial",Dry,Non-Fatal Injury,Pedestrian Collisions,-79.402,43.7242,February,Friday
4001626103,Driver,35 to 39,5.0,"Automobile, Station Wagon",,,,2014,2014-03-02,1208,12,STEELES AVE W,DUFFERIN ST,1.0,Intersection,Traffic Signal,Clear,Daylight,Wet,Non-Fatal Injury,Turning Movement,-79.47,43.7872,March,Sunday
4001645257,Driver,40 to 44,1.0,"Automobile, Station Wagon",,,,2014,2014-03-05,1528,15,ROGERS RD,WESTON RD,3.0,Mid-Block,No Control,Clear,Daylight,Dry,Non-Fatal Injury,Turning Movement,-79.476,43.6817,March,Wednesday
4001647653,Driver,35 to 39,1.0,"Automobile, Station Wagon",Yes,,,2014,2014-03-05,2309,23,MCCOWAN RD,BENLEIGH  DR,1.0,Mid-Block,No Control,Clear,"Dark, artificial",Wet,Non-Fatal Injury,SMV Other,-79.2464,43.7589,March,Wednesday
4001652316,Pedestrian,60 to 64,4.0,,,Yes,,2014,2014-03-06,1730,17,BLOOR ST W,DURIE ST,1.0,Intersection,Traffic Signal,Clear,Daylight,Dry,Non-Fatal Injury,Pedestrian Collisions,-79.479,43.6504,March,Thursday
4001655411,Driver,25 to 29,5.0,"Automobile, Station Wagon",,,,2014,2014-03-07,825,8,STEELES AVE E,PHARMACY AVE,1.0,Intersection,Traffic Signal,Clear,Daylight,Dry,Non-Fatal Injury,Pedestrian Collisions,-79.3364,43.8168,March,Friday
4001659738,Pedestrian,30 to 34,4.0,,,,,2014,2014-03-07,2053,20,LOWER JARVIS ST,LAKE SHORE BLVD E,1.0,Intersection,Traffic Signal,Clear,"Dark, artificial",Dry,Non-Fatal Injury,Pedestrian Collisions,-79.3698,43.6455,March,Friday
4001678969,Driver,45 to 49,4.0,"Automobile, Station Wagon",Yes,,,2014,2014-03-11,335,3,7001 STEELES AVE W,,1.0,Mid-Block,No Control,Clear,Dark,Dry,Non-Fatal Injury,SMV Other,-79.634,43.7512,March,Tuesday
4001680945,Driver,unknown,1.0,,,,,2014,2014-03-09,30,0,QUEEN ST W,SPADINA AVE,1.0,Intersection,Traffic Signal,Clear,"Dark, artificial",Dry,Non-Fatal Injury,Pedestrian Collisions,-79.3963,43.6487,March,Sunday
4001694942,Driver,45 to 49,4.0,"Automobile, Station Wagon",,,,2014,2014-03-13,1755,17,QUEEN ST E,SHERBOURNE ST,1.0,Intersection,Traffic Signal,Clear,Daylight,Dry,Non-Fatal Injury,Pedestrian Collisions,-79.3694,43.6545,March,Thursday
4001700272,Driver,20 to 24,1.0,"Automobile, Station Wagon",,,,2014,2014-03-14,1545,15,YORK ST,YORK ST GARDINER W  RAMP,1.0,Intersection,Traffic Signal,Clear,Daylight,Dry,Non-Fatal Injury,Pedestrian Collisions,-79.3808,43.6414,March,Friday
4001701923,Driver,40 to 44,1.0,"Automobile, Station Wagon",,,,2014,2014-03-14,2041,20,DANFORTH RD,TRUDELLE ST,1.0,Intersection,Traffic Signal,Clear,"Dark, artificial",Dry,Non-Fatal Injury,Pedestrian Collisions,-79.2455,43.7399,March,Friday
4001715026,Driver,15 to 19,1.0,"Automobile, Station Wagon",,,,2014,2014-03-17,700,7,711 KENNEDY RD,,1.0,Mid-Block,No Control,Clear,Dark,Dry,Non-Fatal Injury,Pedestrian Collisions,-79.2664,43.7285,March,Monday
4001727505,Driver,30 to 34,1.0,"Automobile, Station Wagon",,,,2014,2014-03-19,615,6,DON VALLEY PARKWAY  S,GERRARD ST E,3.0,Mid-Block,No Control,Clear,Dark,Dry,Non-Fatal Injury,Pedestrian Collisions,-79.3559,43.6645,March,Wednesday
4001729186,Driver,60 to 64,1.0,"Automobile, Station Wagon",,,,2014,2014-03-19,615,6,DON VALLEY PARKWAY  S,GERRARD ST E,3.0,Mid-Block,No Control,Clear,Dark,Dry,Non-Fatal Injury,Pedestrian Collisions,-79.3558,43.6643,March,Wednesday
4001738828,Driver,30 to 34,4.0,"Automobile, Station Wagon",,,,2014,2014-03-21,126,1,321 SCARBOROUGH GOLF CLUB RD,,3.0,Mid-Block,No Control,Clear,"Dark, artificial",Loose Sand or Gravel,Non-Fatal Injury,SMV Other,-79.212,43.7526,March,Friday
4001748870,Driver,40 to 44,1.0,"Automobile, Station Wagon",,,,2014,2014-03-22,1750,17,PATON RD,LANSDOWNE AVE,3.0,Intersection,Stop Sign,Clear,Daylight,Dry,Non-Fatal Injury,Pedestrian Collisions,-79.4436,43.6606,March,Saturday
4001752528,Driver,35 to 39,5.0,"Automobile, Station Wagon",,,,2014,2014-03-23,1059,10,BATHURST  ST,HOTSPUR RD,1.0,Intersection,No Control,Clear,Daylight,Dry,Non-Fatal Injury,Turning Movement,-79.433,43.7331,March,Sunday
4001769884,Driver,25 to 29,1.0,"Automobile, Station Wagon",,,,2014,2014-03-26,955,9,FRONT ST E,SCOTT ST,3.0,Intersection,Stop Sign,Clear,Daylight,Dry,Non-Fatal Injury,Pedestrian Collisions,-79.3757,43.6474,March,Wednesday
4001774208,Driver,70 to 74,4.0,"Automobile, Station Wagon",,,,2014,2014-03-27,2303,23,SHEPPARD AVE E,OLD LESLIE ST,1.0,Mid-Block,No Control,Clear,"Dark, artificial",Dry,Non-Fatal Injury,SMV Other,-79.3674,43.7711,March,Thursday
4001784791,Driver,25 to 29,1.0,"Automobile, Station Wagon",,,,2014,2014-03-28,1644,16,QUEEN ST W,BATHURST ST,1.0,Mid-Block,No Control,Clear,Daylight,Dry,Non-Fatal Injury,Pedestrian Collisions,-79.4028,43.6474,March,Friday
4001787575,Driver,25 to 29,4.0,Delivery Van,,,Yes,2014,2014-03-29,236,2,455 MILNER AVE,,3.0,Mid-Block,No Control,Clear,"Dark, artificial",Dry,Non-Fatal Injury,SMV Other,-79.2283,43.7916,March,Saturday
4001787637,Driver,unknown,,"Automobile, Station Wagon",,,,2014,2014-03-29,247,2,BLOOR ST W,SPADINA AVE,1.0,Intersection,Traffic Signal,Clear,"Dark, artificial",Dry,Non-Fatal Injury,Pedestrian Collisions,-79.4038,43.6666,March,Saturday
4001802886,Driver,25 to 29,1.0,"Automobile, Station Wagon",,Yes,,2014,2014-03-31,1715,17,AVENUE RD,FAIRLAWN AVE,1.0,Intersection,Traffic Signal,Clear,Daylight,Dry,Non-Fatal Injury,Pedestrian Collisions,-79.4179,43.7278,March,Monday
4001819203,Driver,25 to 29,1.0,Pick Up Truck,,,,2014,2014-04-03,930,9,1505 WILSON AVE,,1.0,Mid-Block,No Control,Clear,Daylight,Dry,Non-Fatal Injury,Pedestrian Collisions,-79.5055,43.7213,April,Thursday
4001829726,Driver,45 to 49,1.0,"Automobile, Station Wagon",,,,2014,2014-04-04,2225,22,DON MILLS RD,BARBER GREENE RD,1.0,Intersection,Traffic Signal,Rain,Dark,Wet,Non-Fatal Injury,Pedestrian Collisions,-79.3408,43.7276,April,Friday
4001839598,Driver,15 to 19,1.0,"Automobile, Station Wagon",,,,2014,2014-04-06,1555,15,ROYAL YORK RD,KINGSGROVE BLVD,3.0,Intersection,Stop Sign,Clear,Daylight,Dry,Non-Fatal Injury,Turning Movement,-79.514,43.6535,April,Sunday
4001839979,Driver,75 to 79,1.0,"Automobile, Station Wagon",Yes,,,2014,2014-04-06,1725,17,YONGE ST,PLEASANT BLVD,1.0,Intersection,No Control,Clear,Daylight,Dry,Non-Fatal Injury,Pedestrian Collisions,-79.3936,43.6871,April,Sunday
4001840034,Driver,70 to 74,1.0,"Automobile, Station Wagon",,,,2014,2014-04-06,1730,17,DUNDAS ST W,MABELLE AVE,1.0,Intersection,Traffic Signal,Clear,Daylight,Dry,Non-Fatal Injury,Pedestrian Collisions,-79.5305,43.6467,April,Sunday
4001840724,Driver,15 to 19,1.0,Passenger Van,,,,2014,2014-04-06,2002,20,BAYVIEW AVE,PARKHURST BLVD,1.0,Intersection,Pedestrian Crossover,Clear,"Dark, artificial",Dry,Non-Fatal Injury,Pedestrian Collisions,-79.3763,43.7086,April,Sunday
4001851906,Driver,30 to 34,1.0,"Automobile, Station Wagon",,,,2014,2014-04-08,1550,15,DANFORTH RD,LINDEN AVE,1.0,Intersection,No Control,Clear,Daylight,Dry,Non-Fatal Injury,Pedestrian Collisions,-79.257,43.7208,April,Tuesday
4001856099,Driver,60 to 64,4.0,"Automobile, Station Wagon",Yes,,,2014,2014-04-09,1005,10,STEELES AVE W,TORRESDALE AVE,1.0,Intersection,Traffic Signal,Clear,Daylight,Dry,Non-Fatal Injury,Turning Movement,-79.453,43.7908,April,Wednesday
4001858374,Motorcycle Driver,35 to 39,4.0,Motorcycle,Yes,Yes,,2014,2014-04-09,1604,16,EGLINTON AVE E,BRENTCLIFFE RD,1.0,Intersection,Traffic Signal,Clear,Daylight,Dry,Non-Fatal Injury,Turning Movement,-79.3598,43.7145,April,Wednesday
4001876057,Driver,75 to 79,5.0,"Automobile, Station Wagon",,,,2014,2014-04-12,1030,10,WESTON RD,EGLINTON AVE W,1.0,Intersection,Traffic Signal,Clear,Daylight,Dry,Non-Fatal Injury,Turning Movement,-79.4895,43.6869,April,Saturday
4001879766,Motorcycle Driver,35 to 39,4.0,Motorcycle,Yes,,,2014,2014-04-12,2030,20,GREENWOOD AVE,OAKVALE AVE,3.0,Intersection,Stop Sign,Clear,"Dark, artificial",Dry,Non-Fatal Injury,Turning Movement,-79.3316,43.6796,April,Saturday
4001887812,Driver,50 to 54,5.0,"Automobile, Station Wagon",,,,2014,2014-04-14,934,9,BLOOR ST W,RUNNYMEDE RD,1.0,Intersection,Traffic Signal,Clear,Daylight,Dry,Non-Fatal Injury,Sideswipe,-79.4762,43.6511,April,Monday
4001888181,Driver,unknown,1.0,"Automobile, Station Wagon",,,,2014,2014-04-14,1030,10,REXDALE BLVD,HUMBERWOOD BLVD,1.0,Mid-Block,No Control,Clear,Daylight,Dry,Non-Fatal Injury,Cyclist Collisions,-79.6091,43.7204,April,Monday
4001889890,Driver,20 to 24,4.0,"Automobile, Station Wagon",Yes,,,2014,2014-04-14,1440,14,CUMMER AVE,CONACHER DR,3.0,Intersection,Pedestrian Crossover,Clear,Daylight,Dry,Non-Fatal Injury,SMV Other,-79.397,43.7914,April,Monday
4001900462,Driver,50 to 54,4.0,"Automobile, Station Wagon",,Yes,,2014,2014-04-16,718,7,TORRESDALE AVE,STEELES AVE W,1.0,Intersection,Traffic Signal,Clear,Daylight,Dry,Non-Fatal Injury,Turning Movement,-79.453,43.7908,April,Wednesday
4001902313,Passenger,15 to 19,3.0,,Yes,,,2014,2014-04-16,1453,14,STEELES AVE W,GIHON SPRING DR,1.0,Mid-Block,No Control,Clear,Daylight,Dry,Non-Fatal Injury,Approaching,-79.5962,43.7594,April,Wednesday
4001910374,Driver,20 to 24,1.0,"Automobile, Station Wagon",,,,2014,2014-04-08,1955,19,HARBORD ST,SPADINA AVE,1.0,Intersection,No Control,Other,Daylight,Dry,Non-Fatal Injury,Cyclist Collisions,-79.402,43.663,April,Tuesday
4001911454,Driver,35 to 39,4.0,"Automobile, Station Wagon",Yes,,,2014,2014-04-17,2030,20,THE QUEENSWAY,SOUTH KINGSWAY,1.0,Mid-Block,No Control,Clear,"Dark, artificial",Dry,Non-Fatal Injury,Sideswipe,-79.4734,43.6354,April,Thursday
4001912926,Driver,40 to 44,4.0,"Automobile, Station Wagon",Yes,,Yes,2014,2014-04-18,232,2,DAWES RD,CRESCENT TOWN RD,3.0,Intersection,Traffic Signal,Clear,"Dark, artificial",Dry,Non-Fatal Injury,SMV Other,-79.2973,43.6965,April,Friday
4001931404,Driver,30 to 34,1.0,"Automobile, Station Wagon",,,,2014,2014-04-21,1433,14,MORNINGSIDE AVE,GARDENTREE ST,3.0,Intersection,No Control,Clear,Daylight,Dry,Non-Fatal Injury,Cyclist Collisions,-79.1827,43.76,April,Monday
4001933544,Driver,40 to 44,1.0,"Automobile, Station Wagon",,,,2014,2014-04-21,2201,22,VICTORIA PARK AVE,LAWRENCE AVE E,1.0,Intersection,Traffic Signal,Clear,"Dark, artificial",Dry,Non-Fatal Injury,Pedestrian Collisions,-79.3097,43.7421,April,Monday
4001938263,Driver,25 to 29,1.0,"Automobile, Station Wagon",,,,2014,2014-04-22,1700,17,MARKET ST,THE ESPLANADE,4.0,Mid-Block,No Control,Clear,Daylight,Dry,Non-Fatal Injury,Pedestrian Collisions,-79.3719,43.6485,April,Tuesday
4001952133,Driver,65 to 69,1.0,"Automobile, Station Wagon",,,,2014,2014-04-24,1956,19,MAVETY ST,DUNDAS ST W,1.0,Intersection,No Control,Clear,"Dusk, artificial",Dry,Non-Fatal Injury,Cyclist Collisions,-79.4658,43.6654,April,Thursday
4001953344,Driver,40 to 44,5.0,"Automobile, Station Wagon",,,,2014,2014-04-25,5,0,DUNDAS ST W,GLADSTONE AVE,3.0,Intersection,No Control,Clear,"Dark, artificial",Dry,Non-Fatal Injury,Cyclist Collisions,-79.4298,43.6495,April,Friday
4001968230,Driver,30 to 34,1.0,Municipal Transit Bus (TTC),,,,2014,2014-04-27,1053,10,FINCH AVE W,DRIFTWOOD AVE,1.0,Intersection,Traffic Signal,Clear,Daylight,Dry,Non-Fatal Injury,Pedestrian Collisions,-79.5134,43.758,April,Sunday
4001981966,Driver,60 to 64,1.0,Street Car,,,,2014,2014-04-29,1447,14,SPADINA AVE,BALDWIN ST,1.0,Intersection,No Control,Rain,Daylight,Wet,Non-Fatal Injury,Pedestrian Collisions,-79.3988,43.6551,April,Tuesday
4001988525,Driver,20 to 24,1.0,"Automobile, Station Wagon",,,,2014,2014-04-30,1555,15,BLOOR ST W,MILL RD,1.0,Intersection,Traffic Signal,Clear,Daylight,Dry,Non-Fatal Injury,Turning Movement,-79.5751,43.632,April,Wednesday
4001989403,Driver,35 to 39,1.0,Municipal Transit Bus (TTC),,,,2014,2014-04-30,1822,18,STEELES AVE W,HILDA AVE,1.0,Intersection,Traffic Signal,Rain,Daylight,Wet,Non-Fatal Injury,Other,-79.4292,43.7959,April,Wednesday
4001994857,Driver,60 to 64,1.0,Municipal Transit Bus (TTC),,,,2014,2014-05-01,1520,15,ELLESMERE RD,PHARMACY AVE,1.0,Intersection,Traffic Signal,Clear,Daylight,Dry,Non-Fatal Injury,Other,-79.3101,43.759,May,Thursday
4001997279,Driver,20 to 24,3.0,"Automobile, Station Wagon",Yes,,Yes,2014,2014-05-01,2244,22,WESTON RD,MAINSHEP RD,1.0,Intersection,No Control,Clear,"Dark, artificial",Dry,Non-Fatal Injury,Rear End,-79.5374,43.7314,May,Thursday
4002013081,Driver,25 to 29,1.0,"Automobile, Station Wagon",,,,2013,2013-10-23,1704,17,COLLEGE ST,EUCLID AV,1.0,Intersection,No Control,Clear,Daylight,Dry,Non-Fatal Injury,Turning Movement,-79.4113,43.6557,October,Wednesday
4002017268,Driver,25 to 29,1.0,"Automobile, Station Wagon",,,,2014,2014-05-05,644,6,WOODBINE AVE,MERRILL AVE E,1.0,Intersection,Stop Sign,Clear,Daylight,Dry,Non-Fatal Injury,Cyclist Collisions,-79.3118,43.6834,May,Monday
4002018320,Cyclist,50 to 54,4.0,Bicycle,,,,2014,2014-05-05,1009,10,WOODBINE AVE,KINGSTON RD,1.0,Intersection,Traffic Signal,Clear,Daylight,Dry,Non-Fatal Injury,Cyclist Collisions,-79.3079,43.6739,May,Monday
4002043758,Driver,75 to 79,4.0,"Automobile, Station Wagon",,Yes,,2014,2014-05-09,954,9,EGLINTON AVE E,BRIMLEY RD,1.0,Intersection,Traffic Signal,Clear,Daylight,Dry,Non-Fatal Injury,Angle,-79.248,43.7366,May,Friday
4002053519,Motorcycle Driver,50 to 54,4.0,Motorcycle,,,,2014,2014-05-10,1910,19,LAKE SHORE BLVD W,BROOKERS LANE,1.0,Mid-Block,No Control,Clear,Daylight,Dry,Non-Fatal Injury,Sideswipe,-79.4794,43.6262,May,Saturday
4002056901,Driver,35 to 39,1.0,"Automobile, Station Wagon",,,,2014,2014-05-11,1033,10,DUFFERIN ST,BRIDGELAND AVE,1.0,Intersection,Traffic Signal,Clear,Daylight,Dry,Non-Fatal Injury,Pedestrian Collisions,-79.4576,43.7269,May,Sunday
4002062071,Driver,35 to 39,1.0,"Automobile, Station Wagon",,,,2014,2014-05-12,740,7,DUNDAS ST E,LESLIE ST,3.0,Intersection,Traffic Signal,Clear,Daylight,Dry,Non-Fatal Injury,Cyclist Collisions,-79.3317,43.6667,May,Monday
4002067851,Driver,unknown,,,,,,2014,2014-05-12,2330,23,KEELER BLVD,TWEEDROCK CRES,2.0,Intersection,No Control,Rain,Dark,Wet,Non-Fatal Injury,Pedestrian Collisions,-79.2069,43.7927,May,Monday
4002082136,Passenger,40 to 44,1.0,,,,,2014,2014-05-15,737,7,FINCH AVE W,WILMINGTON AVE,1.0,Intersection,Traffic Signal,Clear,Daylight,Dry,Non-Fatal Injury,Turning Movement,-79.4606,43.7701,May,Thursday