ACCNUM,INVTYPE,INVAGE,INJURY_ID,VEHTYPE,SPEEDING,REDLIGHT,ALCOHOL,YEAR,DATE,TIME,HOUR,STREET1,STREET2,ROAD_CLASS_ID,LOCCOORD,TRAFFCTL,VISIBILITY,LIGHT,RDSFCOND,ACCLASS,IMPACTYPE,Longitude,Latitude,Month,Day_of_Week
4002084310,Driver,30 to 34,1.0,"Automobile, Station Wagon",,,,2014,2014-05-14,1908,19,BLOOR ST W,DUNDAS ST W,1.0,Intersection,Traffic Signal,Rain,Dusk,Wet,Non-Fatal Injury,Pedestrian Collisions,-79.4524,43.6563,May,Wednesday
4002098742,Driver,20 to 24,1.0,"Automobile, Station Wagon",,,,2014,2014-05-17,1729,17,YONGE ST,QUEEN ST,1.0,Mid-Block,No Control,Clear,Daylight,Dry,Non-Fatal Injury,Pedestrian Collisions,-79.3795,43.6532,May,Saturday
4002131801,Passenger,60 to 64,3.0,,,Yes,Yes,2014,2014-05-22,2020,20,LESLIE ST,ESTHER SHINER BLVD,1.0,Intersection,Traffic Signal,Clear,"Dark, artificial",Dry,Non-Fatal Injury,Turning Movement,-79.3642,43.7694,May,Thursday
4002138456,Motorcycle Driver,45 to 49,4.0,Motorcycle,,,,2014,2014-05-23,2011,20,MEADOWVALE RD,SHEPPARD AVE E,1.0,Intersection,Traffic Signal,Clear,Dark,Dry,Non-Fatal Injury,Turning Movement,-79.1708,43.8083,May,Friday
4002140437,Driver,30 to 34,3.0,"Automobile, Station Wagon",Yes,,,2014,2014-05-24,319,3,BRIMORTON DR,ALBACORE CRES,2.0,Mid-Block,No Control,Clear,"Dark, artificial",Dry,Non-Fatal Injury,SMV Other,-79.2375,43.7691,May,Saturday
4002144979,Driver,35 to 39,1.0,"Automobile, Station Wagon",Yes,,,2014,2014-05-24,1954,19,1484 DANFORTH RD,,1.0,Intersection,No Control,Clear,Daylight,Dry,Non-Fatal Injury,Angle,-79.2444,43.7492,May,Saturday
4002159560,Driver,unknown,1.0,,,,,2014,2014-05-26,2322,23,1999 LESLIE ST,,1.0,Mid-Block,No Control,Clear,"Dark, artificial",Dry,Non-Fatal Injury,Cyclist Collisions,-79.3616,43.7603,May,Monday
4002160939,Cyclist,45 to 49,4.0,Bicycle,,,,2014,2014-05-27,755,7,STEELES AVE W,PETER KAISER GT,1.0,Mid-Block,No Control,Clear,Daylight,Dry,Non-Fatal Injury,Cyclist Collisions,-79.5277,43.7741,May,Tuesday
4002164733,Driver,35 to 39,5.0,Pick Up Truck,,,,2014,2014-05-27,1729,17,STEELES AVE E,PICKERING TOWN LINE,3.0,Intersection,Traffic Signal,Clear,Daylight,Dry,Non-Fatal Injury,Turning Movement,-79.1702,43.8554,May,Tuesday
4002166140,Pedestrian,40 to 44,4.0,,,,,2014,2014-05-27,2125,21,NEILSON RD.,ELLESMERE RD,3.0,Mid-Block,No Control,Clear,"Dark, artificial",Dry,Non-Fatal Injury,Pedestrian Collisions,-79.2053,43.7833,May,Tuesday
4002168339,Driver,65 to 69,4.0,"Automobile, Station Wagon",,,,2014,2014-05-28,837,8,BREMNER BLVD,GRAND TRUNK CRES,3.0,Intersection,No Control,Clear,Daylight,Dry,Non-Fatal Injury,Cyclist Collisions,-79.3827,43.6426,May,Wednesday
4002174888,Driver,45 to 49,4.0,Delivery Van,Yes,,,2014,2014-05-29,814,8,FRED GARDINER EXPR,KIPLING AVENUE,,Mid-Block,No Control,Clear,Daylight,Dry,Non-Fatal Injury,Rear End,-79.5201,43.6188,May,Thursday
4002177658,Driver,35 to 39,1.0,"Automobile, Station Wagon",,,,2014,2014-05-29,1450,14,45 BAY ST,,1.0,Mid-Block,No Control,Clear,Daylight,Dry,Non-Fatal Injury,Pedestrian Collisions,-79.3781,43.6438,May,Thursday
4002187226,Driver,20 to 24,1.0,"Automobile, Station Wagon",,,Yes,2014,2014-05-30,2205,22,LAKE SHORE BLVD W,KIPLING AVE,1.0,Intersection,Traffic Signal,Clear,"Dark, artificial",Dry,Non-Fatal Injury,Rear End,-79.5169,43.5981,May,Friday
4002194232,Driver,45 to 49,1.0,"Automobile, Station Wagon",,,,2014,2014-05-31,2217,22,F G GARDINER XY  W,SPADINA AVE,1.0,Mid-Block,No Control,Clear,"Dark, artificial",Dry,Non-Fatal Injury,Sideswipe,-79.3909,43.6388,May,Saturday
4002194958,Driver,35 to 39,4.0,"Automobile, Station Wagon",,,,2014,2014-06-01,40,0,BIRCHMOUNT RD,STEELES AVE E,1.0,Intersection,Traffic Signal,Clear,"Dark, artificial",Dry,Non-Fatal Injury,Turning Movement,-79.3169,43.8213,June,Sunday
4002199465,Driver,30 to 34,1.0,"Automobile, Station Wagon",,,,2014,2014-06-01,1747,17,LAWRENCE AVE E,MCCOWAN RD,1.0,Intersection,Traffic Signal,Clear,Daylight,Dry,Non-Fatal Injury,Rear End,-79.2453,43.7554,June,Sunday
4002199584,Driver,60 to 64,1.0,"Automobile, Station Wagon",,,,2014,2014-06-01,1822,18,DUNDAS ST W,PACIFIC AVE,1.0,Mid-Block,No Control,Clear,Daylight,Dry,Non-Fatal Injury,Cyclist Collisions,-79.4694,43.6654,June,Sunday
4002199854,Driver,15 to 19,1.0,"Automobile, Station Wagon",,,,2014,2014-06-01,1913,19,EGLINTON AVE E,MIDLAND AVE,1.0,Mid-Block,No Control,Clear,Daylight,Dry,Non-Fatal Injury,Pedestrian Collisions,-79.256,43.7349,June,Sunday
4002204042,Truck Driver,65 to 69,1.0,Truck - Open,,,,2014,2014-06-02,1204,12,QUEEN ST E,JONES AVE,3.0,Intersection,Traffic Signal,Clear,Daylight,Dry,Non-Fatal Injury,Pedestrian Collisions,-79.3328,43.6626,June,Monday
4002215759,Motorcycle Driver,45 to 49,4.0,Motorcycle,,,,2014,2014-06-03,2220,22,KENNEDY RD,HIGHVIEW AV,2.0,Mid-Block,No Control,Clear,Dark,Dry,Non-Fatal Injury,Sideswipe,-79.2559,43.7029,June,Tuesday
4002231179,Motorcycle Driver,20 to 24,4.0,Motorcycle,Yes,,,2014,2014-06-06,555,5,F G GARDINER XY  E,GRAND AVE,,Mid-Block,No Control,Clear,Daylight,Dry,Non-Fatal Injury,SMV Other,-79.4967,43.6237,June,Friday
4002237751,Driver,25 to 29,1.0,Pick Up Truck,,,,2014,2014-06-07,110,1,BATHURST ST,ARDMORE RD,1.0,Intersection,No Control,Clear,"Dark, artificial",Dry,Non-Fatal Injury,Rear End,-79.4225,43.6937,June,Saturday
4002253625,Driver,35 to 39,1.0,"Automobile, Station Wagon",,,,2014,2014-06-09,1252,12,THIRTY FIFTH ST,DOMINION RD,4.0,Intersection,Stop Sign,Clear,Daylight,Dry,Non-Fatal Injury,Angle,-79.5347,43.592,June,Monday
4002255654,Driver,50 to 54,1.0,,,,,2014,2014-06-09,1750,17,QUEEN ST E,KINGSTON RD,1.0,Intersection,Traffic Signal,Clear,Daylight,Dry,Non-Fatal Injury,Pedestrian Collisions,-79.3125,43.6672,June,Monday
4002267356,Driver,35 to 39,1.0,"Automobile, Station Wagon",,,,2014,2014-06-11,1100,11,DON VALLEY PARKWAY  S,GERRARD ST E,3.0,Mid-Block,No Control,Clear,Daylight,Dry,Non-Fatal Injury,Pedestrian Collisions,-79.3559,43.6645,June,Wednesday
4002270913,Driver,35 to 39,1.0,"Automobile, Station Wagon",Yes,,,2014,2014-06-11,1940,19,DON VALLEY PARKWAY  S,DON MILLS RD,,Mid-Block,No Control,Clear,Daylight,Dry,Non-Fatal Injury,Sideswipe,-79.333,43.7025,June,Wednesday
4002274575,Driver,50 to 54,1.0,Delivery Van,,Yes,,2014,2014-06-12,1119,11,BAYVIEW AVE,401 C W BAYVIEW RAMP,1.0,Intersection,Traffic Signal,Clear,Daylight,Dry,Non-Fatal Injury,Turning Movement,-79.3874,43.7645,June,Thursday
4002278513,Driver,60 to 64,1.0,"Automobile, Station Wagon",,,,2014,2014-06-12,2138,21,KINGSTON RD,VALHALLA BLVD,1.0,Intersection,Stop Sign,Clear,Dark,Dry,Non-Fatal Injury,Turning Movement,-79.2682,43.6894,June,Thursday
4002279383,Driver,15 to 19,1.0,"Automobile, Station Wagon",,,,2014,2014-06-12,2014,20,JOHN GARLAND BLVD,FOUR LEAF DR,2.0,Intersection,No Control,Clear,"Dusk, artificial",Dry,Non-Fatal Injury,SMV Other,-79.591,43.7317,June,Thursday
4002285719,Driver,65 to 69,1.0,"Automobile, Station Wagon",,,,2014,2014-06-13,2158,21,WESTON RD,AVON CRES,1.0,Mid-Block,No Control,Clear,"Dark, artificial",Dry,Non-Fatal Injury,Pedestrian Collisions,-79.4764,43.6812,June,Friday
4002286061,Driver,25 to 29,1.0,"Automobile, Station Wagon",Yes,Yes,,2014,2014-06-14,2308,23,STEELES AVE E,DON MILLS RD,1.0,Intersection,Traffic Signal,Clear,Dark,Dry,Non-Fatal Injury,Turning Movement,-79.3607,43.8111,June,Saturday
4002291464,Driver,75 to 79,1.0,"Automobile, Station Wagon",,,,2014,2014-06-14,1930,19,92 DUNCANWOODS DR,,2.0,Mid-Block,No Control,Clear,Daylight,Dry,Non-Fatal Injury,Cyclist Collisions,-79.5628,43.7506,June,Saturday
4002306340,Motorcycle Driver,25 to 29,4.0,Motorcycle,,,,2014,2014-06-17,311,3,KING ST W,BRANT ST,1.0,Mid-Block,Pedestrian Crossover,Clear,"Dark, artificial",Dry,Non-Fatal Injury,Sideswipe,-79.3976,43.6449,June,Tuesday
4002326649,Driver,30 to 34,1.0,Municipal Transit Bus (TTC),,,,2014,2014-06-19,2134,21,BATHURST ST,BEDFORD PARK AVE,1.0,Intersection,No Control,Clear,"Dark, artificial",Dry,Non-Fatal Injury,Other,-79.4302,43.7214,June,Thursday
4002339341,Driver,50 to 54,1.0,"Automobile, Station Wagon",,,,2014,2014-06-21,1836,18,ROYAL YORK RD,ALLANHURST DR,3.0,Intersection,Traffic Signal,Clear,Daylight,Dry,Non-Fatal Injury,Turning Movement,-79.5252,43.6792,June,Saturday
4002352031,Truck Driver,60 to 64,1.0,Truck - Open,,,,2014,2014-06-23,1720,17,KING ST W,UNIVERSITY AVE,1.0,Intersection,Traffic Signal,Clear,Daylight,Dry,Non-Fatal Injury,Cyclist Collisions,-79.3847,43.6476,June,Monday
4002360451,Driver,20 to 24,1.0,"Automobile, Station Wagon",,,,2014,2014-06-24,2024,20,BEECROFT RD,PARK HOME AVE,3.0,Mid-Block,No Control,Rain,"Dark, artificial",Wet,Non-Fatal Injury,Pedestrian Collisions,-79.4157,43.767,June,Tuesday
4002366263,Passenger,25 to 29,1.0,,,,,2014,2014-06-19,1930,19,DUNDAS ST W,DOVERCOURT RD,3.0,Intersection,No Control,Clear,Daylight,Dry,Non-Fatal Injury,Cyclist Collisions,-79.4247,43.6494,June,Thursday
4002384040,Passenger,25 to 29,3.0,,,,Yes,2014,2014-06-28,227,2,FRED GARDINER EXP[EASTBOUND],WICKMAN RD 222,,Mid-Block,No Control,Clear,"Dark, artificial",Dry,Non-Fatal Injury,Approaching,-79.5312,43.6166,June,Saturday
4002395351,Driver,20 to 24,4.0,"Automobile, Station Wagon",,,,2014,2014-06-29,1748,17,NEILSON RD,BERNER TRL,3.0,Mid-Block,No Control,Clear,Daylight,Dry,Non-Fatal Injury,SMV Other,-79.2181,43.8014,June,Sunday
4002396674,Driver,60 to 64,1.0,"Automobile, Station Wagon",,,,2014,2014-06-29,2125,21,HOLLYWOOD AVE,WILLOWDALE AVE,3.0,Intersection,No Control,Clear,"Dusk, artificial",Dry,Non-Fatal Injury,Pedestrian Collisions,-79.4013,43.7679,June,Sunday
4002412292,Driver,65 to 69,4.0,"Automobile, Station Wagon",Yes,,,2014,2014-07-02,650,6,COXWELL AVE,GERRARD ST E,3.0,Intersection,Traffic Signal,Clear,Daylight,Dry,Non-Fatal Injury,SMV Other,-79.3202,43.6752,July,Wednesday
4002443760,Motorcycle Driver,35 to 39,4.0,Motorcycle,,,,2014,2014-07-06,1819,18,DON VALLEY PARKWAY  S,BAYVIEW BLOOR DVP S RAMP,,Mid-Block,No Control,Clear,Daylight,Dry,Non-Fatal Injury,SMV Other,-79.3625,43.681,July,Sunday
4002453551,Driver,70 to 74,1.0,"Automobile, Station Wagon",,,,2014,2014-07-08,725,7,WARDEN AVE N,LAWRENCE AVE E,1.0,Intersection,Traffic Signal,Clear,Daylight,Dry,Non-Fatal Injury,Pedestrian Collisions,-79.2947,43.7453,July,Tuesday
4002458189,Passenger,75 to 79,4.0,,,Yes,,2014,2014-07-08,2028,20,DON MILLS RD,OVERLEA BLVD,1.0,Intersection,Traffic Signal,Clear,Daylight,Dry,Non-Fatal Injury,Angle,-79.3343,43.7099,July,Tuesday
4002467400,Driver,35 to 39,3.0,"Automobile, Station Wagon",,,,2014,2014-07-10,759,7,1140 LESLIE ST,,1.0,Mid-Block,No Control,Clear,Daylight,Dry,Non-Fatal Injury,Rear End,-79.3498,43.726,July,Thursday
4002469048,Driver,60 to 64,4.0,"Automobile, Station Wagon",,,,2014,2014-07-10,1235,12,HIGHWAY 27  N,ROYALCREST RD,1.0,Intersection,Traffic Signal,Clear,Daylight,Dry,Non-Fatal Injury,SMV Other,-79.6104,43.7497,July,Thursday
4002478309,Driver,50 to 54,1.0,"Automobile, Station Wagon",,,,2014,2014-07-11,1918,19,VICTORIA PARK AVE,GLENCREST BLVD,1.0,Intersection,No Control,Clear,Daylight,Dry,Non-Fatal Injury,Cyclist Collisions,-79.2956,43.7081,July,Friday
4002482864,Driver,50 to 54,1.0,"Automobile, Station Wagon",,Yes,,2014,2014-07-12,1409,14,WARDEN AVE,TOWER DR,1.0,Intersection,Traffic Signal,Clear,Daylight,Dry,Non-Fatal Injury,Pedestrian Collisions,-79.2983,43.7543,July,Saturday
4002492921,Driver,20 to 24,4.0,"Automobile, Station Wagon",,,,2014,2014-07-14,450,4,DIXON RD,CELESTINE DR,1.0,Intersection,Traffic Signal,Clear,"Dark, artificial",Dry,Non-Fatal Injury,SMV Other,-79.5625,43.6933,July,Monday
4002496005,Driver,20 to 24,4.0,"Automobile, Station Wagon",,,,2014,2014-07-14,1453,14,KEELE ST,WHITBURN CRES,1.0,Intersection,Traffic Signal,Clear,Daylight,Dry,Non-Fatal Injury,Rear End,-79.4845,43.7369,July,Monday
4002496866,Driver,35 to 39,1.0,"Automobile, Station Wagon",,,,2014,2014-07-14,1716,17,YONGE ST,ELLERSLIE AVE,1.0,Intersection,No Control,Clear,Daylight,Dry,Non-Fatal Injury,Turning Movement,-79.4135,43.7719,July,Monday
4002524694,Driver,35 to 39,1.0,,,,,2014,2014-07-18,2340,23,3900 JANE ST,,1.0,Mid-Block,No Control,Clear,Daylight,Dry,Non-Fatal Injury,Cyclist Collisions,-79.5175,43.7566,July,Friday
4002525835,Cyclist,25 to 29,4.0,Bicycle,,,,2014,2014-07-18,2240,22,GERRARD ST E,PEMBROKE ST,3.0,Intersection,No Control,Clear,Dark,Dry,Non-Fatal Injury,Cyclist Collisions,-79.3735,43.6608,July,Friday
4002543282,Driver,20 to 24,1.0,"Automobile, Station Wagon",,,,2014,2014-07-21,1745,17,DUFFERIN ST,CLOVERLAWN AVE,1.0,Intersection,Stop Sign,Clear,Daylight,Dry,Non-Fatal Injury,Turning Movement,-79.4443,43.6812,July,Monday
4002555153,Driver,35 to 39,1.0,"Automobile, Station Wagon",,,,2014,2014-07-23,1135,11,50 CUMBERLAND ST,,2.0,Mid-Block,No Control,Clear,Daylight,Dry,Non-Fatal Injury,Pedestrian Collisions,-79.3889,43.6707,July,Wednesday
4002581656,Driver,20 to 24,1.0,"Automobile, Station Wagon",,,,2014,2014-07-27,1120,11,GUILDWOOD PKWY,ROWATSON RD,3.0,Intersection,No Control,Clear,Daylight,Dry,Non-Fatal Injury,Turning Movement,-79.2012,43.747,July,Sunday
4002589073,Driver,60 to 64,1.0,"Automobile, Station Wagon",,,,2014,2014-07-28,1501,15,BATHURST ST,SOUTHBOURNE AVE,1.0,Intersection,No Control,Clear,Daylight,Dry,Non-Fatal Injury,Pedestrian Collisions,-79.4342,43.7384,July,Monday
4002596710,Driver,50 to 54,1.0,"Automobile, Station Wagon",,,,2014,2014-07-29,1630,16,DUNDAS ST E,BROADVIEW AVE,1.0,Intersection,Traffic Signal,Clear,Daylight,Dry,Non-Fatal Injury,Cyclist Collisions,-79.3513,43.6624,July,Tuesday
4002604819,Driver,25 to 29,1.0,"Automobile, Station Wagon",,,,2014,2014-07-30,2312,23,EGLINTON AVE E,BANFF RD,1.0,Intersection,Traffic Signal,Clear,"Dark, artificial",Dry,Non-Fatal Injury,Cyclist Collisions,-79.3822,43.71,July,Wednesday
4002612585,Driver,20 to 24,4.0,"Automobile, Station Wagon",,,,2014,2014-08-01,253,2,F G GARDINER XY  E,ISLINGTON AVE,,Mid-Block,No Control,Clear,"Dark, artificial",Dry,Non-Fatal Injury,SMV Other,-79.5098,43.6209,August,Friday
4002616805,Driver,15 to 19,1.0,"Automobile, Station Wagon",Yes,,,2014,2014-08-01,1722,17,SHEPPARD AVE E,NEILSON RD,1.0,Intersection,Traffic Signal,Clear,Daylight,Dry,Fatal,Cyclist Collisions,-79.2176,43.7981,August,Friday
4002616859,Driver,65 to 69,1.0,"Automobile, Station Wagon",,,,2014,2014-08-01,1730,17,WESTLAKE AVE,WESTBROOK AVE,4.0,Intersection,Stop Sign,Clear,Daylight,Dry,Non-Fatal Injury,Cyclist Collisions,-79.3076,43.693,August,Friday
4002621781,Driver,unknown,1.0,"Automobile, Station Wagon",,,,2014,2014-08-02,1240,12,ST CLAIR AVE W,WINONA DR,1.0,Intersection,Traffic Signal,Clear,Daylight,Dry,Non-Fatal Injury,Cyclist Collisions,-79.4324,43.6802,August,Saturday
4002625418,Driver,35 to 39,1.0,"Automobile, Station Wagon",,,,2014,2014-08-02,2319,23,SHEPPARD  AVE E,ROBERT WOODHEAD CRES,1.0,Mid-Block,No Control,Clear,"Dark, artificial",Dry,Non-Fatal Injury,Pedestrian Collisions,-79.4829,43.7463,August,Saturday
4002628533,Driver,75 to 79,4.0,"Automobile, Station Wagon",,,,2014,2014-08-03,1330,13,BURNHAMTHORPE RD,MILL RD,1.0,Intersection,Traffic Signal,Clear,Daylight,Dry,Non-Fatal Injury,Turning Movement,-79.5843,43.6391,August,Sunday
4002642659,Driver,35 to 39,1.0,Passenger Van,,,,2014,2014-08-05,1932,19,SEWELLS RD,BRENYON WAY,3.0,Intersection,Traffic Signal,Clear,Daylight,Dry,Non-Fatal Injury,Pedestrian Collisions,-79.2156,43.8077,August,Tuesday
4002647882,Driver,85 to 89,3.0,"Automobile, Station Wagon",,,,2014,2014-08-06,1515,15,ALNESS ST,DOLOMITE DR,3.0,Intersection,Stop Sign,Clear,Daylight,Dry,Non-Fatal Injury,Turning Movement,-79.4756,43.7795,August,Wednesday
4002650961,Motorcycle Driver,35 to 39,4.0,Motorcycle,,,,2014,2014-08-07,100,1,REXDALE BLVD,HIGHWAY 27  N,1.0,Intersection,Traffic Signal,Clear,"Dusk, artificial",Dry,Non-Fatal Injury,SMV Other,-79.5956,43.7172,August,Thursday
4002656548,Driver,25 to 29,5.0,"Automobile, Station Wagon",,,,2014,2014-08-07,2022,20,LAKE SHORE BLVD E,LOWER SHERBOURNE ST,1.0,Intersection,Traffic Signal,Clear,Dark,Dry,Non-Fatal Injury,Sideswipe,-79.3661,43.6464,August,Thursday
4002664969,Pedestrian,15 to 19,4.0,,,,,2014,2014-08-09,214,2,LAWRENCE AVE E,GREENBRAE CRCT,1.0,Intersection,No Control,Clear,"Dark, artificial",Dry,Non-Fatal Injury,Pedestrian Collisions,-79.233,43.7581,August,Saturday
4002688656,Driver,40 to 44,1.0,"Automobile, Station Wagon",,,,2014,2014-08-12,1614,16,WOODBINE AVE,HEYWORTH CRES,1.0,Intersection,No Control,Clear,Daylight,Dry,Non-Fatal Injury,Turning Movement,-79.3084,43.6753,August,Tuesday
4002711350,Driver,35 to 39,1.0,"Automobile, Station Wagon",,,,2014,2014-08-16,2320,23,LANSDOWNE AVE,DUPONT ST,1.0,Intersection,Traffic Signal,Clear,"Dark, artificial",Dry,Non-Fatal Injury,Turning Movement,-79.4464,43.6667,August,Saturday
4002712534,Pedestrian,85 to 89,2.0,,,,,2014,2014-08-16,515,5,KENNEDY RD,BONIS AVE,1.0,Intersection,Traffic Signal,Clear,"Dark, artificial",Dry,Fatal,Pedestrian Collisions,-79.2894,43.7857,August,Saturday
4002717713,Passenger,25 to 29,1.0,,,Yes,,2014,2014-08-17,51,0,FINCH AVENUE WEST,ISLINGTON AVENUE,1.0,Intersection,Traffic Signal,Clear,"Dark, artificial",Dry,Non-Fatal Injury,Angle,-79.5686,43.7462,August,Sunday
4002721774,Driver,40 to 44,1.0,Passenger Van,,,,2014,2014-08-17,1645,16,OSSINGTON AVE,DEWSON ST,3.0,Intersection,No Control,Clear,Daylight,Dry,Non-Fatal Injury,Turning Movement,-79.4237,43.657,August,Sunday
4002722723,Driver,40 to 44,1.0,"Automobile, Station Wagon",,,,2014,2014-08-17,2100,21,2169 YONGE ST,,1.0,Mid-Block,No Control,Clear,Daylight,Dry,Non-Fatal Injury,Turning Movement,-79.3979,43.705,August,Sunday
4002723007,Cyclist,15 to 19,4.0,Bicycle,,,,2014,2014-08-17,2159,21,KINGSTON RD,PICKERING ST,1.0,Mid-Block,No Control,Clear,"Dark, artificial",Dry,Non-Fatal Injury,Cyclist Collisions,-79.2899,43.6802,August,Sunday
4002735710,Driver,40 to 44,1.0,"Automobile, Station Wagon",,,,2014,2014-08-19,2105,21,MIDLAND AVE,KILCULLEN CASTLE GT,1.0,Intersection,No Control,Clear,"Dark, artificial",Dry,Non-Fatal Injury,Pedestrian Collisions,-79.29,43.8097,August,Tuesday
4002735786,Driver,25 to 29,1.0,Delivery Van,,,,2014,2014-08-19,2120,21,COLLEGE ST,RUSHOLME PARK CRT,1.0,Intersection,Stop Sign,Clear,"Dark, artificial",Dry,Non-Fatal Injury,Cyclist Collisions,-79.4296,43.6528,August,Tuesday
4002750756,Cyclist,25 to 29,4.0,Bicycle,,,,2014,2014-08-22,122,1,BLOOR ST E,PARLIAMENT ST,1.0,Intersection,Traffic Signal,Clear,Dark,Dry,Non-Fatal Injury,Cyclist Collisions,-79.3706,43.6719,August,Friday
4002755635,Driver,30 to 34,1.0,"Automobile, Station Wagon",,,,2014,2014-08-22,1805,18,ROYAL YORK RD,ASHLEY RD,3.0,Intersection,No Control,Clear,Daylight,Dry,Non-Fatal Injury,Cyclist Collisions,-79.5183,43.6631,August,Friday
4002781365,Driver,30 to 34,1.0,"Automobile, Station Wagon",,,,2014,2014-08-26,1720,17,ROGERS RD,SILVERTHORN AVE,3.0,Intersection,Traffic Signal,Clear,Daylight,Dry,Non-Fatal Injury,Cyclist Collisions,-79.4633,43.6827,August,Tuesday
4002786358,Driver,50 to 54,1.0,Municipal Transit Bus (TTC),,,,2014,2014-08-27,1205,12,SHEPPARD AVE W,BATHURST ST,1.0,Intersection,Traffic Signal,Clear,Daylight,Dry,Non-Fatal Injury,Other,-79.4384,43.7554,August,Wednesday
4002788366,Driver,20 to 24,1.0,"Automobile, Station Wagon",,,,2014,2014-08-27,1719,17,YONGE ST,HOMEWOOD AVE,1.0,Intersection,No Control,Clear,Daylight,Dry,Non-Fatal Injury,Rear End,-79.4183,43.7911,August,Wednesday
4002797820,Driver,50 to 54,1.0,"Automobile, Station Wagon",,,,2014,2014-08-29,610,6,KINGSTON  RD,WOODBINE AVE,1.0,Intersection,Traffic Signal,Clear,Dawn,Dry,Non-Fatal Injury,Turning Movement,-79.3079,43.6739,August,Friday
4002799906,Driver,70 to 74,1.0,"Automobile, Station Wagon",,,,2014,2014-08-29,1322,13,BAYVIEW AVE,CUMMER AVE,1.0,Intersection,Traffic Signal,Clear,Daylight,Dry,Non-Fatal Injury,Turning Movement,-79.3935,43.7922,August,Friday
4002803822,Driver,20 to 24,1.0,"Automobile, Station Wagon",,,,2014,2014-08-30,108,1,BATHURST ST,ST CLAIR AVE W,1.0,Mid-Block,No Control,Clear,"Dark, artificial",Dry,Non-Fatal Injury,Pedestrian Collisions,-79.4181,43.6827,August,Saturday
4002803863,Cyclist,25 to 29,4.0,,,,,2014,2014-08-30,115,1,QUEEN ST W,DUFFERIN ST,1.0,Mid-Block,No Control,Clear,"Dark, artificial",Dry,Non-Fatal Injury,Cyclist Collisions,-79.4278,43.6422,August,Saturday
4002804562,Driver,unknown,1.0,Passenger Van,,,,2014,2014-08-30,459,4,ST CLAIR AVE W,SYMES RD,1.0,Mid-Block,No Control,Clear,"Dark, artificial",Dry,Fatal,Pedestrian Collisions,-79.4765,43.6705,August,Saturday
4002809837,Driver,25 to 29,1.0,"Automobile, Station Wagon",,,,2014,2014-08-30,2240,22,741 RUNNYMEDE RD,,3.0,Mid-Block,No Control,Clear,"Dark, artificial",Dry,Non-Fatal Injury,Pedestrian Collisions,-79.4833,43.6685,August,Saturday
4002811941,Driver,55 to 59,1.0,"Automobile, Station Wagon",,,,2014,2014-08-31,855,8,BROADVIEW AVE,QUEEN ST E,1.0,Intersection,Traffic Signal,Clear,Daylight,Dry,Non-Fatal Injury,Pedestrian Collisions,-79.3498,43.6588,August,Sunday
4002817424,Driver,30 to 34,1.0,Municipal Transit Bus (TTC),,,,2014,2014-09-01,147,1,EGLINTON AVE E,MARKHAM RD,1.0,Mid-Block,No Control,Clear,"Dark, artificial",Dry,Fatal,Pedestrian Collisions,-79.2198,43.7429,September,Monday
4002824583,Driver,unknown,1.0,"Automobile, Station Wagon",,,,2014,2014-08-29,1200,12,WELLESLEY ST E,BLEECKER ST,3.0,Intersection,No Control,Clear,Daylight,Dry,Non-Fatal Injury,Cyclist Collisions,-79.3737,43.6672,August,Friday
4002835706,Driver,45 to 49,1.0,Pick Up Truck,,,,2014,2014-09-03,1736,17,JANE ST,EGLINTON AVE W,1.0,Intersection,No Control,Clear,Daylight,Dry,Non-Fatal Injury,Pedestrian Collisions,-79.4988,43.6844,September,Wednesday
4002843049,Driver,45 to 49,1.0,"Automobile, Station Wagon",,,,2014,2014-09-04,1729,17,SHEPPARD AVE E,PHARMACY AVE,1.0,Mid-Block,No Control,Clear,Daylight,Dry,Non-Fatal Injury,Turning Movement,-79.3185,43.7763,September,Thursday
4002856687,Driver,40 to 44,1.0,"Automobile, Station Wagon",,,,2014,2014-09-06,1610,16,PELHAM AVE,UXBRIDGE AVE,4.0,Mid-Block,No Control,Clear,Daylight,Dry,Non-Fatal Injury,Cyclist Collisions,-79.4567,43.6679,September,Saturday
4002857204,Driver,20 to 24,3.0,"Automobile, Station Wagon",Yes,,,2014,2014-09-06,1744,17,BURNHAMTHORPE RD,SHAVER AVE N,1.0,Intersection,Stop Sign,Clear,Daylight,Dry,Non-Fatal Injury,Turning Movement,-79.5516,43.6481,September,Saturday
4002857314,Driver,35 to 39,1.0,Delivery Van,,,,2014,2014-09-06,1758,17,DANFORTH AVE,WOODINGTON AVE,1.0,Intersection,Traffic Signal,Clear,Daylight,Dry,Non-Fatal Injury,Pedestrian Collisions,-79.3208,43.6839,September,Saturday
4002858983,Other,unknown,1.0,,,,Yes,2014,2014-09-07,2313,23,2324 SHEPPARD AVE W,,1.0,Intersection,No Control,Clear,"Dark, artificial",Dry,Non-Fatal Injury,SMV Other,-79.5358,43.7342,September,Sunday