ACCNUM,INVTYPE,INVAGE,INJURY_ID,VEHTYPE,SPEEDING,REDLIGHT,ALCOHOL,YEAR,DATE,TIME,HOUR,STREET1,STREET2,ROAD_CLASS_ID,LOCCOORD,TRAFFCTL,VISIBILITY,LIGHT,RDSFCOND,ACCLASS,IMPACTYPE,Longitude,Latitude,Month,Day_of_Week
4002864815,Driver,25 to 29,1.0,"Automobile, Station Wagon",,,,2014,2014-09-07,2130,21,YONGE ST,FINCH AVE W,1.0,Intersection,Traffic Signal,Clear,"Dark, artificial",Dry,Non-Fatal Injury,Pedestrian Collisions,-79.4155,43.7797,September,Sunday
4002867975,Driver,60 to 64,4.0,"Automobile, Station Wagon",,,,2014,2014-09-08,1145,11,OLD WESTON RD,ALGARVE CRES,3.0,Intersection,No Control,Clear,Daylight,Dry,Non-Fatal Injury,SMV Unattended Vehicle,-79.4656,43.6797,September,Monday
4002874669,Driver,55 to 59,1.0,Delivery Van,,,,2014,2014-09-09,1115,11,ANNETTE ST,PACIFIC AVE,3.0,Intersection,Traffic Signal,Clear,Daylight,Dry,Non-Fatal Injury,Pedestrian Collisions,-79.4676,43.6632,September,Tuesday
4002881159,Driver - Not Hit,unknown,1.0,,,,,2014,2014-09-10,1030,10,ST CLAIR AVE E,KENNEDY RD,1.0,Intersection,No Control,Clear,Daylight,Dry,Non-Fatal Injury,SMV Other,-79.2613,43.7164,September,Wednesday
4002884654,Pedestrian,45 to 49,4.0,,,,,2014,2014-09-10,2012,20,LAWRENCE AVE E,WARDEN AVE,1.0,Intersection,Traffic Signal,Rain,"Dark, artificial",Wet,Non-Fatal Injury,Pedestrian Collisions,-79.2947,43.7453,September,Wednesday
4002886498,Driver,60 to 64,1.0,Pick Up Truck,,,,2014,2014-09-11,625,6,STEELES AVE W,CONLEY ST,1.0,Intersection,Traffic Signal,Clear,"Dark, artificial",Wet,Non-Fatal Injury,Turning Movement,-79.4631,43.7886,September,Thursday
4002906646,Driver,60 to 64,3.0,"Automobile, Station Wagon",,Yes,,2014,2014-09-14,643,6,WALSH AVE,WESTON N WALSH RAMP,1.0,Intersection,Traffic Signal,Clear,Daylight,Dry,Non-Fatal Injury,Turning Movement,-79.5372,43.717,September,Sunday
4002915951,Driver,25 to 29,4.0,"Automobile, Station Wagon",Yes,,,2014,2014-09-15,1655,16,HUMBERWOOD BLVD,HULLRICK DR,2.0,Intersection,No Control,Rain,Daylight,Wet,Non-Fatal Injury,Approaching,-79.6199,43.7236,September,Monday
4002916967,Driver,20 to 24,1.0,"Automobile, Station Wagon",,Yes,,2014,2014-09-15,2010,20,EGLINTON AVE E,EGLINTON SQ,1.0,Intersection,Traffic Signal,Rain,"Dark, artificial",Wet,Non-Fatal Injury,Angle,-79.3005,43.7249,September,Monday
4002919707,Truck Driver,50 to 54,4.0,Truck (other),Yes,,,2014,2014-09-16,932,9,DVP S DON MILLS S RAMP RD,DON MILLS RD,1.0,Mid-Block,No Control,Clear,Daylight,Dry,Non-Fatal Injury,SMV Other,-79.3377,43.7002,September,Tuesday
4002929082,Driver,50 to 54,1.0,Pick Up Truck,,,,2014,2014-09-17,1620,16,FINCH AVE E,LINUS RD,1.0,Intersection,Traffic Signal,Clear,Daylight,Dry,Non-Fatal Injury,Pedestrian Collisions,-79.358,43.7919,September,Wednesday
4002949644,Motorcycle Driver,35 to 39,4.0,Motorcycle,,,,2014,2014-09-20,2003,20,SKYWAY AVE,MERIDIAN RD,3.0,Mid-Block,No Control,Clear,"Dark, artificial",Dry,Non-Fatal Injury,SMV Other,-79.5811,43.6809,September,Saturday
4002952213,Pedestrian,40 to 44,4.0,,,Yes,,2014,2014-09-21,700,7,STEELES AVE W,BATHURST ST,1.0,Intersection,Traffic Signal,Rain,Daylight,Wet,Non-Fatal Injury,Pedestrian Collisions,-79.4457,43.7923,September,Sunday
4002954632,Motorcycle Driver,35 to 39,4.0,Motorcycle,Yes,,,2014,2014-09-21,1542,15,2715 LAWRENCE AVE E,,1.0,Mid-Block,No Control,Clear,Daylight,Dry,Non-Fatal Injury,Turning Movement,-79.259,43.7526,September,Sunday
4002973094,Driver,65 to 69,4.0,"Automobile, Station Wagon",Yes,,,2014,2014-09-24,1130,11,BANBURY RD,LAWRENCE AVE E,2.0,Intersection,No Control,Clear,Daylight,Dry,Non-Fatal Injury,SMV Other,-79.3574,43.7351,September,Wednesday
4002973211,Driver,75 to 79,4.0,"Automobile, Station Wagon",Yes,,,2014,2014-09-24,1151,11,551 THE WEST MALL,,3.0,Mid-Block,No Control,Clear,Daylight,Dry,Non-Fatal Injury,SMV Other,-79.57,43.6518,September,Wednesday
4002979452,Driver,15 to 19,1.0,"Automobile, Station Wagon",,,,2014,2014-09-25,940,9,LOWER JARVIS ST,THE ESPLANADE,1.0,Intersection,Traffic Signal,Clear,Daylight,Dry,Non-Fatal Injury,Pedestrian Collisions,-79.3709,43.6482,September,Thursday
4002986275,Driver,55 to 59,1.0,Police Vehicle,,,,2014,2014-09-26,918,9,REDPATH AVE,BROADWAY AVE,2.0,Intersection,Stop Sign,Clear,Daylight,Dry,Non-Fatal Injury,Pedestrian Collisions,-79.3938,43.7105,September,Friday
4002987190,Driver,50 to 54,1.0,"Automobile, Station Wagon",,,,2014,2014-09-26,1153,11,WILSON AVE,BILLY BISHOP WAY,1.0,Intersection,Traffic Signal,Clear,Daylight,Dry,Non-Fatal Injury,Cyclist Collisions,-79.4528,43.7333,September,Friday
4003003255,Motorcycle Driver,45 to 49,4.0,Motorcycle,,,,2014,2014-09-28,1820,18,WILLIAM R ALLEN RD N,RANEE AVE,,Mid-Block,No Control,Clear,Daylight,Dry,Non-Fatal Injury,SMV Other,-79.4471,43.7242,September,Sunday
4003007939,Driver,35 to 39,1.0,"Automobile, Station Wagon",,,,2014,2014-09-29,1325,13,COLLEGE ST,SHAW ST,1.0,Intersection,Pedestrian Crossover,Clear,Daylight,Dry,Non-Fatal Injury,Cyclist Collisions,-79.4202,43.6548,September,Monday
4003015546,Motorcycle Driver,35 to 39,3.0,Motorcycle,,,,2014,2014-09-30,1538,15,DUNDAS ST E,MUTUAL ST,1.0,Intersection,No Control,Clear,Daylight,Dry,Non-Fatal Injury,Pedestrian Collisions,-79.3756,43.6568,September,Tuesday
4003025669,Driver,30 to 34,1.0,"Automobile, Station Wagon",,,,2014,2014-10-02,740,7,581 TRETHEWEY DR,,3.0,Mid-Block,No Control,Clear,Daylight,Dry,Non-Fatal Injury,Sideswipe,-79.4919,43.6967,October,Thursday
4003042543,Driver,55 to 59,1.0,"Automobile, Station Wagon",,,,2014,2014-10-04,1730,17,PHARMACY AVE,PRINCEWAY DR,3.0,Mid-Block,No Control,Clear,Daylight,Dry,Non-Fatal Injury,Turning Movement,-79.3088,43.7536,October,Saturday
4003056806,Driver,45 to 49,1.0,"Automobile, Station Wagon",,,,2014,2014-10-07,9,0,UNIVERSITY AVE,QUEEN ST W,1.0,Intersection,Traffic Signal,Rain,"Dark, artificial",Wet,Non-Fatal Injury,Pedestrian Collisions,-79.3865,43.6507,October,Tuesday
4003063238,Driver,50 to 54,4.0,"Automobile, Station Wagon",Yes,,Yes,2014,2014-10-08,2348,23,2835 ISLINGTON AVE,,1.0,Mid-Block,No Control,Clear,"Dark, artificial",Wet,Non-Fatal Injury,SMV Other,-79.5679,43.7498,October,Wednesday
4003072697,Truck Driver,30 to 34,1.0,Truck - Open,,,,2014,2014-10-09,1240,12,DON MILLS RD,DUNCAN MILL RD,1.0,Intersection,Traffic Signal,Clear,Daylight,Dry,Non-Fatal Injury,Pedestrian Collisions,-79.3471,43.7616,October,Thursday
4003073382,Driver,45 to 49,1.0,"Automobile, Station Wagon",,Yes,,2014,2014-10-09,1410,14,WARDEN AVE,MARBLE ARCH CRES,1.0,Intersection,Traffic Signal,Clear,Daylight,Dry,Fatal,Cyclist Collisions,-79.2906,43.7353,October,Thursday
4003074555,Truck Driver,40 to 44,1.0,Truck - Dump,,,,2014,2014-10-09,1745,17,KING ST W,JAMESON AVE,1.0,Mid-Block,No Control,Clear,Dusk,Dry,Fatal,Pedestrian Collisions,-79.4365,43.637,October,Thursday
4003078638,Pedestrian,35 to 39,4.0,,,,,2014,2014-10-10,1138,11,F G GARDINER XY  W,PARKSIDE DR,,Mid-Block,No Control,Clear,Daylight,Dry,Non-Fatal Injury,Pedestrian Collisions,-79.4469,43.6379,October,Friday
4003092212,Driver,45 to 49,1.0,Fire Vehicle,,Yes,,2014,2014-10-12,1640,16,MARTIN GROVE RD,RATHBURN  RD,3.0,Intersection,Traffic Signal,Clear,Daylight,Dry,Non-Fatal Injury,Angle,-79.5552,43.657,October,Sunday
4003101857,Driver,45 to 49,1.0,"Automobile, Station Wagon",,,,2014,2014-10-14,1255,12,KENNEDY RD,GLAMORGAN AVE,1.0,Intersection,Traffic Signal,Clear,Daylight,Wet,Non-Fatal Injury,Turning Movement,-79.2822,43.7694,October,Tuesday
4003102605,Driver,50 to 54,1.0,"Automobile, Station Wagon",,,,2014,2014-10-14,1448,14,BRIDLETOWNE CRCL,FINCH AVE E,1.0,Intersection,Traffic Signal,Clear,Daylight,Dry,Non-Fatal Injury,Turning Movement,-79.3193,43.7958,October,Tuesday
4003112757,Driver,65 to 69,1.0,"Automobile, Station Wagon",,,,2014,2014-10-16,644,6,BERTRAND AVE,BIRCHMOUNT RD,1.0,Intersection,Traffic Signal,Clear,"Dark, artificial",Dry,Non-Fatal Injury,Pedestrian Collisions,-79.2798,43.7352,October,Thursday
4003142204,Cyclist,25 to 29,4.0,Bicycle,,,,2014,2014-10-20,1803,18,BAY ST,QUEEN ST W,1.0,Intersection,Traffic Signal,Rain,Dusk,Wet,Non-Fatal Injury,Cyclist Collisions,-79.3817,43.6518,October,Monday
4003143526,Driver,25 to 29,1.0,"Automobile, Station Wagon",,Yes,,2014,2014-10-20,2229,22,YORK ST,RICHMOND ST W,1.0,Intersection,Traffic Signal,Rain,"Dark, artificial",Wet,Non-Fatal Injury,Angle,-79.3846,43.6504,October,Monday
4003148755,Driver,35 to 39,1.0,"Automobile, Station Wagon",,,,2014,2014-10-21,1909,19,BLOOR ST W,PACIFIC AVE,1.0,Intersection,No Control,Rain,"Dark, artificial",Wet,Non-Fatal Injury,Pedestrian Collisions,-79.4636,43.6538,October,Tuesday
4003149103,Driver,60 to 64,5.0,"Automobile, Station Wagon",,,,2014,2014-10-21,2015,20,WILSON AVE,ALLARD AVE,1.0,Intersection,Stop Sign,Rain,"Dark, artificial",Wet,Non-Fatal Injury,Turning Movement,-79.4294,43.7378,October,Tuesday
4003152521,Motorcycle Driver,15 to 19,4.0,Motorcycle,Yes,,,2014,2014-10-22,1145,11,DON VALLEY PARKWAY  S,WYNFORD DR,,Mid-Block,No Control,Clear,Daylight,Dry,Non-Fatal Injury,Rear End,-79.3303,43.7284,October,Wednesday
4003154882,Driver,25 to 29,1.0,"Automobile, Station Wagon",,Yes,,2014,2014-10-22,1803,18,PARKINGTON CRES,ELLESMERE RD,1.0,Intersection,Traffic Signal,Clear,Dusk,Dry,Non-Fatal Injury,Pedestrian Collisions,-79.2462,43.7732,October,Wednesday
4003158007,Truck Driver,30 to 34,1.0,Truck-Tractor,,,,2014,2014-10-23,1229,12,4709 JANE ST,,1.0,Intersection,Traffic Signal,Clear,Daylight,Dry,Non-Fatal Injury,Sideswipe,-79.5208,43.7709,October,Thursday
4003162994,Driver,25 to 29,5.0,"Automobile, Station Wagon",,,,2014,2014-10-24,2315,23,YONGE ST,HILLCREST AVE,1.0,Intersection,No Control,Clear,"Dark, artificial",Dry,Non-Fatal Injury,Sideswipe,-79.4124,43.7674,October,Friday
4003167923,Driver,65 to 69,1.0,"Automobile, Station Wagon",,,,2014,2014-10-24,1727,17,220 WOOLNER AVE,,2.0,Mid-Block,No Control,Clear,Dusk,Dry,Non-Fatal Injury,Pedestrian Collisions,-79.4925,43.6717,October,Friday
4003174449,Driver,35 to 39,1.0,"Automobile, Station Wagon",,,,2014,2014-10-25,1736,17,123 SPADINA AVE,,1.0,Intersection,No Control,Clear,Daylight,Dry,Non-Fatal Injury,Sideswipe,-79.3957,43.6472,October,Saturday
4003176267,Driver,25 to 29,1.0,"Automobile, Station Wagon",Yes,,,2014,2014-10-26,2335,23,LAKE SHORE BLVD E,LOWER JARVIS ST,1.0,Intersection,Traffic Signal,Clear,"Dark, artificial",Dry,Non-Fatal Injury,Rear End,-79.3698,43.6455,October,Sunday
4003192512,Driver,45 to 49,1.0,"Automobile, Station Wagon",,,,2014,2014-10-28,1515,15,VICTORIA PARK AVE,O CONNOR DR,1.0,Intersection,Traffic Signal,Other,Daylight,Dry,Fatal,Cyclist Collisions,-79.302,43.7233,October,Tuesday
4003207779,Motorcycle Driver,25 to 29,4.0,Motorcycle,,,,2014,2014-10-30,2111,21,1255 QUEENSWAY AVE,,1.0,Mid-Block,No Control,Clear,"Dark, artificial",Wet,Non-Fatal Injury,Turning Movement,-79.525,43.6213,October,Thursday
4003213460,Driver,25 to 29,1.0,"Automobile, Station Wagon",,,,2014,2014-10-31,1845,18,REXDALE BLVD,HIGHWAY 27  S,1.0,Intersection,Traffic Signal,Rain,"Dark, artificial",Wet,Non-Fatal Injury,Cyclist Collisions,-79.5956,43.7172,October,Friday
4003224177,Driver,75 to 79,1.0,Passenger Van,,,,2014,2014-11-02,1205,12,EGLINGTON AVE,HEDDINGTON AVE,1.0,Intersection,Traffic Signal,Clear,Daylight,Dry,Non-Fatal Injury,Pedestrian Collisions,-79.4138,43.7034,November,Sunday
4003235849,Driver,65 to 69,1.0,"Automobile, Station Wagon",,,,2014,2014-11-02,1015,10,BLOSSOMFIELD DR,DANE AVE,2.0,Intersection,Stop Sign,Clear,"Dark, artificial",Dry,Non-Fatal Injury,Pedestrian Collisions,-79.4489,43.7174,November,Sunday
4003249661,Driver,60 to 64,1.0,"Automobile, Station Wagon",,,,2014,2014-11-06,1130,11,BICKNELL AVE,WESTBURY CRES,2.0,Intersection,Stop Sign,Clear,Daylight,Dry,Non-Fatal Injury,Pedestrian Collisions,-79.4749,43.6845,November,Thursday
4003253640,Driver,40 to 44,1.0,Street Car,,,,2014,2014-11-06,2300,23,SPADINA AVE,SULLIVAN ST,1.0,Mid-Block,No Control,Rain,"Dark, artificial",Wet,Non-Fatal Injury,Pedestrian Collisions,-79.3974,43.6513,November,Thursday
4003257164,Driver,30 to 34,1.0,Pick Up Truck,,,,2014,2014-11-07,1247,12,DON MILLS RD,FRESHMEADOW DR,1.0,Mid-Block,No Control,Clear,Daylight,Dry,Fatal,Pedestrian Collisions,-79.3594,43.8093,November,Friday
4003258482,Driver,60 to 64,1.0,,,,,2014,2014-11-07,1700,17,BRIMORTON DR,MARKHAM RD,1.0,Intersection,Traffic Signal,Clear,"Daylight, artificial",Dry,Non-Fatal Injury,Pedestrian Collisions,-79.2306,43.7734,November,Friday
4003267619,Driver,20 to 24,4.0,"Automobile, Station Wagon",,Yes,,2014,2014-11-09,559,5,KIPLING AVE,WESTHUMBER BLVD,1.0,Intersection,Traffic Signal,Clear,"Dark, artificial",Dry,Fatal,Angle,-79.5746,43.7281,November,Sunday
4003269360,Motorcycle Driver,25 to 29,4.0,Motorcycle,,,,2014,2014-11-09,1356,13,PHARMACY AVE,INNISDALE DR,3.0,Intersection,Traffic Signal,Clear,Daylight,Dry,Non-Fatal Injury,Rear End,-79.3012,43.7348,November,Sunday
4003270015,Driver,60 to 64,4.0,"Automobile, Station Wagon",,,,2014,2014-11-09,1555,15,AVENUE RD,ST GERMAIN AVE,1.0,Mid-Block,No Control,Clear,Daylight,Dry,Non-Fatal Injury,SMV Unattended Vehicle,-79.418,43.7282,November,Sunday
4003276888,Driver,30 to 34,1.0,"Automobile, Station Wagon",,,,2014,2014-11-10,1750,17,DIXON RD,ISLINGTON AVE,1.0,Intersection,Traffic Signal,Clear,Dark,Dry,Non-Fatal Injury,Pedestrian Collisions,-79.5466,43.6969,November,Monday
4003298111,Driver,60 to 64,1.0,"Automobile, Station Wagon",,,,2014,2014-11-14,645,6,BATHURST ST,FAIRHOLME AVE,1.0,Intersection,No Control,Clear,"Dawn, artificial",Dry,Non-Fatal Injury,Pedestrian Collisions,-79.4295,43.7183,November,Friday
4003323321,Driver,55 to 59,1.0,Municipal Transit Bus (TTC),,,,2014,2014-11-18,1211,12,STEELES AVE E,BAYVIEW AVE,1.0,Mid-Block,No Control,Clear,Daylight,Dry,Non-Fatal Injury,Other,-79.3972,43.8029,November,Tuesday
4003325282,Driver,unknown,1.0,"Automobile, Station Wagon",,,,2014,2014-11-18,1804,18,MOORE PARK AVE,HILDA AVE,2.0,Intersection,Stop Sign,Clear,"Dark, artificial",Dry,Non-Fatal Injury,Cyclist Collisions,-79.4268,43.7921,November,Tuesday
4003340766,Driver,50 to 54,1.0,Pick Up Truck,,,,2014,2014-11-21,1005,10,SILVERTHORN AVE,ROGERS RD,3.0,Intersection,Traffic Signal,Clear,Daylight,Dry,Non-Fatal Injury,Pedestrian Collisions,-79.4633,43.6827,November,Friday
4003346402,Driver,20 to 24,4.0,"Automobile, Station Wagon",,,,2014,2014-11-22,520,5,WILSON AVE,RIDGE RD,1.0,Mid-Block,No Control,Clear,"Dawn, artificial",Dry,Non-Fatal Injury,Approaching,-79.4949,43.7236,November,Saturday
4003346463,Truck Driver,25 to 29,1.0,Truck-Tractor,,,,2014,2014-11-22,545,5,WILLIAM R ALLEN RD,SHEPPARD AVE W,1.0,Mid-Block,No Control,Clear,"Dark, artificial",Dry,Non-Fatal Injury,Turning Movement,-79.4628,43.7486,November,Saturday
4003369105,Driver,70 to 74,4.0,"Automobile, Station Wagon",,,,2014,2014-11-25,1859,18,LAWRENCE AVE E,TOWER DR,1.0,Mid-Block,No Control,Clear,"Dark, artificial",Dry,Non-Fatal Injury,Pedestrian Collisions,-79.299,43.7443,November,Tuesday
4003374622,Cyclist,15 to 19,4.0,Bicycle,,,,2014,2014-11-26,1625,16,23 CASTOR CRES,,4.0,Mid-Block,No Control,Clear,Dusk,Dry,Non-Fatal Injury,Cyclist Collisions,-79.2241,43.7814,November,Wednesday
4003375177,Driver,80 to 84,1.0,"Automobile, Station Wagon",,,,2014,2014-11-26,1808,18,GERRARD ST E,VICTORIA PARK AVE,3.0,Mid-Block,No Control,Clear,"Dark, artificial",Dry,Non-Fatal Injury,Pedestrian Collisions,-79.2859,43.6869,November,Wednesday
4003382352,Driver,55 to 59,4.0,"Automobile, Station Wagon",,,Yes,2014,2014-11-27,2125,21,SHEPPARD AVE W,JOHN DRURY DR,1.0,Intersection,Traffic Signal,Clear,"Dark, artificial",Loose Snow,Non-Fatal Injury,SMV Other,-79.4827,43.7482,November,Thursday
4003389037,Driver,unknown,1.0,Passenger Van,,,,2014,2014-11-28,2245,22,55 BELMONT ST,,3.0,Mid-Block,No Control,Clear,"Dark, artificial",Dry,Non-Fatal Injury,Pedestrian Collisions,-79.391,43.6751,November,Friday
4003393065,Driver,60 to 64,1.0,"Automobile, Station Wagon",,,,2014,2014-11-29,1306,13,DON VALLEY PARKWAY  S,LEASIDE BDGE,1.0,Mid-Block,No Control,Clear,Daylight,Dry,Non-Fatal Injury,Pedestrian Collisions,-79.3497,43.698,November,Saturday
4003398142,Driver,80 to 84,4.0,"Automobile, Station Wagon",,,,2014,2014-11-30,1345,13,500 SCARLETT RD,,1.0,Mid-Block,No Control,Clear,Daylight,Wet,Non-Fatal Injury,Approaching,-79.5128,43.6861,November,Sunday
4003399258,Driver,45 to 49,4.0,"Automobile, Station Wagon",,,,2014,2014-11-30,1716,17,1240 WARDEN AVE,,1.0,Mid-Block,No Control,Clear,"Dark, artificial",Dry,Non-Fatal Injury,Approaching,-79.2967,43.7502,November,Sunday
4003399384,Driver,30 to 34,1.0,Pick Up Truck,,,,2014,2014-11-30,1702,17,203 FAYWOOD BLVD,,2.0,Mid-Block,No Control,Rain,"Dark, artificial",Wet,Non-Fatal Injury,Cyclist Collisions,-79.4492,43.7471,November,Sunday
4003405816,Driver,25 to 29,4.0,"Automobile, Station Wagon",,Yes,,2014,2014-12-01,1811,18,EGLINTON AVE E,HANNA RD,1.0,Intersection,Traffic Signal,Clear,"Dark, artificial",Dry,Non-Fatal Injury,Approaching,-79.3731,43.7118,December,Monday
4003410596,Driver,55 to 59,1.0,School Bus,,,,2014,2014-12-02,1335,13,CIVIC RD,SINNOTT RD,2.0,Intersection,Stop Sign,Clear,Daylight,Dry,Non-Fatal Injury,Pedestrian Collisions,-79.2803,43.7284,December,Tuesday
4003411081,Truck Driver,25 to 29,4.0,Truck - Dump,,,,2014,2014-12-02,1450,14,HIGHWAY 27  N,DIXON RD,1.0,Mid-Block,No Control,Rain,Daylight,Wet,Non-Fatal Injury,Turning Movement,-79.5824,43.6897,December,Tuesday
4003419867,Driver,20 to 24,3.0,Delivery Van,,,,2014,2014-12-03,2153,21,ALBION RD,THISTLE DOWN BLVD,1.0,Mid-Block,No Control,Clear,"Dark, artificial",Dry,Non-Fatal Injury,Approaching,-79.5598,43.7346,December,Wednesday
4003437550,Driver,55 to 59,4.0,"Automobile, Station Wagon",,,,2014,2014-12-06,1906,19,BRIMLEY RD,HUNTINGWOOD DR,1.0,Mid-Block,No Control,Clear,"Dark, artificial",Dry,Non-Fatal Injury,SMV Other,-79.2736,43.799,December,Saturday
4003439452,Driver,30 to 34,3.0,"Automobile, Station Wagon",Yes,,Yes,2014,2014-12-07,215,2,EGLINTON AVE E,PHARMACY AVE,1.0,Intersection,Traffic Signal,Clear,"Dark, artificial",Dry,Non-Fatal Injury,Turning Movement,-79.2975,43.7256,December,Sunday
4003465091,Driver,30 to 34,4.0,"Automobile, Station Wagon",,,,2014,2014-12-11,1100,11,SHEPPARD AVE E,DON MILLS RD,1.0,Mid-Block,No Control,Snow,Daylight,Packed Snow,Non-Fatal Injury,Sideswipe,-79.3518,43.774,December,Thursday
4003469913,Driver,60 to 64,1.0,,,,,2014,2014-12-12,720,7,STEELES AVE E,TOWNSEND RD,1.0,Intersection,Traffic Signal,Clear,Daylight,Wet,Non-Fatal Injury,Pedestrian Collisions,-79.3575,43.8119,December,Friday
4003482087,Driver,20 to 24,1.0,"Automobile, Station Wagon",,,,2014,2014-12-14,324,3,OSSINGTON AVE,DUNDAS ST W,1.0,Intersection,No Control,Clear,"Dark, artificial",Dry,Non-Fatal Injury,Pedestrian Collisions,-79.4207,43.6493,December,Sunday
4003487975,Driver,65 to 69,1.0,"Automobile, Station Wagon",,,,2014,2014-12-15,725,7,SUBWAY CRES,AUKLAND RD,2.0,Intersection,Stop Sign,Clear,"Dark, artificial",Wet,Non-Fatal Injury,Pedestrian Collisions,-79.537,43.6376,December,Monday
4003498144,Driver,50 to 54,1.0,"Automobile, Station Wagon",,,,2014,2014-12-16,1800,18,JARVIS ST,WELLESLEY ST E,1.0,Intersection,Traffic Signal,Rain,"Dark, artificial",Wet,Non-Fatal Injury,Pedestrian Collisions,-79.3783,43.6662,December,Tuesday
4003498374,Driver,50 to 54,1.0,"Automobile, Station Wagon",,,,2014,2014-12-16,1850,18,ST CLAIR AVE W,DUFFERIN ST,1.0,Intersection,Traffic Signal,Rain,"Dark, artificial",Wet,Non-Fatal Injury,Pedestrian Collisions,-79.443,43.6778,December,Tuesday
4003498466,Driver,45 to 49,1.0,"Automobile, Station Wagon",,,,2014,2014-12-16,1910,19,ALBION RD,RIVERDALE DR,1.0,Intersection,Traffic Signal,Rain,Dark,Wet,Non-Fatal Injury,Pedestrian Collisions,-79.5613,43.7353,December,Tuesday
4003506049,Driver,40 to 44,4.0,"Automobile, Station Wagon",,,,2014,2014-12-18,2,0,DUNDAS ST W,STERLING RD,3.0,Mid-Block,No Control,Clear,"Dark, artificial",Wet,Non-Fatal Injury,Approaching,-79.4439,43.6508,December,Thursday
4003516677,Driver,25 to 29,1.0,Municipal Transit Bus (TTC),,,,2014,2014-12-19,1740,17,FINCH AVE E,NEILSON RD,3.0,Intersection,Traffic Signal,Clear,Dark,Dry,Fatal,Pedestrian Collisions,-79.2275,43.8162,December,Friday
4003518072,Driver,45 to 49,1.0,"Automobile, Station Wagon",,,,2014,2014-12-19,2228,22,KIPLING AVE,FINCH AVE W,1.0,Mid-Block,No Control,Clear,Dark,Dry,Non-Fatal Injury,Pedestrian Collisions,-79.5827,43.7431,December,Friday
4003521992,Driver,55 to 59,1.0,"Automobile, Station Wagon",,,,2014,2014-12-20,1410,14,OSSINGTON AVE,BLOOR ST W,1.0,Intersection,No Control,Clear,Daylight,Dry,Non-Fatal Injury,Cyclist Collisions,-79.4256,43.6619,December,Saturday
4003523985,Driver,25 to 29,5.0,"Automobile, Station Wagon",,,,2014,2014-12-20,2308,23,BRIMLEY RD,DORCOT AVE,1.0,Intersection,Traffic Signal,Clear,"Dark, artificial",Dry,Non-Fatal Injury,Pedestrian Collisions,-79.2571,43.7588,December,Saturday
4003526196,Driver,60 to 64,4.0,"Automobile, Station Wagon",,,,2014,2014-12-21,1132,11,MARKHAM RD,BLAKEMANOR BLVD,1.0,Mid-Block,No Control,Clear,Daylight,Dry,Non-Fatal Injury,SMV Other,-79.223,43.7529,December,Sunday
4003527031,Driver,45 to 49,5.0,"Automobile, Station Wagon",,,,2014,2014-12-21,1437,14,BLOOR ST W,SHAW ST,1.0,Intersection,No Control,Clear,Daylight,Dry,Non-Fatal Injury,Pedestrian Collisions,-79.4232,43.6624,December,Sunday
4003538412,Driver,80 to 84,4.0,Passenger Van,,,,2014,2014-12-23,1447,14,FINCH AVE W,SENLAC RD,1.0,Mid-Block,No Control,Rain,Daylight,Wet,Non-Fatal Injury,SMV Other,-79.4293,43.7766,December,Tuesday
4003538995,Driver,80 to 84,1.0,"Automobile, Station Wagon",,,,2014,2014-12-23,1638,16,MOUNT PLEASANT RD,MERTON ST,1.0,Intersection,Traffic Signal,Rain,Dusk,Wet,Non-Fatal Injury,Pedestrian Collisions,-79.3864,43.6981,December,Tuesday
4003541767,Driver,55 to 59,1.0,"Automobile, Station Wagon",,,,2014,2014-12-24,635,6,FINCH AVE E,BRIDLETOWNE CRCL,1.0,Intersection,Traffic Signal,"Fog, Mist, Smoke, Dust","Dark, artificial",Wet,Non-Fatal Injury,Pedestrian Collisions,-79.3122,43.7973,December,Wednesday
4003544666,Driver,unknown,1.0,,,,,2014,2014-12-24,1800,18,ALTON TOWERS CRCL,INGLETON BLVD,2.0,Intersection,Pedestrian Crossover,Rain,"Dark, artificial",Wet,Non-Fatal Injury,Pedestrian Collisions,-79.2724,43.8229,December,Wednesday
4003549384,Driver,25 to 29,1.0,"Automobile, Station Wagon",,,,2014,2014-12-25,2150,21,MCCOWAN RD,STEELES AVE E,1.0,Intersection,Traffic Signal,Clear,"Dark, artificial",Dry,Non-Fatal Injury,Turning Movement,-79.2751,43.8309,December,Thursday
4003563376,Truck Driver,20 to 24,1.0,Truck (other),,,,2014,2014-12-28,1809,18,SHEPPARD AVE E,BRIDLEWOOD BLVD,1.0,Intersection,No Control,Clear,"Dark, artificial",Dry,Fatal,Pedestrian Collisions,-79.3154,43.777,December,Sunday