ACCNUM,INVTYPE,INVAGE,INJURY_ID,VEHTYPE,SPEEDING,REDLIGHT,ALCOHOL,YEAR,DATE,TIME,HOUR,STREET1,STREET2,ROAD_CLASS_ID,LOCCOORD,TRAFFCTL,VISIBILITY,LIGHT,RDSFCOND,ACCLASS,IMPACTYPE,Longitude,Latitude,Month,Day_of_Week
4003564717,Driver,40 to 44,1.0,"Automobile, Station Wagon",,,,2014,2014-12-29,22,0,KINGSTON RD,LAWSON RD,3.0,Intersection,Traffic Signal,Clear,"Dark, artificial",Dry,Non-Fatal Injury,Pedestrian Collisions,-79.1687,43.7845,December,Monday
4008007694,Driver,40 to 44,1.0,"Automobile, Station Wagon",,,,2014,2014-02-15,1245,12,HUNTINGWOOD DR,KENNEDY RD,3.0,Mid-Block,No Control,Clear,Daylight,Dry,Non-Fatal Injury,Turning Movement,-79.2925,43.7951,February,Saturday
4008009492,Driver,60 to 64,4.0,"Automobile, Station Wagon",,,,2014,2014-03-02,1320,13,BIRCHMOUNT RD,BONIS AVE,1.0,Intersection,Traffic Signal,Clear,Daylight,Wet,Non-Fatal Injury,Rear End,-79.2993,43.7835,March,Sunday
4008010046,Driver,50 to 54,4.0,"Automobile, Station Wagon",,,,2014,2014-03-05,1800,18,FINCH AVE E,BRIDLETOWNE CRCL,1.0,Intersection,Traffic Signal,Clear,"Dusk, artificial",Dry,Non-Fatal Injury,Rear End,-79.3193,43.7958,March,Wednesday
4008010238,Driver,60 to 64,4.0,"Automobile, Station Wagon",,,,2014,2014-03-07,650,6,DON VALLEY PARKWAY  S,LAWRENCE AVE E,,Mid-Block,No Control,Clear,Daylight,Dry,Non-Fatal Injury,Rear End,-79.3322,43.7402,March,Friday
4008024139,Driver,40 to 44,1.0,"Automobile, Station Wagon",,,,2014,2014-06-19,1600,16,STEELES AVE W,SHALE GT,1.0,Intersection,Traffic Signal,Clear,Daylight,Dry,Non-Fatal Injury,Cyclist Collisions,-79.4872,43.7832,June,Thursday
5000001915,Driver,20 to 24,4.0,"Automobile, Station Wagon",Yes,,,2015,2015-01-01,624,6,KEELE ST,COLVILLE RD,1.0,Intersection,No Control,Clear,"Dawn, artificial",Dry,Non-Fatal Injury,Approaching,-79.4774,43.7061,January,Thursday
5000006695,Driver,60 to 64,4.0,"Automobile, Station Wagon",,,,2015,2015-01-02,949,9,2211 ST CLAIR AVE W,,1.0,Intersection,No Control,Clear,Daylight,Dry,Non-Fatal Injury,Turning Movement,-79.4751,43.6708,January,Friday
5000009507,Driver,40 to 44,1.0,"Automobile, Station Wagon",,,,2015,2015-01-02,1830,18,BAYVIEW AVE,SHEPPARD AVE E,1.0,Intersection,Traffic Signal,Clear,"Dark, artificial",Dry,Non-Fatal Injury,Turning Movement,-79.388,43.7665,January,Friday
5000020238,Pedestrian,25 to 29,4.0,,,,,2015,2015-01-04,1904,19,BATHURST ST,COLLEGE ST,1.0,Mid-Block,Pedestrian Crossover,Snow,"Dark, artificial",Wet,Non-Fatal Injury,Pedestrian Collisions,-79.4082,43.6576,January,Sunday
5000022438,Driver,45 to 49,3.0,"Automobile, Station Wagon",,Yes,,2015,2015-01-05,747,7,DUFFERIN ST,STEEPROCK DR,1.0,Intersection,Traffic Signal,Clear,Daylight,Dry,Non-Fatal Injury,Turning Movement,-79.4651,43.761,January,Monday
5000047040,Driver,75 to 79,1.0,"Automobile, Station Wagon",,,,2014,2014-12-08,1700,17,MOUNT PLEASANT RD,MERTON ST,1.0,Intersection,Traffic Signal,Clear,"Dark, artificial",Dry,Non-Fatal Injury,Pedestrian Collisions,-79.3864,43.6981,December,Monday
5000051256,Driver,35 to 39,1.0,Street Car,,,,2015,2015-01-09,2148,21,SPADINA AVE,ST ANDREW ST,1.0,Intersection,Traffic Signal,Clear,"Dark, artificial",Wet,Non-Fatal Injury,Cyclist Collisions,-79.3986,43.6543,January,Friday
5000058130,Cyclist,25 to 29,4.0,Bicycle,,,,2015,2015-01-11,338,3,KINGSTON RD,WARDEN AVE,1.0,Intersection,Traffic Signal,Clear,"Dark, artificial",Dry,Non-Fatal Injury,Cyclist Collisions,-79.2709,43.6877,January,Sunday
5000058185,Driver,20 to 24,2.0,"Automobile, Station Wagon",Yes,,,2015,2015-01-11,353,3,477 BROADVIEW AVE,,3.0,Mid-Block,No Control,Clear,"Dark, artificial",Dry,Fatal,SMV Other,-79.3529,43.669,January,Sunday
5000131237,Driver,20 to 24,1.0,"Automobile, Station Wagon",,Yes,,2015,2015-01-23,352,3,KEELE ST,LAWRENCE AVE W,1.0,Intersection,Traffic Signal,Clear,"Dark, artificial",Dry,Non-Fatal Injury,Turning Movement,-79.478,43.7086,January,Friday
5000133972,Driver,55 to 59,1.0,"Automobile, Station Wagon",,,,2015,2015-01-23,1415,14,GLEBEMOUNT AVE,MORTIMER AVE,3.0,Intersection,Traffic Signal,Clear,Daylight,Dry,Non-Fatal Injury,Angle,-79.3206,43.6913,January,Friday
5000144020,Driver,40 to 44,1.0,Pick Up Truck,,,,2015,2015-01-25,756,7,COLLEGE ST,BROCK AVE,3.0,Intersection,Traffic Signal,Clear,Daylight,Dry,Fatal,Pedestrian Collisions,-79.4363,43.6518,January,Sunday
5000160956,Pedestrian,55 to 59,2.0,,,,,2015,2015-01-28,617,6,1792 BIRCHMOUNT RD,,1.0,Mid-Block,No Control,Clear,Dark,Dry,Fatal,Pedestrian Collisions,-79.2913,43.7654,January,Wednesday
5000163823,Driver,35 to 39,1.0,"Automobile, Station Wagon",,,,2015,2015-01-28,1450,14,MIDLAND AVE,SILVER STAR BLVD,1.0,Intersection,Traffic Signal,Clear,Daylight,Dry,Non-Fatal Injury,Pedestrian Collisions,-79.2887,43.807,January,Wednesday
5000177590,Driver,30 to 34,5.0,"Automobile, Station Wagon",,,,2015,2015-01-30,1920,19,DON VALLEY PARKWAY  S,LAWRENCE AVE E,,Mid-Block,No Control,Clear,"Dark, artificial",Dry,Non-Fatal Injury,Rear End,-79.3322,43.7402,January,Friday
5000193520,Driver,30 to 34,1.0,"Automobile, Station Wagon",,,,2015,2015-01-18,1130,11,ALBERTUS AVE,YONGE ST,1.0,Mid-Block,No Control,Clear,Daylight,Wet,Non-Fatal Injury,Pedestrian Collisions,-79.4,43.7145,January,Sunday
5000204308,Driver,unknown,1.0,"Automobile, Station Wagon",,,,2015,2015-01-26,400,4,SOUTH STATION ST,LAWRENCE AVE W,4.0,Mid-Block,No Control,Clear,Dark,Dry,Non-Fatal Injury,Pedestrian Collisions,-79.5156,43.7009,January,Monday
5000207057,Driver,30 to 34,4.0,Delivery Van,,,,2015,2015-02-04,1838,18,273 MANNING AVE,,4.0,Mid-Block,No Control,Snow,"Dark, artificial",Packed Snow,Non-Fatal Injury,SMV Other,-79.4114,43.6525,February,Wednesday
5000212905,Driver,40 to 44,1.0,"Automobile, Station Wagon",,,,2015,2015-02-05,1701,17,750 DANFORTH RD,,1.0,Mid-Block,No Control,Clear,"Daylight, artificial",Wet,Fatal,Pedestrian Collisions,-79.2574,43.7204,February,Thursday
5000220860,Driver,20 to 24,4.0,"Automobile, Station Wagon",Yes,Yes,,2015,2015-02-06,2231,22,TRANSIT RD,WILLIAM R ALLEN RD S,1.0,Intersection,Traffic Signal,Clear,"Dark, artificial",Dry,Non-Fatal Injury,Turning Movement,-79.4542,43.7418,February,Friday
5000221204,Driver,45 to 49,1.0,Municipal Transit Bus (TTC),,,,2015,2015-02-07,7,0,TANGIERS RD,FINCH AVE W,1.0,Mid-Block,No Control,Clear,"Dark, artificial",Wet,Non-Fatal Injury,Other,-79.4908,43.7626,February,Saturday
5000232686,Driver,50 to 54,1.0,"Automobile, Station Wagon",,,,2015,2015-02-09,617,6,JONES AVE,HAZELWOOD AVE,3.0,Intersection,Pedestrian Crossover,Clear,"Dark, artificial",Wet,Non-Fatal Injury,Pedestrian Collisions,-79.3398,43.679,February,Monday
5000260881,Driver,45 to 49,1.0,Municipal Transit Bus (TTC),,,,2015,2015-02-13,1516,15,ROYAL YORK RD,MANITOBA ST,3.0,Intersection,No Control,Other,Daylight,Other,Fatal,Other,-79.5006,43.6215,February,Friday
5000264661,Driver,55 to 59,4.0,Passenger Van,,,,2015,2015-02-14,903,9,MCNICOLL AVE,BRAMBLEBROOK AVE,3.0,Mid-Block,No Control,Snow,Daylight,Wet,Non-Fatal Injury,Approaching,-79.2882,43.814,February,Saturday
5000275153,Driver,35 to 39,1.0,"Automobile, Station Wagon",,Yes,,2015,2015-02-16,644,6,KENNEDY RD,MCNICOLL AVE,1.0,Intersection,Traffic Signal,Clear,Dawn,Dry,Fatal,Pedestrian Collisions,-79.3019,43.8121,February,Monday
5000276965,Driver,50 to 54,1.0,"Automobile, Station Wagon",,,,2015,2015-02-16,1410,14,2609 EGLINTON AVE W,,1.0,Intersection,No Control,Clear,Daylight,Dry,Non-Fatal Injury,Pedestrian Collisions,-79.475,43.6901,February,Monday
5000286208,Driver,30 to 34,1.0,"Automobile, Station Wagon",Yes,,,2015,2015-02-18,104,1,SHERBOURNE ST,DUNDAS ST E,3.0,Mid-Block,No Control,Clear,"Dark, artificial",Wet,Fatal,Pedestrian Collisions,-79.3707,43.6577,February,Wednesday
5000296206,Driver,35 to 39,1.0,"Automobile, Station Wagon",,,,2015,2015-02-19,1610,16,BATHURST ST,RICHMOND ST W,1.0,Intersection,Traffic Signal,Clear,Daylight,Dry,Non-Fatal Injury,Pedestrian Collisions,-79.4037,43.6464,February,Thursday
5000304693,Driver,45 to 49,1.0,"Automobile, Station Wagon",,,,2015,2015-02-21,45,0,MCCOWAN RD,TOWN CENTRE CRT,1.0,Intersection,Traffic Signal,Clear,"Dark, artificial",Dry,Non-Fatal Injury,Pedestrian Collisions,-79.2522,43.7745,February,Saturday
5000324381,Driver,30 to 34,1.0,"Automobile, Station Wagon",,,,2015,2015-02-24,1327,13,BLEECKER ST,WELLESLEY ST E,3.0,Intersection,Stop Sign,Clear,Daylight,Wet,Non-Fatal Injury,Pedestrian Collisions,-79.3737,43.6672,February,Tuesday
5000325366,Driver,70 to 74,4.0,"Automobile, Station Wagon",,,,2015,2015-02-24,1602,16,SANDHURST CRCL,EXCHEQUER PL,2.0,Intersection,No Control,Clear,Daylight,Dry,Non-Fatal Injury,Approaching,-79.2625,43.8078,February,Tuesday
5000359442,Truck Driver,20 to 24,4.0,"Truck - Closed (Blazer, etc)",,,,2015,2015-03-02,1104,11,MARKHAM RD,PROGRESS AVE,1.0,Mid-Block,No Control,Clear,Daylight,Dry,Non-Fatal Injury,Pedestrian Collisions,-79.2334,43.7807,March,Monday
5000374256,Pedestrian,60 to 64,2.0,,,,,2015,2015-03-04,1639,16,FINCH AVE E,MARKHAM RD,1.0,Intersection,Traffic Signal,Clear,Daylight,Dry,Fatal,Pedestrian Collisions,-79.243,43.8129,March,Wednesday
5000374925,Driver,35 to 39,1.0,"Automobile, Station Wagon",,,,2015,2015-03-04,1855,18,FINCH AVE E,SENECA HILL DR,1.0,Intersection,Traffic Signal,Snow,"Dark, artificial",Wet,Non-Fatal Injury,Pedestrian Collisions,-79.3503,43.7935,March,Wednesday
5000375108,Driver,40 to 44,1.0,"Automobile, Station Wagon",,,,2015,2015-03-04,1935,19,MILLWICK DR,PLUNKETT RD,3.0,Intersection,Traffic Signal,Clear,"Dark, artificial",Dry,Fatal,Pedestrian Collisions,-79.57,43.7604,March,Wednesday
5000406927,Pedestrian,85 to 89,2.0,,,,,2015,2015-03-10,645,6,452 MORTIMER AVE,,3.0,Intersection,No Control,Clear,"Dawn, artificial",Wet,Fatal,Pedestrian Collisions,-79.3327,43.6892,March,Tuesday
5000407299,Driver,30 to 34,1.0,"Automobile, Station Wagon",,,,2015,2015-03-10,820,8,WARDEN AVE,CONTINENTAL PL,1.0,Intersection,No Control,Clear,Daylight,Dry,Non-Fatal Injury,Pedestrian Collisions,-79.3012,43.7634,March,Tuesday
5000415270,Driver,75 to 79,1.0,"Automobile, Station Wagon",,,,2015,2015-03-11,1240,12,3157 BAYVIEW AVE,,1.0,Intersection,No Control,Clear,Daylight,Dry,Non-Fatal Injury,Rear End,-79.3916,43.7828,March,Wednesday
5000415624,Motorcycle Driver,45 to 49,4.0,Motorcycle,,,,2015,2015-03-11,1331,13,DON VALLEY PARKWAY  S,YORK MILLS RD,,Mid-Block,No Control,Clear,Daylight,Dry,Non-Fatal Injury,Rear End,-79.3367,43.7617,March,Wednesday
5000422593,Driver,45 to 49,1.0,Municipal Transit Bus (TTC),,,,2015,2015-03-12,1515,15,1570 LAWRENCE AVE W,,1.0,Mid-Block,No Control,Clear,Daylight,Dry,Non-Fatal Injury,Other,-79.4876,43.7062,March,Thursday
5000423922,Driver,20 to 24,1.0,"Automobile, Station Wagon",,,,2015,2015-03-12,1930,19,FALMOUTH AVE,EGLINTON AVE E,1.0,Intersection,Traffic Signal,Clear,"Dark, artificial",Dry,Non-Fatal Injury,Pedestrian Collisions,-79.2531,43.7355,March,Thursday
5000439931,Driver,50 to 54,1.0,"Automobile, Station Wagon",,,,2015,2015-03-15,1445,14,BLOOR ST W,PARKSIDE DR,1.0,Intersection,Traffic Signal,Clear,Daylight,Dry,Non-Fatal Injury,Turning Movement,-79.46,43.6546,March,Sunday
5000452654,Driver,35 to 39,4.0,"Automobile, Station Wagon",,,,2015,2015-03-17,1737,17,BATHURST ST,CARPENTER RD,1.0,Mid-Block,No Control,Clear,Daylight,Dry,Non-Fatal Injury,Approaching,-79.4462,43.7894,March,Tuesday
5000456484,Driver,65 to 69,1.0,"Automobile, Station Wagon",,,,2015,2015-03-18,1050,10,LAWRENCE AVE W,KEELE ST,1.0,Mid-Block,No Control,Clear,Daylight,Dry,Non-Fatal Injury,Pedestrian Collisions,-79.4791,43.7082,March,Wednesday
5000466893,Pedestrian,85 to 89,2.0,,,,,2015,2015-03-20,58,0,262 TORRENS AVE,,4.0,Mid-Block,No Control,Clear,Dark,Dry,Fatal,Pedestrian Collisions,-79.3435,43.6925,March,Friday
5000471839,Driver,25 to 29,1.0,Street Car,,,,2015,2015-03-20,2010,20,ST CLAIR AVE W,ARLINGTON AVE,1.0,Intersection,Traffic Signal,Clear,"Dark, artificial",Dry,Fatal,Pedestrian Collisions,-79.4288,43.681,March,Friday
5000471900,Driver,55 to 59,1.0,"Automobile, Station Wagon",,,,2015,2015-03-20,2020,20,KING ST W,TYNDALL AVE,1.0,Intersection,Stop Sign,Clear,"Dark, artificial",Dry,Non-Fatal Injury,Cyclist Collisions,-79.4291,43.6385,March,Friday
5000486236,Cyclist,15 to 19,4.0,Bicycle,,,,2015,2015-03-23,1100,11,HOMEWOOD AVENUE,MAITLAND PLACE,2.0,Intersection,Stop Sign,Clear,Daylight,Dry,Non-Fatal Injury,Cyclist Collisions,-79.3755,43.6657,March,Monday
5000513349,Driver,55 to 59,1.0,Municipal Transit Bus (TTC),,,,2015,2015-03-27,1950,19,EGLINTON AVE E,PHARMACY AVE,1.0,Intersection,No Control,Clear,"Dark, artificial",Dry,Non-Fatal Injury,Other,-79.2975,43.7256,March,Friday
5000513611,Driver,60 to 64,1.0,"Automobile, Station Wagon",,,,2015,2015-03-27,2053,20,EGLINTON AVE E,VICTORIA PARK AVE,1.0,Intersection,No Control,Clear,"Dark, artificial",Dry,Fatal,Pedestrian Collisions,-79.3026,43.7247,March,Friday
5000516977,Motorcycle Driver,20 to 24,4.0,Motorcycle,,,,2015,2015-03-28,1238,12,JANE ST,MAPLE LEAF DR,1.0,Mid-Block,No Control,Clear,Daylight,Dry,Non-Fatal Injury,Sideswipe,-79.5054,43.7087,March,Saturday
5000516992,Driver,30 to 34,1.0,"Automobile, Station Wagon",,,,2015,2015-03-28,1240,12,REINER RD,WILSON HEIGHTS BLVD,3.0,Intersection,Traffic Signal,Clear,Daylight,Dry,Fatal,Pedestrian Collisions,-79.4548,43.7486,March,Saturday
5000518760,Driver,unknown,1.0,"Automobile, Station Wagon",,,,2015,2015-03-19,1645,16,6212 YONGE ST,,1.0,Mid-Block,No Control,Clear,Daylight,Dry,Fatal,Pedestrian Collisions,-79.4192,43.7946,March,Thursday
5000526787,Driver,35 to 39,4.0,"Automobile, Station Wagon",,,,2015,2015-03-30,815,8,WARDEN AVE,MCNICOLL AVE,1.0,Mid-Block,No Control,Clear,Daylight,Wet,Non-Fatal Injury,SMV Other,-79.3207,43.8056,March,Monday
5000528249,Driver,65 to 69,4.0,Delivery Van,,,,2015,2015-03-30,1235,12,70 BEAUMONDE HEIGHTS DR,,4.0,Mid-Block,No Control,Clear,Daylight,Dry,Non-Fatal Injury,SMV Other,-79.569,43.7432,March,Monday
5000542079,Driver,15 to 19,3.0,"Automobile, Station Wagon",,,,2015,2015-04-01,1615,16,ISLINGTON AVE,AYLESBURY RD,1.0,Intersection,No Control,Clear,Daylight,Dry,Non-Fatal Injury,Rear End,-79.5329,43.6663,April,Wednesday
5000543987,Motorcycle Driver,unknown,2.0,Motorcycle,Yes,,,2015,2015-04-01,2308,23,F G GARDINER XY  W,STRACHAN AVE,,Mid-Block,No Control,Clear,"Dark, artificial",Dry,Fatal,SMV Other,-79.4121,43.6374,April,Wednesday
5000549380,Driver,20 to 24,1.0,"Automobile, Station Wagon",,Yes,,2015,2015-04-02,1951,19,DON MILLS RD,LEITH HILL RD,1.0,Intersection,Traffic Signal,Rain,"Dark, artificial",Wet,Non-Fatal Injury,Pedestrian Collisions,-79.3478,43.7771,April,Thursday
5000552062,Driver,65 to 69,1.0,"Automobile, Station Wagon",,,,2015,2015-04-03,950,9,VICTORIA PARK AVE,COMBERMERE DR,1.0,Intersection,No Control,Clear,Daylight,Dry,Non-Fatal Injury,Rear End,-79.3145,43.7559,April,Friday
5000553836,Driver,unknown,1.0,,,,,2015,2015-04-03,1626,16,3231 EGLINTON AVE E,,1.0,Mid-Block,No Control,Clear,Daylight,Dry,Non-Fatal Injury,Sideswipe,-79.214,43.7442,April,Friday
5000560313,Driver,35 to 39,1.0,Street Car,,,,2015,2015-04-04,2010,20,BROADVIEW AVE,GERRARD ST E,3.0,Mid-Block,No Control,Rain,"Dark, artificial",Wet,Fatal,Pedestrian Collisions,-79.3527,43.6658,April,Saturday
5000560374,Driver,70 to 74,1.0,"Automobile, Station Wagon",,,,2015,2015-04-04,2028,20,JANE ST,EAST DR,1.0,Intersection,Traffic Signal,Snow,"Dark, artificial",Wet,Non-Fatal Injury,Pedestrian Collisions,-79.4968,43.6789,April,Saturday
5000563919,Driver,unknown,1.0,,,,,2015,2015-04-05,1433,14,DON VALLEY PARKWAY  S,SPANBRIDGE,,Mid-Block,No Control,Clear,Daylight,Dry,Non-Fatal Injury,Sideswipe,-79.3265,43.7116,April,Sunday
5000573038,Driver,45 to 49,1.0,"Automobile, Station Wagon",,,,2015,2015-04-07,944,9,THELMA AVE,SPADINA RD,3.0,Intersection,Stop Sign,Clear,Daylight,Dry,Non-Fatal Injury,Pedestrian Collisions,-79.4129,43.6894,April,Tuesday
5000580621,Driver,65 to 69,1.0,"Automobile, Station Wagon",,,,2015,2015-04-08,1427,14,APEX RD,LAWRENCE AVE W,1.0,Intersection,Traffic Signal,Rain,Daylight,Wet,Non-Fatal Injury,Pedestrian Collisions,-79.4585,43.7132,April,Wednesday
5000589583,Driver,40 to 44,1.0,"Automobile, Station Wagon",,Yes,,2015,2015-04-10,304,3,KENNEDY RD,EGLINTON AVE E,1.0,Intersection,Traffic Signal,Rain,"Dark, artificial",Wet,Non-Fatal Injury,Angle,-79.2679,43.7321,April,Friday
5000591639,Driver,80 to 84,1.0,"Automobile, Station Wagon",,,,2015,2015-04-10,1154,11,DAWES RD,DANFORTH AVE,1.0,Intersection,No Control,Clear,Daylight,Dry,Non-Fatal Injury,Pedestrian Collisions,-79.2967,43.6892,April,Friday
5000611703,Driver,85 to 89,2.0,"Automobile, Station Wagon",,,,2015,2015-04-13,1734,17,WILSON AVE,WILLIAM CRAGG DR,1.0,Mid-Block,No Control,Clear,Daylight,Dry,Fatal,Rear End,-79.4998,43.7226,April,Monday
5000613755,Driver,35 to 39,,"Automobile, Station Wagon",,,,2015,2015-04-14,115,1,7 INVERLEIGH DR,,4.0,Mid-Block,No Control,Clear,"Dark, artificial",Dry,Non-Fatal Injury,Pedestrian Collisions,-79.4951,43.6259,April,Tuesday
5000620916,Driver,25 to 29,1.0,"Automobile, Station Wagon",,,,2015,2015-04-15,658,6,FINCH AVE W,ARROW RD,1.0,Mid-Block,No Control,Clear,Daylight,Dry,Non-Fatal Injury,Rear End,-79.5349,43.7535,April,Wednesday
5000630061,Driver,85 to 89,1.0,"Automobile, Station Wagon",,,,2015,2015-04-16,1540,15,LAKE SHORE BLVD E,LOWER JARVIS ST,1.0,Intersection,Traffic Signal,Clear,Daylight,Dry,Non-Fatal Injury,Turning Movement,-79.3698,43.6455,April,Thursday
5000643015,Driver,55 to 59,4.0,"Automobile, Station Wagon",Yes,,,2015,2015-04-18,1724,17,BYNG AVE,DORIS AVE,3.0,Intersection,Traffic Signal,Clear,Daylight,Dry,Non-Fatal Injury,Turning Movement,-79.4131,43.7769,April,Saturday
5000653521,Driver,15 to 19,1.0,"Automobile, Station Wagon",,,,2015,2015-04-20,1405,14,1159 DUNDAS ST E,,3.0,Mid-Block,No Control,Clear,Daylight,Dry,Fatal,Pedestrian Collisions,-79.3423,43.6644,April,Monday
5000656009,Driver,35 to 39,4.0,Passenger Van,Yes,,Yes,2015,2015-04-20,2123,21,FINCH AVE E,WAYSIDE AVE,1.0,Intersection,Traffic Signal,Clear,"Dark, artificial",Dry,Non-Fatal Injury,Rear End,-79.2996,43.8005,April,Monday
5000663068,Driver,45 to 49,4.0,"Automobile, Station Wagon",,,,2015,2015-04-22,100,1,KINGSTON RD,COLUMBINE AVE,1.0,Intersection,No Control,Rain,Dark,Wet,Non-Fatal Injury,SMV Unattended Vehicle,-79.3103,43.6714,April,Wednesday
5000666173,Driver,20 to 24,5.0,"Automobile, Station Wagon",Yes,,,2015,2015-04-22,1402,14,3 RAINIER SQ,,4.0,Intersection,Stop Sign,Clear,Daylight,Dry,Non-Fatal Injury,SMV Other,-79.303,43.7942,April,Wednesday
5000667325,Driver,40 to 44,1.0,Passenger Van,,,,2015,2015-04-22,1715,17,130 TORYORK DR,,2.0,Mid-Block,No Control,Clear,Daylight,Dry,Non-Fatal Injury,Rear End,-79.553,43.7572,April,Wednesday
5000669908,Driver,60 to 64,1.0,"Automobile, Station Wagon",,,,2015,2015-04-23,648,6,NEILSON RD,CROW TRL,3.0,Intersection,Traffic Signal,Clear,Daylight,Dry,Non-Fatal Injury,Pedestrian Collisions,-79.2257,43.8122,April,Thursday
5000670962,Driver,85 to 89,1.0,"Automobile, Station Wagon",,,,2015,2015-04-23,1018,10,VICTORIA PARK AVE,ST CLAIR AVE E,1.0,Intersection,Traffic Controller,Clear,Daylight,Dry,Non-Fatal Injury,Pedestrian Collisions,-79.2959,43.7087,April,Thursday
5000678140,Driver,60 to 64,1.0,"Automobile, Station Wagon",,,,2015,2015-04-24,1256,12,BROADVIEW AVE,DEARBOURNE AVE,3.0,Intersection,Stop Sign,Clear,Daylight,Dry,Non-Fatal Injury,Pedestrian Collisions,-79.358,43.6753,April,Friday
5000679922,Passenger,15 to 19,4.0,,Yes,,,2015,2015-04-24,1804,18,HUPFIELD TRL,GLANVIL CRES,2.0,Intersection,No Control,Clear,Daylight,Dry,Non-Fatal Injury,SMV Other,-79.2196,43.8139,April,Friday
5000679960,Driver,25 to 29,4.0,Off Road - 2 Wheels,Yes,,,2015,2015-04-24,1810,18,BROOKBANKS DR,UNDERHILL DR,2.0,Mid-Block,No Control,Clear,Daylight,Dry,Non-Fatal Injury,SMV Other,-79.3287,43.7528,April,Friday
5000693331,Driver,15 to 19,5.0,"Automobile, Station Wagon",,,,2015,2015-04-27,0,0,MCCOWAN RD,FINCH AVE E,1.0,Intersection,Traffic Signal,Clear,Dark,Dry,Non-Fatal Injury,Turning Movement,-79.2664,43.808,April,Monday
5000706229,Driver,55 to 59,1.0,Passenger Van,,,,2015,2015-04-29,40,0,MARTIN GROVE RD,DIXON RD,1.0,Intersection,Traffic Signal,Clear,"Dark, artificial",Dry,Non-Fatal Injury,Pedestrian Collisions,-79.5708,43.6915,April,Wednesday
5000716436,Driver,40 to 44,5.0,"Automobile, Station Wagon",,,,2015,2015-04-30,1637,16,2628 MCCOWAN RD,,1.0,Mid-Block,No Control,Clear,Daylight,Dry,Non-Fatal Injury,Approaching,-79.2661,43.8071,April,Thursday
5000746528,Driver,40 to 44,1.0,"Automobile, Station Wagon",,,,2015,2015-05-05,1341,13,3833 MCNICOLL AVE,,3.0,Mid-Block,No Control,Clear,Daylight,Dry,Non-Fatal Injury,Turning Movement,-79.2382,43.8265,May,Tuesday
5000754325,Motorcycle Driver,45 to 49,4.0,Motorcycle,,Yes,,2015,2015-05-06,1649,16,LAWRENCE AVE W,BRUCEWOOD CRES,1.0,Intersection,Traffic Signal,Clear,Daylight,Dry,Non-Fatal Injury,Turning Movement,-79.4329,43.7184,May,Wednesday
5000756531,Motorcycle Passenger,20 to 24,4.0,,Yes,,,2015,2015-05-07,100,1,ROSEDALE VALLEY RD,BAYVIEW AVE,3.0,Mid-Block,No Control,Clear,"Dark, artificial",Dry,Fatal,SMV Other,-79.3658,43.6716,May,Thursday
5000756568,Motorcycle Passenger,20 to 24,4.0,,Yes,,,2015,2015-05-07,115,1,ROSEDALE VALLEY RD,BAYVIEW AVE,3.0,Mid-Block,No Control,Clear,"Dark, artificial",Dry,Non-Fatal Injury,SMV Other,-79.3644,43.6711,May,Thursday
5000760761,Driver,25 to 29,1.0,"Automobile, Station Wagon",,,,2015,2015-05-07,1631,16,MARKHAM RD,GREENCREST CRCT,1.0,Intersection,Traffic Signal,Clear,Daylight,Dry,Non-Fatal Injury,Pedestrian Collisions,-79.2246,43.7577,May,Thursday
5000777885,Driver,50 to 54,1.0,Pick Up Truck,,,,2013,2013-12-03,700,7,SCARLETT RD,LAWRENCE AV W,1.0,Intersection,Traffic Signal,Clear,Daylight,Dry,Non-Fatal Injury,Pedestrian Collisions,-79.5232,43.6981,December,Tuesday
5000778695,Driver,50 to 54,1.0,"Automobile, Station Wagon",,,,2015,2015-05-10,1058,10,DON VALLEY PARKWAY  S,LEASIDE BDGE,,Mid-Block,No Control,Clear,Daylight,Dry,Non-Fatal Injury,Pedestrian Collisions,-79.3484,43.6979,May,Sunday
5000780857,Cyclist,60 to 64,4.0,Bicycle,,,,2015,2015-05-10,1830,18,50 CARLTON ST,,1.0,Mid-Block,No Control,Clear,Daylight,Dry,Non-Fatal Injury,Cyclist Collisions,-79.3801,43.6616,May,Sunday
5000789698,Driver,55 to 59,4.0,"Automobile, Station Wagon",Yes,,,2015,2015-05-12,735,7,25 RACINE RD,,2.0,Mid-Block,No Control,Clear,Daylight,Dry,Non-Fatal Injury,Turning Movement,-79.575,43.7157,May,Tuesday
5000800766,Driver,80 to 84,1.0,"Automobile, Station Wagon",,,,2015,2015-05-13,2208,22,DANFORTH RD,BRIMLEY RD,1.0,Intersection,Traffic Signal,Clear,Dark,Dry,Fatal,Pedestrian Collisions,-79.2473,43.7351,May,Wednesday