ACCNUM,INVTYPE,INVAGE,INJURY_ID,VEHTYPE,SPEEDING,REDLIGHT,ALCOHOL,YEAR,DATE,TIME,HOUR,STREET1,STREET2,ROAD_CLASS_ID,LOCCOORD,TRAFFCTL,VISIBILITY,LIGHT,RDSFCOND,ACCLASS,IMPACTYPE,Longitude,Latitude,Month,Day_of_Week
5000804946,Driver,45 to 49,1.0,"Automobile, Station Wagon",,,,2015,2015-05-14,1538,15,DUNVEGAN RD,ST CLAIR AVE W,4.0,Mid-Block,No Control,Clear,Daylight,Dry,Non-Fatal Injury,Cyclist Collisions,-79.405,43.6867,May,Thursday
5000805635,Driver,45 to 49,1.0,"Automobile, Station Wagon",,,,2015,2015-05-14,1730,17,GERRARD ST E,GREENWOOD AVE,3.0,Intersection,Traffic Signal,Clear,Daylight,Dry,Non-Fatal Injury,Turning Movement,-79.328,43.6709,May,Thursday
5000811243,Driver,15 to 19,1.0,"Automobile, Station Wagon",,,,2015,2015-05-15,1535,15,MORTIMER AVE,GLEBEMOUNT AVE,3.0,Intersection,Stop Sign,Clear,Daylight,Wet,Non-Fatal Injury,Angle,-79.3206,43.6914,May,Friday
5000814166,Driver,20 to 24,1.0,"Automobile, Station Wagon",,,,2015,2015-05-16,211,2,755 QUEEN ST E,,3.0,Mid-Block,No Control,Clear,"Dark, artificial",Dry,Non-Fatal Injury,Pedestrian Collisions,-79.3479,43.6592,May,Saturday
5000814405,Driver,65 to 69,1.0,"Automobile, Station Wagon",,,,2015,2015-05-16,325,3,BLOOR ST W,INDIAN GRV,1.0,Mid-Block,No Control,Clear,"Dark, artificial",Dry,Fatal,Pedestrian Collisions,-79.4578,43.6551,May,Saturday
5000832268,Cyclist,75 to 79,2.0,Bicycle,,,,2015,2015-05-19,823,8,ROXBOROUGH ST E,WRENTHAM PL,2.0,Intersection,Stop Sign,Clear,"Daylight, artificial",Dry,Fatal,Cyclist Collisions,-79.3823,43.6794,May,Tuesday
5000838309,Driver,40 to 44,3.0,"Automobile, Station Wagon",,,,2015,2015-05-20,600,6,JANE ST,STEELES AVE W,1.0,Intersection,Traffic Signal,Clear,Daylight,Dry,Non-Fatal Injury,SMV Other,-79.5216,43.7754,May,Wednesday
5000841080,Driver,35 to 39,1.0,"Automobile, Station Wagon",,,,2015,2015-05-20,1453,14,HIGH PARK AVE,ANNETTE ST,3.0,Intersection,Traffic Signal,Clear,Daylight,Dry,Non-Fatal Injury,Pedestrian Collisions,-79.4692,43.6628,May,Wednesday
5000847589,Driver,45 to 49,1.0,"Automobile, Station Wagon",,,,2015,2015-05-21,1514,15,GLEN WATFORD DR,RURAL AVE,2.0,Intersection,Stop Sign,Clear,Daylight,Dry,Non-Fatal Injury,Pedestrian Collisions,-79.2763,43.7877,May,Thursday
5000851624,Driver,25 to 29,1.0,"Automobile, Station Wagon",,,,2015,2015-05-22,822,8,DON MILLS RD,GREEN BELT DR,1.0,Intersection,Traffic Signal,Clear,Daylight,Dry,Fatal,Pedestrian Collisions,-79.3408,43.7276,May,Friday
5000852729,Driver,35 to 39,1.0,"Automobile, Station Wagon",,,,2015,2015-05-22,1115,11,DANFORTH AVE,FERRIER AVE,1.0,Intersection,No Control,Clear,Daylight,Dry,Non-Fatal Injury,Rear End,-79.3482,43.6781,May,Friday
5000858647,Driver,50 to 54,1.0,"Automobile, Station Wagon",,,,2015,2015-05-23,1030,10,MARINE PARADE DR,PARK LAWN RD,1.0,Intersection,Traffic Signal,Clear,Daylight,Dry,Non-Fatal Injury,Cyclist Collisions,-79.4811,43.6229,May,Saturday
5000859369,Cyclist,35 to 39,4.0,Bicycle,,,,2015,2015-05-21,2255,22,YONGE ST,FRONT ST E,1.0,Intersection,Traffic Signal,Clear,"Dark, artificial",Dry,Non-Fatal Injury,Cyclist Collisions,-79.3769,43.6468,May,Thursday
5000865695,Motorcycle Driver,25 to 29,4.0,Motorcycle,,,,2015,2015-05-24,1413,14,BATHURST ST,ULSTER ST,1.0,Intersection,Traffic Signal,Clear,Daylight,Other,Non-Fatal Injury,SMV Other,-79.409,43.6597,May,Sunday
5000873570,Driver,55 to 59,1.0,"Automobile, Station Wagon",,,,2015,2015-05-25,1828,18,MORNINGSIDE AVE,SHEPPARD AVE E,1.0,Intersection,Traffic Signal,Clear,Daylight,Dry,Non-Fatal Injury,Turning Movement,-79.1997,43.8019,May,Monday
5000879931,Driver,60 to 64,5.0,"Automobile, Station Wagon",,Yes,,2015,2015-05-26,1855,18,ST CLAIR AVE E,O CONNOR DR,1.0,Intersection,Traffic Signal,Clear,Daylight,Dry,Non-Fatal Injury,Pedestrian Collisions,-79.3128,43.7053,May,Tuesday
5000887145,Driver,15 to 19,2.0,"Automobile, Station Wagon",,,,2015,2015-05-27,2120,21,TANGAMO RD,MOFORD CRES,4.0,Intersection,Stop Sign,Clear,"Dark, artificial",Dry,Fatal,SMV Other,-79.5594,43.6904,May,Wednesday
5000891503,Cyclist,45 to 49,4.0,Bicycle,,,,2015,2015-05-28,1420,14,BATHURST ST,FRONT ST W,1.0,Mid-Block,No Control,Clear,Daylight,Dry,Non-Fatal Injury,Cyclist Collisions,-79.4016,43.6412,May,Thursday
5000897044,Driver,40 to 44,4.0,"Automobile, Station Wagon",,,,2015,2015-05-29,1109,11,169 KINGSLAKE RD,,2.0,Intersection,No Control,Clear,Daylight,Dry,Non-Fatal Injury,Other,-79.3437,43.7892,May,Friday
5000897486,Driver,20 to 24,1.0,"Automobile, Station Wagon",,,,2015,2015-05-29,1230,12,THE QUEENSWAY,VIBE RD,1.0,Intersection,No Control,Clear,Daylight,Dry,Non-Fatal Injury,Angle,-79.5234,43.6216,May,Friday
5000898741,Truck Driver,60 to 64,1.0,Truck - Dump,,,,2015,2015-05-29,1621,16,LAKE SHORE BLVD E,LESLIE ST,1.0,Mid-Block,No Control,Clear,Daylight,Dry,Non-Fatal Injury,Rear End,-79.3314,43.6578,May,Friday
5000901118,Cyclist,50 to 54,4.0,Bicycle,,,,2015,2015-05-30,2,0,DUNDAS ST W,EDNA AVE,3.0,Intersection,No Control,Clear,"Dark, artificial",Dry,Non-Fatal Injury,Cyclist Collisions,-79.4526,43.6572,May,Saturday
5000907993,Pedestrian,50 to 54,4.0,,,,,2015,2015-05-31,241,2,YONGE ST,SHEPPARD AVE W,1.0,Intersection,Traffic Signal,Rain,"Dark, artificial",Wet,Non-Fatal Injury,Pedestrian Collisions,-79.4109,43.7615,May,Sunday
5000912141,Driver,unknown,1.0,"Automobile, Station Wagon",Yes,,,2015,2015-05-31,2104,21,BLOOR ST W,WESTMORELAND AVE,1.0,Intersection,No Control,Rain,Dusk,Wet,Fatal,Pedestrian Collisions,-79.4304,43.6609,May,Sunday
5000922282,Driver,80 to 84,3.0,"Automobile, Station Wagon",,,,2015,2015-06-02,1233,12,LAWRENCE AVE E,MCCOWAN RD,1.0,Intersection,Traffic Signal,Clear,Daylight,Dry,Fatal,Pedestrian Collisions,-79.2454,43.7555,June,Tuesday
5000924528,Driver,75 to 79,1.0,"Automobile, Station Wagon",,,,2015,2015-06-02,1854,18,SPENVALLEY DR,ARLETA AVE,2.0,Intersection,Stop Sign,Clear,Daylight,Dry,Non-Fatal Injury,Pedestrian Collisions,-79.5014,43.7436,June,Tuesday
5000926071,Driver,35 to 39,4.0,"Automobile, Station Wagon",Yes,,,2015,2015-06-03,51,0,BAYVIEW AVE,BOWAN CRT,1.0,Intersection,Stop Sign,Clear,"Dark, artificial",Dry,Non-Fatal Injury,Turning Movement,-79.3941,43.795,June,Wednesday
5000931328,Pedestrian,25 to 29,4.0,,,,,2015,2015-06-03,2001,20,BRIMLEY RD,EGLINTON AVE E,1.0,Intersection,Traffic Signal,Clear,"Dawn, artificial",Dry,Non-Fatal Injury,Pedestrian Collisions,-79.248,43.7366,June,Wednesday
5000932642,Driver,35 to 39,4.0,"Automobile, Station Wagon",,,,2015,2015-06-04,242,2,MARKHAM RD,LAWRENCE AVE E,1.0,Intersection,Traffic Signal,Clear,"Dark, artificial",Dry,Non-Fatal Injury,Rear End,-79.2253,43.7598,June,Thursday
5000935132,Driver,45 to 49,4.0,"Automobile, Station Wagon",Yes,,,2015,2015-06-04,1255,12,COMMISSIONERS ST,BOUCHETTE ST,2.0,Mid-Block,No Control,Clear,Daylight,Dry,Non-Fatal Injury,SMV Other,-79.339,43.651,June,Thursday
5000938109,Driver,75 to 79,1.0,"Automobile, Station Wagon",,,,2015,2015-06-04,2135,21,DUNDAS ST W,ROYAL YORK RD,1.0,Intersection,Traffic Signal,Clear,"Dark, artificial",Dry,Non-Fatal Injury,Pedestrian Collisions,-79.5133,43.6594,June,Thursday
5000950977,Cyclist,25 to 29,4.0,Bicycle,,,,2015,2015-06-07,2316,23,169 SHAW ST,,2.0,Mid-Block,No Control,Clear,"Dark, artificial",Dry,Non-Fatal Injury,Cyclist Collisions,-79.4169,43.6463,June,Sunday
5000955442,Cyclist,50 to 54,4.0,Bicycle,,,,2015,2015-06-07,1830,18,YONGE ST,LAWRENCE AVE E,1.0,Intersection,Traffic Signal,Clear,Daylight,Dry,Non-Fatal Injury,Cyclist Collisions,-79.4021,43.725,June,Sunday
5000955489,Driver,20 to 24,4.0,Pick Up Truck,,,,2015,2015-06-07,1850,18,YONGE ST,CUMMER AVE,1.0,Mid-Block,No Control,Clear,Daylight,Dry,Non-Fatal Injury,SMV Other,-79.4174,43.7875,June,Sunday
5000961885,Driver,40 to 44,1.0,,,,,2015,2015-06-08,1915,19,PATON RD,LANSDOWNE AVE,3.0,Intersection,Stop Sign,Other,Daylight,Other,Non-Fatal Injury,Angle,-79.4436,43.6606,June,Monday
5000963180,Driver,40 to 44,4.0,"Automobile, Station Wagon",Yes,,Yes,2015,2015-06-09,25,0,878 YONGE  ST,,1.0,Mid-Block,No Control,Clear,"Dark, artificial",Dry,Non-Fatal Injury,Turning Movement,-79.3876,43.6724,June,Tuesday
5000965386,Driver,45 to 49,4.0,"Automobile, Station Wagon",,,,2015,2015-06-09,1047,10,DUNDAS ST W,HURON ST,1.0,Mid-Block,No Control,Clear,Daylight,Dry,Non-Fatal Injury,Rear End,-79.397,43.6531,June,Tuesday
5000976277,Driver,20 to 24,1.0,"Automobile, Station Wagon",Yes,,Yes,2015,2015-06-11,24,0,FINCH AVE W,TOBERMORY DR,1.0,Intersection,Traffic Signal,Clear,"Dark, artificial",Dry,Fatal,Cyclist Collisions,-79.5079,43.7592,June,Thursday
5000979465,Driver,55 to 59,1.0,"Automobile, Station Wagon",,,,2015,2015-06-11,1322,13,YONGE ST,EMPRESS AVE,1.0,Intersection,Traffic Signal,Clear,Daylight,Dry,Fatal,Pedestrian Collisions,-79.4128,43.7692,June,Thursday
5000984230,Driver,45 to 49,3.0,"Automobile, Station Wagon",,,,2015,2015-06-12,756,7,WILSON AVE,DALLNER RD,1.0,Intersection,Stop Sign,Clear,Daylight,Dry,Non-Fatal Injury,Turning Movement,-79.5137,43.7198,June,Friday
5000989979,Driver,20 to 24,2.0,"Automobile, Station Wagon",Yes,,,2015,2015-06-13,300,3,F G GARDINER XY  W,ROYAL YORK RD,,Mid-Block,No Control,Rain,Dark,Wet,Fatal,SMV Other,-79.5024,43.6226,June,Saturday
5000992370,Driver,85 to 89,1.0,"Automobile, Station Wagon",,,,2015,2015-06-13,1423,14,FINCH AVE E,PAGE AVE,1.0,Intersection,Stop Sign,Clear,Daylight,Dry,Non-Fatal Injury,Cyclist Collisions,-79.3843,43.7866,June,Saturday
5000995174,Cyclist,25 to 29,2.0,Bicycle,,,,2015,2015-06-13,2320,23,AVENUE RD,DAVENPORT RD,1.0,Intersection,Traffic Signal,Clear,"Dark, artificial",Dry,Fatal,Cyclist Collisions,-79.3965,43.6747,June,Saturday
5000997483,Driver,40 to 44,1.0,"Automobile, Station Wagon",,,,2015,2015-06-12,530,5,GERRARD ST E,WOODBINE AVE,1.0,Intersection,Traffic Signal,Clear,"Dark, artificial",Dry,Non-Fatal Injury,Other,-79.3107,43.6807,June,Friday
5000998310,Driver,50 to 54,1.0,"Automobile, Station Wagon",Yes,,,2015,2015-06-14,1409,14,TRETHEWEY DR,CLEARVIEW HTS,3.0,Intersection,No Control,Rain,Daylight,Wet,Non-Fatal Injury,Approaching,-79.4831,43.6933,June,Sunday
5001008776,Driver,30 to 34,1.0,Municipal Transit Bus (TTC),Yes,,,2015,2015-06-16,715,7,BAYVIEW AVE,SUTHERLAND DR,1.0,Intersection,Stop Sign,Rain,Dawn,Wet,Non-Fatal Injury,Turning Movement,-79.3724,43.6987,June,Tuesday
5001012309,Driver,20 to 24,1.0,"Automobile, Station Wagon",,,,2015,2015-06-16,1724,17,MARTIN GROVE RD,ROYALCREST RD,3.0,Intersection,No Control,Clear,Daylight,Dry,Non-Fatal Injury,Pedestrian Collisions,-79.5992,43.7522,June,Tuesday
5001013446,Motorcycle Driver,35 to 39,4.0,Motorcycle,,,,2015,2015-06-16,2049,20,BAYVIEW BLOOR DVP RAMP,DON VALLEY PARKWAY  N,,Mid-Block,No Control,Clear,Dusk,Dry,Non-Fatal Injury,SMV Other,-79.3623,43.6828,June,Tuesday
5001016196,Driver,35 to 39,1.0,"Automobile, Station Wagon",,,,2015,2015-06-17,830,8,ARROWSTOOK RD,BURBANK DR,4.0,Intersection,Stop Sign,Clear,Daylight,Dry,Non-Fatal Injury,Cyclist Collisions,-79.377,43.7712,June,Wednesday
5001021761,Driver,unknown,1.0,"Automobile, Station Wagon",,,,2015,2015-06-16,900,9,AVENUE RD,FELBRIGG AVE,1.0,Intersection,No Control,Clear,Daylight,Dry,Non-Fatal Injury,Pedestrian Collisions,-79.4196,43.7341,June,Tuesday
5001034900,Cyclist,40 to 44,4.0,Bicycle,,,,2015,2015-06-20,155,1,CARLTON ST,HOMEWOOD AVE,3.0,Intersection,Stop Sign,Clear,"Dark, artificial",Dry,Non-Fatal Injury,Cyclist Collisions,-79.3743,43.6629,June,Saturday
5001050877,Driver,70 to 74,1.0,"Automobile, Station Wagon",Yes,,,2015,2015-06-22,1554,15,6 CARIBOO AVE,,4.0,Mid-Block,No Control,Clear,Daylight,Dry,Non-Fatal Injury,Pedestrian Collisions,-79.4584,43.6666,June,Monday
5001063670,Cyclist,25 to 29,4.0,Bicycle,,,,2015,2015-06-24,1325,13,COXWELL AVE,ROBBINS AVE,3.0,Intersection,No Control,Clear,Daylight,Dry,Non-Fatal Injury,Cyclist Collisions,-79.318,43.6698,June,Wednesday
5001074217,Truck Driver,30 to 34,1.0,Truck - Dump,,,,2015,2015-06-26,405,4,457 SPADINA AVE,,1.0,Mid-Block,No Control,Clear,"Dark, artificial",Dry,Non-Fatal Injury,Pedestrian Collisions,-79.4002,43.6583,June,Friday
5001077682,Motorcycle Driver,60 to 64,4.0,Motorcycle,,,,2015,2015-06-26,1652,16,SHEPPARD AVE E,SHAUGHNESSY BLVD,1.0,Intersection,Traffic Signal,Clear,Daylight,Dry,Non-Fatal Injury,Turning Movement,-79.3533,43.7737,June,Friday
5001079056,Pedestrian,80 to 84,2.0,,,,,2015,2015-06-26,2150,21,2058 DUFFERIN ST,,1.0,Mid-Block,No Control,Clear,"Dark, artificial",Dry,Fatal,Pedestrian Collisions,-79.4466,43.6868,June,Friday
5001088565,Driver,20 to 24,4.0,"Automobile, Station Wagon",Yes,,,2015,2015-06-28,1539,15,1491 LAKE SHORE BLVD W,,1.0,Mid-Block,No Control,Rain,Daylight,Wet,Non-Fatal Injury,SMV Other,-79.444,43.6364,June,Sunday
5001095656,Driver,55 to 59,5.0,"Automobile, Station Wagon",,,,2015,2015-06-29,1745,17,300 PROGRESS AVE,,3.0,Mid-Block,No Control,Clear,Daylight,Dry,Non-Fatal Injury,Turning Movement,-79.2669,43.7743,June,Monday
5001098276,Driver,60 to 64,1.0,"Automobile, Station Wagon",,,,2015,2015-06-30,410,4,VICTORIA PARK AVE,YORK MILLS RD,1.0,Intersection,Traffic Signal,Clear,"Dark, artificial",Dry,Non-Fatal Injury,Pedestrian Collisions,-79.3175,43.763,June,Tuesday
5001105926,Driver,40 to 44,1.0,"Automobile, Station Wagon",,,,2015,2015-07-01,949,9,MARKHAM RD,PROGRESS AVE,1.0,Intersection,Traffic Signal,Clear,Daylight,Dry,Non-Fatal Injury,Turning Movement,-79.2338,43.7817,July,Wednesday
5001107596,Driver,30 to 34,1.0,"Automobile, Station Wagon",,Yes,,2015,2015-07-01,1525,15,GERRARD ST E,RIVER ST,3.0,Intersection,Traffic Signal,Clear,Daylight,Dry,Non-Fatal Injury,Turning Movement,-79.3592,43.6636,July,Wednesday
5001109964,Driver,40 to 44,4.0,"Automobile, Station Wagon",,,Yes,2015,2015-07-01,2330,23,WALSH AVE,WESTON RD,1.0,Intersection,Traffic Signal,Clear,"Dark, artificial",Dry,Non-Fatal Injury,Rear End,-79.5372,43.7169,July,Wednesday
5001110080,Driver,35 to 39,1.0,"Automobile, Station Wagon",,,,2015,2015-07-02,2355,23,LAKE SHORE BLVD W,REMEMBRANCE DR,1.0,Intersection,Traffic Signal,Clear,"Dark, artificial",Dry,Non-Fatal Injury,Pedestrian Collisions,-79.4087,43.6344,July,Thursday
5001126666,Driver,80 to 84,1.0,"Automobile, Station Wagon",,,,2015,2015-07-04,1340,13,FINCH AVE E,GORDON BAKER RD,1.0,Intersection,Traffic Signal,Clear,Daylight,Dry,Non-Fatal Injury,Pedestrian Collisions,-79.3412,43.7951,July,Saturday
5001136090,Driver,50 to 54,5.0,"Automobile, Station Wagon",Yes,,,2015,2015-07-06,8,0,KIPLING AVE,JUTLAND RD,1.0,Intersection,No Control,Clear,"Dark, artificial",Dry,Fatal,Turning Movement,-79.5288,43.6262,July,Monday
5001160138,Driver,55 to 59,4.0,"Automobile, Station Wagon",,,,2015,2015-07-09,1407,14,BAYVIEW AVE,WYCLIFFE CRES,1.0,Intersection,No Control,Clear,Daylight,Dry,Non-Fatal Injury,Rear End,-79.3899,43.7752,July,Thursday
5001168527,Driver,unknown,1.0,,,,,2015,2015-07-10,1850,18,EGLINTON AVE W,ROYAL YORK RD,1.0,Intersection,Traffic Signal,Clear,Daylight,Dry,Non-Fatal Injury,Turning Movement,-79.5265,43.6822,July,Friday
5001169933,Driver,35 to 39,1.0,"Automobile, Station Wagon",Yes,,Yes,2015,2015-07-10,2325,23,KIPLING AVE,BEACONHILL RD,1.0,Intersection,Traffic Signal,Clear,Dark,Dry,Non-Fatal Injury,Rear End,-79.587,43.7536,July,Friday
5001176666,Truck Driver,20 to 24,1.0,Truck (other),,,,2015,2015-07-12,2354,23,LAKE SHORE BLVD W,ONTARIO DR,1.0,Intersection,Traffic Signal,Clear,"Dark, artificial",Dry,Non-Fatal Injury,SMV Other,-79.4197,43.6304,July,Sunday
5001196464,Driver,45 to 49,1.0,"Automobile, Station Wagon",,,,2015,2015-07-14,2137,21,BUCKINGHAM AVE,DINNICK CRES,4.0,Intersection,Stop Sign,Other,"Dark, artificial",Other,Fatal,Pedestrian Collisions,-79.3944,43.7257,July,Tuesday
5001197879,Driver,35 to 39,1.0,"Automobile, Station Wagon",Yes,,,2015,2015-07-15,429,4,1500 EGLINTON AVE W,,1.0,Mid-Block,No Control,Clear,Dark,Dry,Non-Fatal Injury,Pedestrian Collisions,-79.4408,43.6977,July,Wednesday
5001203164,Driver,60 to 64,1.0,"Automobile, Station Wagon",,,,2015,2015-07-15,2030,20,DANFORTH AVE,AUGUST AVE,1.0,Intersection,Stop Sign,Clear,Daylight,Dry,Non-Fatal Injury,Turning Movement,-79.2811,43.6928,July,Wednesday
5001207270,Driver,25 to 29,1.0,"Automobile, Station Wagon",,,,2015,2015-07-16,1253,12,EASTDALE AVE,GOODWOOD PARK CRES,2.0,Mid-Block,No Control,Clear,Daylight,Dry,Non-Fatal Injury,Pedestrian Collisions,-79.3007,43.6947,July,Thursday
5001212779,Truck Driver,60 to 64,1.0,Truck - Tank,,,,2015,2015-07-17,827,8,SPADINA RD,DUPONT ST,1.0,Intersection,Traffic Signal,Clear,Daylight,Wet,Non-Fatal Injury,Cyclist Collisions,-79.4071,43.6748,July,Friday
5001213317,Driver,75 to 79,4.0,"Automobile, Station Wagon",Yes,,,2015,2015-07-17,1001,10,BAYVIEW AVE,BAYVIEW MEWS LANE,1.0,Intersection,Traffic Signal,Clear,Daylight,Dry,Non-Fatal Injury,Turning Movement,-79.3886,43.7693,July,Friday
5001215897,Driver,25 to 29,1.0,"Automobile, Station Wagon",Yes,,,2015,2015-07-17,1714,17,FINCH AVE E,MANORCREST DR,1.0,Intersection,No Control,Clear,Daylight,Dry,Non-Fatal Injury,Rear End,-79.3946,43.7843,July,Friday
5001220959,Driver,75 to 79,3.0,"Automobile, Station Wagon",,,,2015,2015-07-18,1211,12,STEELES AVE E,MAXOME AVE,1.0,Intersection,Traffic Signal,Clear,Daylight,Dry,Non-Fatal Injury,Turning Movement,-79.4062,43.801,July,Saturday
5001233986,Truck Driver,35 to 39,1.0,"Truck - Closed (Blazer, etc)",,,,2015,2015-07-20,1015,10,THE QUEENSWAY,SOUTH KINGSWAY,1.0,Mid-Block,No Control,Clear,Daylight,Dry,Non-Fatal Injury,Pedestrian Collisions,-79.4722,43.6363,July,Monday
5001240894,Driver,45 to 49,1.0,Pick Up Truck,,,,2015,2015-07-21,954,9,LAWRENCE AVE E,MORNINGSIDE AVE,3.0,Mid-Block,No Control,Clear,Daylight,Dry,Non-Fatal Injury,Turning Movement,-79.1852,43.7686,July,Tuesday
5001245461,Motorcycle Driver,20 to 24,4.0,Motorcycle,,Yes,,2015,2015-07-21,2135,21,VICTORIA ST,RICHMOND ST E,1.0,Intersection,Traffic Signal,Clear,"Dark, artificial",Dry,Non-Fatal Injury,Angle,-79.3777,43.6519,July,Tuesday
5001258434,Driver,45 to 49,1.0,"Automobile, Station Wagon",Yes,,,2015,2015-07-23,2011,20,HUNTINGWOOD DR,BRIDLEWOOD BLVD,3.0,Intersection,No Control,Clear,Daylight,Dry,Non-Fatal Injury,Turning Movement,-79.3129,43.785,July,Thursday
5001261641,Driver,20 to 24,1.0,"Automobile, Station Wagon",,,,2015,2015-07-24,1040,10,SPADINA AVE,ST ANDREW ST,1.0,Intersection,Traffic Signal,Clear,Daylight,Dry,Non-Fatal Injury,Cyclist Collisions,-79.3986,43.6543,July,Friday
5001263243,Driver,50 to 54,3.0,"Automobile, Station Wagon",,Yes,,2015,2015-07-24,1518,15,RENFORTH DR,SILVER DART DR,1.0,Intersection,Traffic Signal,Clear,Daylight,Dry,Non-Fatal Injury,Angle,-79.5932,43.6764,July,Friday
5001265349,Driver,20 to 24,3.0,"Automobile, Station Wagon",,,,2015,2015-07-24,2111,21,DIXON RD,KIPLING AVE,1.0,Intersection,Traffic Signal,Clear,"Dusk, artificial",Dry,Non-Fatal Injury,Turning Movement,-79.5586,43.6942,July,Friday
5001276114,Motorcycle Driver,30 to 34,2.0,Motorcycle,Yes,,,2015,2015-07-26,1328,13,6486 KINGSTON RD,,3.0,Mid-Block,No Control,Clear,Daylight,Dry,Fatal,Turning Movement,-79.1559,43.7926,July,Sunday
5001281908,Driver,70 to 74,4.0,"Automobile, Station Wagon",,,,2015,2015-07-27,1115,11,PHARMACY AVE,CORINTHIAN BLVD,3.0,Intersection,Traffic Signal,Clear,Daylight,Dry,Non-Fatal Injury,Turning Movement,-79.3235,43.7894,July,Monday
5001312732,Driver,45 to 49,1.0,"Automobile, Station Wagon",,,,2015,2015-07-31,2130,21,63 WALLINGFORD RD,,4.0,Mid-Block,No Control,Clear,"Dark, artificial",Wet,Non-Fatal Injury,Pedestrian Collisions,-79.3263,43.7567,July,Friday
5001313535,Driver,40 to 44,1.0,"Automobile, Station Wagon",,,,2015,2015-08-01,31,0,1939 KENNEDY RD,,1.0,Mid-Block,No Control,Clear,Dark,Dry,Non-Fatal Injury,Rear End,-79.2819,43.7686,August,Saturday
5001332825,Driver,85 to 89,2.0,"Automobile, Station Wagon",,,,2015,2015-08-04,1136,11,KEELE STREET,MAPLE LEAF DRIVE,1.0,Mid-Block,No Control,Clear,Daylight,Dry,Fatal,Sideswipe,-79.4795,43.7153,August,Tuesday
5001353530,Driver,unknown,1.0,"Automobile, Station Wagon",,,,2015,2015-08-07,1715,17,SHEPPARD AVE W,JOHN DRURY DR,1.0,Intersection,Traffic Signal,Clear,Daylight,Dry,Non-Fatal Injury,Pedestrian Collisions,-79.4827,43.7482,August,Friday
5001353806,Cyclist,55 to 59,4.0,Bicycle,,,,2015,2015-08-07,1811,18,OLD SHEPPARD AVE,BRIAN DR,2.0,Intersection,Stop Sign,Clear,Daylight,Dry,Non-Fatal Injury,Cyclist Collisions,-79.3325,43.7788,August,Friday
5001361534,Driver,60 to 64,1.0,"Automobile, Station Wagon",,,,2015,2015-08-09,40,0,KIPLING AVE,FINCH AVE W,1.0,Intersection,Traffic Signal,Clear,"Dark, artificial",Dry,Non-Fatal Injury,Rear End,-79.582,43.7432,August,Sunday
5001362618,Driver,55 to 59,1.0,"Automobile, Station Wagon",,,,2015,2015-08-09,700,7,FINCH AVE E,BIRCHMOUNT RD,1.0,Intersection,Traffic Signal,Clear,Daylight,Dry,Non-Fatal Injury,Pedestrian Collisions,-79.3059,43.7989,August,Sunday
5001366372,Driver,70 to 74,1.0,"Automobile, Station Wagon",,,,2015,2015-08-09,2110,21,MEADOWVALE RD,SHEPPARD AVE E,2.0,Mid-Block,No Control,Clear,"Dark, artificial",Dry,Fatal,Pedestrian Collisions,-79.171,43.8088,August,Sunday
5001369619,Driver,70 to 74,1.0,"Automobile, Station Wagon",,Yes,,2015,2015-08-10,1130,11,ISLINGTON AVE,THE WESTWAY,1.0,Intersection,Traffic Signal,Clear,Daylight,Dry,Non-Fatal Injury,Angle,-79.5428,43.6886,August,Monday
5001375207,Truck Driver,65 to 69,1.0,Truck - Open,,,,2015,2015-08-11,920,9,ANNETTE ST,KEELE ST,1.0,Intersection,Traffic Signal,Clear,Daylight,Dry,Non-Fatal Injury,Cyclist Collisions,-79.4637,43.6636,August,Tuesday
5001377095,Motorcycle Driver,20 to 24,4.0,Motorcycle,,,,2015,2015-08-11,1420,14,71 MCCOOL CRT,,4.0,Mid-Block,No Control,Clear,Daylight,Dry,Non-Fatal Injury,SMV Unattended Vehicle,-79.284,43.8182,August,Tuesday
5001378649,Driver,40 to 44,1.0,"Automobile, Station Wagon",,,,2015,2015-08-11,1840,18,HAKIMI  AVE,ASHTONBEE RD,4.0,Mid-Block,Stop Sign,Clear,Daylight,Dry,Non-Fatal Injury,Pedestrian Collisions,-79.2916,43.729,August,Tuesday
5001379991,Driver,20 to 24,3.0,"Automobile, Station Wagon",,,,2015,2015-08-12,2307,23,ST CLAIR AVE W,KEELE ST,1.0,Intersection,Traffic Signal,Clear,"Dark, artificial",Dry,Non-Fatal Injury,Pedestrian Collisions,-79.4676,43.6725,August,Wednesday
5001383996,Cyclist,15 to 19,4.0,Bicycle,,,,2015,2015-08-12,1524,15,WILSON AVE,KELVIN AVE,1.0,Intersection,Stop Sign,Clear,Daylight,Dry,Non-Fatal Injury,Cyclist Collisions,-79.5318,43.7156,August,Wednesday
5001401225,Passenger,60 to 64,1.0,,,,,2015,2015-08-15,1047,10,OLD WESTON RD,ROGERS RD,3.0,Intersection,Traffic Signal,Clear,Daylight,Dry,Non-Fatal Injury,Approaching,-79.4676,43.6818,August,Saturday
5001404450,Driver,70 to 74,1.0,"Automobile, Station Wagon",,,,2015,2015-08-15,2100,21,DUFFERIN ST,HUNTER AVE,1.0,Intersection,No Control,Clear,"Dark, artificial",Dry,Non-Fatal Injury,Cyclist Collisions,-79.4497,43.6944,August,Saturday