ACCNUM,INVTYPE,INVAGE,INJURY_ID,VEHTYPE,SPEEDING,REDLIGHT,ALCOHOL,YEAR,DATE,TIME,HOUR,STREET1,STREET2,ROAD_CLASS_ID,LOCCOORD,TRAFFCTL,VISIBILITY,LIGHT,RDSFCOND,ACCLASS,IMPACTYPE,Longitude,Latitude,Month,Day_of_Week
5001404706,Driver,50 to 54,4.0,"Automobile, Station Wagon",,,,2015,2015-08-15,2152,21,LAKE SHORE BLVD W,JAMESON AVE,1.0,Intersection,No Control,Clear,"Dark, artificial",Dry,Non-Fatal Injury,Approaching,-79.4345,43.6333,August,Saturday
5001405584,Driver,20 to 24,4.0,"Automobile, Station Wagon",,Yes,Yes,2015,2015-08-16,42,0,BELLAMY RD N,LAWRENCE AVE E,1.0,Intersection,Traffic Signal,Clear,"Dark, artificial",Dry,Fatal,Angle,-79.2352,43.7577,August,Sunday
5001407837,Driver,85 to 89,2.0,"Automobile, Station Wagon",,Yes,,2015,2015-08-16,1210,12,2350 BAYVIEW AVE,,1.0,Intersection,Traffic Signal,Clear,Daylight,Dry,Fatal,Turning Movement,-79.3812,43.7329,August,Sunday
5001432053,Truck Driver,25 to 29,1.0,Truck-Tractor,,,,2015,2015-08-20,947,9,STEELES AVE W,ALCIDE ST,1.0,Intersection,No Control,Clear,Daylight,Dry,Non-Fatal Injury,Turning Movement,-79.6346,43.7512,August,Thursday
5001433281,Cyclist,20 to 24,4.0,Bicycle,,,,2015,2015-08-20,1318,13,SOUTH KINGSWAY,BLOOR ST W,1.0,Intersection,Traffic Signal,Rain,Daylight,Wet,Non-Fatal Injury,Cyclist Collisions,-79.4857,43.6483,August,Thursday
5001444151,Driver,40 to 44,1.0,Municipal Transit Bus (TTC),,,,2015,2015-08-22,730,7,DUNDAS ST W,AUKLAND RD,1.0,Intersection,Traffic Signal,Clear,Daylight,Dry,Non-Fatal Injury,Pedestrian Collisions,-79.5379,43.6385,August,Saturday
5001445203,Motorcycle Driver,55 to 59,4.0,Motorcycle,,,,2015,2015-08-22,1211,12,1468 VICTORIA PARK AVE,,1.0,Mid-Block,No Control,Clear,Daylight,Dry,Non-Fatal Injury,SMV Other,-79.3018,43.7227,August,Saturday
5001446152,Driver,20 to 24,1.0,"Automobile, Station Wagon",,,,2015,2015-08-22,1516,15,678 KENNEDY RD,,1.0,Mid-Block,No Control,Clear,Daylight,Dry,Non-Fatal Injury,Turning Movement,-79.2656,43.7268,August,Saturday
5001448924,Driver - Not Hit,unknown,1.0,"Automobile, Station Wagon",,,,2015,2015-08-23,43,0,1630 LAWRENCE AVE W,,1.0,Intersection,Traffic Signal,Clear,Dark,Dry,Non-Fatal Injury,SMV Other,-79.4908,43.7055,August,Sunday
5001450991,Driver,60 to 64,5.0,"Automobile, Station Wagon",,,,2015,2015-08-23,1147,11,DUNDAS ST W,CLOVERDALE MALL,1.0,Intersection,Traffic Signal,Clear,Daylight,Dry,Non-Fatal Injury,Cyclist Collisions,-79.5549,43.6289,August,Sunday
5001457314,Driver,15 to 19,1.0,Pick Up Truck,,,,2015,2015-08-24,1325,13,STEELES AVE W,TORRESDALE AVE,1.0,Intersection,Traffic Signal,Clear,Daylight,Dry,Fatal,Pedestrian Collisions,-79.453,43.7908,August,Monday
5001484830,Driver,15 to 19,3.0,"Automobile, Station Wagon",Yes,,,2015,2015-08-28,2200,22,ALBION RD,FINCH AVE W,1.0,Mid-Block,No Control,Clear,Daylight,Dry,Non-Fatal Injury,Approaching,-79.5907,43.7413,August,Friday
5001501450,Truck Driver,40 to 44,1.0,"Truck - Closed (Blazer, etc)",,,,2015,2015-08-31,1545,15,LOWER SIMCOE ST,BREMNER BLVD,3.0,Intersection,Traffic Signal,Clear,Daylight,Dry,Non-Fatal Injury,Cyclist Collisions,-79.3839,43.6423,August,Monday
5001507362,Driver,60 to 64,4.0,"Automobile, Station Wagon",,Yes,,2015,2015-09-01,1400,14,STEELES AVE E,DON MILLS RD,1.0,Intersection,Traffic Signal,Clear,Daylight,Dry,Non-Fatal Injury,Angle,-79.3607,43.8111,September,Tuesday
5001518617,Truck Driver,25 to 29,1.0,Truck - Open,,,,2015,2015-09-03,736,7,PARK LAWN RD,LAKE SHORE BLVD W,1.0,Mid-Block,No Control,Clear,Daylight,Dry,Fatal,Pedestrian Collisions,-79.4817,43.6231,September,Thursday
5001530826,Driver,20 to 24,1.0,"Automobile, Station Wagon",Yes,,,2015,2015-09-05,120,1,SEWELLS RD,HUPFIELD TRL,3.0,Intersection,No Control,Clear,"Dark, artificial",Dry,Non-Fatal Injury,SMV Other,-79.2131,43.8145,September,Saturday
5001534311,Driver,85 to 89,4.0,"Automobile, Station Wagon",,,,2015,2015-09-05,1652,16,MAXWELL ST,HOVE ST,4.0,Intersection,No Control,Clear,Daylight,Dry,Fatal,SMV Other,-79.4486,43.7611,September,Saturday
5001538313,Motorcycle Driver,55 to 59,2.0,Motorcycle,,,,2015,2015-09-06,1034,10,LAKE SHORE BLVD W,JAMESON AVE,1.0,Mid-Block,No Control,Clear,Daylight,Dry,Fatal,SMV Other,-79.4351,43.6333,September,Sunday
5001542991,Driver,unknown,1.0,"Automobile, Station Wagon",,Yes,,2015,2015-09-07,513,5,MARTIN GROVE RD,RICHGROVE DR,1.0,Intersection,Traffic Signal,Clear,Dark,Dry,Non-Fatal Injury,Angle,-79.5642,43.6768,September,Monday
5001551226,Driver,35 to 39,1.0,"Automobile, Station Wagon",,,,2015,2015-09-08,1500,15,JARVIS ST,FRONT ST E,1.0,Mid-Block,No Control,Clear,Daylight,Dry,Non-Fatal Injury,Pedestrian Collisions,-79.3712,43.6489,September,Tuesday
5001573262,Driver,60 to 64,1.0,"Automobile, Station Wagon",,,,2015,2015-09-11,2130,21,QUEENS PARK,COLLEGE ST,1.0,Intersection,Traffic Signal,Rain,"Dark, artificial",Wet,Non-Fatal Injury,Pedestrian Collisions,-79.3904,43.6598,September,Friday
5001573277,Driver,45 to 49,1.0,"Automobile, Station Wagon",,,,2015,2015-09-11,2139,21,DUPONT ST,WALMER RD,1.0,Intersection,No Control,Rain,"Dark, artificial",Wet,Non-Fatal Injury,Pedestrian Collisions,-79.4082,43.6746,September,Friday
5001578731,Driver,20 to 24,1.0,"Automobile, Station Wagon",,,,2015,2015-09-12,1930,19,BAY MILLS BLVD,SHEPPARD AVE E,1.0,Intersection,Traffic Signal,Rain,"Dawn, artificial",Wet,Non-Fatal Injury,Pedestrian Collisions,-79.3043,43.7795,September,Saturday
5001603018,Driver,40 to 44,1.0,"Automobile, Station Wagon",,,,2015,2015-09-16,1721,17,STRACHAN AVE,WELLINGTON ST W,3.0,Intersection,Stop Sign,Clear,Daylight,Dry,Non-Fatal Injury,Angle,-79.4114,43.6407,September,Wednesday
5001603828,Driver,20 to 24,1.0,"Automobile, Station Wagon",,,,2015,2015-09-16,1940,19,KENNEDY RD,PERTHSHIRE ST,1.0,Intersection,No Control,Clear,"Dark, artificial",Dry,Non-Fatal Injury,Pedestrian Collisions,-79.3004,43.8089,September,Wednesday
5001604572,Cyclist,50 to 54,4.0,Bicycle,,,,2015,2015-09-16,2200,22,BIRMINGHAM ST,SIXTEENTH ST,2.0,Intersection,No Control,Clear,"Dark, artificial",Dry,Non-Fatal Injury,Cyclist Collisions,-79.516,43.6011,September,Wednesday
5001611464,Driver,unknown,1.0,"Automobile, Station Wagon",,,,2015,2015-09-17,2210,22,NEILSON RD,FINCH AVE E,3.0,Intersection,No Control,Clear,"Dark, artificial",Dry,Non-Fatal Injury,Pedestrian Collisions,-79.2275,43.8162,September,Thursday
5001612624,Motorcycle Driver,35 to 39,2.0,Motorcycle,,,,2015,2015-09-18,610,6,QUEEN ST E,HILTZ AVE,3.0,Intersection,No Control,Clear,Dark,Dry,Fatal,Approaching,-79.3262,43.6641,September,Friday
5001628551,Driver,65 to 69,4.0,"Automobile, Station Wagon",,,,2015,2015-09-20,2000,20,MIDLAND AVE,ELLESMERE RD,1.0,Intersection,Traffic Signal,Clear,"Dark, artificial",Dry,Fatal,Turning Movement,-79.271,43.7679,September,Sunday
5001640604,Driver,30 to 34,1.0,"Automobile, Station Wagon",,,,2015,2015-09-22,1751,17,QUEEN ST E,BERKELEY ST,1.0,Intersection,No Control,Clear,Daylight,Dry,Fatal,Pedestrian Collisions,-79.3657,43.6553,September,Tuesday
5001646824,Driver,20 to 24,1.0,"Automobile, Station Wagon",,,,2015,2015-09-23,1700,17,MARKHAM RD,DUNELM ST,1.0,Mid-Block,No Control,Clear,Daylight,Dry,Non-Fatal Injury,Rear End,-79.2199,43.7456,September,Wednesday
5001648538,Driver,40 to 44,4.0,"Automobile, Station Wagon",Yes,,,2015,2015-09-23,2300,23,MILNER AVE,CINEMART DR,3.0,Intersection,No Control,Clear,"Dark, artificial",Dry,Non-Fatal Injury,SMV Other,-79.2047,43.7973,September,Wednesday
5001648951,Driver,30 to 34,4.0,Pick Up Truck,Yes,,,2015,2015-09-24,110,1,LAKE SHORE BLVD W,ROYAL YORK RD,1.0,Mid-Block,No Control,Clear,"Dark, artificial",Dry,Non-Fatal Injury,SMV Other,-79.4937,43.6033,September,Thursday
5001649654,Driver,55 to 59,1.0,"Automobile, Station Wagon",,,,2015,2015-09-24,636,6,THE QUEENSWAY,GLENDALE AVE,1.0,Mid-Block,No Control,Clear,"Dark, artificial",Dry,Fatal,Pedestrian Collisions,-79.4505,43.6391,September,Thursday
5001652684,Driver,55 to 59,1.0,"Automobile, Station Wagon",,,,2015,2015-09-24,1520,15,WELLINGTON ST W,YORK ST,3.0,Intersection,Traffic Signal,Clear,Daylight,Dry,Non-Fatal Injury,Cyclist Collisions,-79.383,43.6465,September,Thursday
5001652822,Driver,60 to 64,1.0,"Automobile, Station Wagon",,,,2015,2015-09-23,1715,17,BOOTH AVE,LAKE SHORE BLVD E,1.0,Intersection,Stop Sign,Clear,Daylight,Dry,Non-Fatal Injury,Cyclist Collisions,-79.3407,43.6535,September,Wednesday
5001660531,Passenger,65 to 69,1.0,,,,,2015,2015-09-25,1943,19,HUMBERSIDE AVE,KEELE ST,1.0,Intersection,Traffic Signal,Clear,"Dark, artificial",Dry,Non-Fatal Injury,Pedestrian Collisions,-79.4629,43.6615,September,Friday
5001660901,Driver,50 to 54,4.0,"Automobile, Station Wagon",,,Yes,2015,2015-09-25,2058,20,MOUNT PLEASANT RD,STIBBARD AVE,1.0,Intersection,No Control,Clear,"Dark, artificial",Dry,Non-Fatal Injury,SMV Other,-79.3936,43.7169,September,Friday
5001661734,Driver,30 to 34,2.0,"Automobile, Station Wagon",Yes,Yes,Yes,2015,2015-09-26,1,0,BURNHAMTHORPE RD,427 C N BURNHAMTHORPE RAMP,1.0,Intersection,Traffic Signal,Clear,"Dark, artificial",Dry,Fatal,Turning Movement,-79.5616,43.6458,September,Saturday
5001665605,Driver,50 to 54,5.0,"Automobile, Station Wagon",,,,2015,2015-09-26,1718,17,DANFORTH AVE,ST DUNSTAN DR,1.0,Intersection,No Control,Clear,Daylight,Dry,Non-Fatal Injury,Turning Movement,-79.2855,43.6918,September,Saturday
5001667907,Cyclist,25 to 29,4.0,Bicycle,,,,2015,2015-09-27,54,0,KEELE ST,ANNETTE ST,1.0,Intersection,Traffic Signal,Clear,"Dark, artificial",Dry,Non-Fatal Injury,Cyclist Collisions,-79.4637,43.6636,September,Sunday
5001670080,Driver,40 to 44,1.0,"Automobile, Station Wagon",,,,2015,2015-09-27,1220,12,HOMEWOOD AVE,WELLESLEY ST E,3.0,Intersection,Traffic Signal,Clear,Daylight,Dry,Non-Fatal Injury,Cyclist Collisions,-79.3758,43.6664,September,Sunday
5001670423,Driver,15 to 19,1.0,Passenger Van,,,,2015,2015-09-24,2230,22,MARKHAM RD,LAWRENCE AVE E,1.0,Intersection,Traffic Signal,Clear,"Dark, artificial",Dry,Non-Fatal Injury,Turning Movement,-79.2253,43.7598,September,Thursday
5001672708,Driver,65 to 69,1.0,"Automobile, Station Wagon",,,,2015,2015-09-27,2136,21,336 BIRCHMOUNT RD,,3.0,Mid-Block,No Control,Clear,"Dark, artificial",Dry,Non-Fatal Injury,Cyclist Collisions,-79.2647,43.6989,September,Sunday
5001677716,Driver,40 to 44,1.0,"Automobile, Station Wagon",,,,2015,2015-09-28,1755,17,OSSINGTON AVE,DEWSON ST,3.0,Mid-Block,No Control,Clear,Daylight,Dry,Non-Fatal Injury,Pedestrian Collisions,-79.4235,43.6565,September,Monday
5001682517,Driver,25 to 29,1.0,"Automobile, Station Wagon",,,,2015,2015-09-29,1325,13,RIVER ST,QUEEN ST E,1.0,Intersection,Traffic Signal,Other,Daylight,Other,Non-Fatal Injury,Turning Movement,-79.3565,43.6573,September,Tuesday
5001684106,Driver,35 to 39,1.0,"Automobile, Station Wagon",,,,2015,2015-09-29,1520,15,939 PROGRESS AVE,,3.0,Intersection,Traffic Signal,Rain,Daylight,Wet,Non-Fatal Injury,Cyclist Collisions,-79.2318,43.7839,September,Tuesday
5001686563,Driver,30 to 34,1.0,"Automobile, Station Wagon",,,,2015,2015-09-30,733,7,DUNDAS ST W,ROXTON RD,1.0,Intersection,No Control,Clear,Daylight,Dry,Non-Fatal Injury,Sideswipe,-79.4195,43.6495,September,Wednesday
5001691895,Motorcycle Driver,30 to 34,1.0,Motorcycle,Yes,,,2015,2015-09-30,2355,23,WILSON AVE,MURRAY RD,1.0,Intersection,No Control,Clear,"Dark, artificial",Dry,Fatal,Turning Movement,-79.4714,43.7295,September,Wednesday
5001696184,Driver,25 to 29,1.0,Pick Up Truck,,,,2015,2015-10-01,1702,17,DURIE ST,COLBECK ST,2.0,Intersection,Stop Sign,Clear,Daylight,Dry,Non-Fatal Injury,Pedestrian Collisions,-79.4805,43.6541,October,Thursday
5001705355,Driver,35 to 39,4.0,"Automobile, Station Wagon",Yes,,,2015,2015-10-03,351,3,BURNHAMTHORPE RD,PRENNAN AVE,1.0,Intersection,No Control,Clear,Dark,Dry,Fatal,SMV Other,-79.5407,43.6506,October,Saturday
5001711803,Cyclist,45 to 49,4.0,Bicycle,,,,2015,2015-10-04,910,9,THE KINGSWAY,ANGLESEY BLVD,2.0,Intersection,Stop Sign,Clear,Daylight,Dry,Non-Fatal Injury,Cyclist Collisions,-79.5217,43.6639,October,Sunday
5001713235,Driver,30 to 34,1.0,"Automobile, Station Wagon",Yes,,,2015,2015-10-04,1453,14,COLLEGE ST,MARKHAM ST,1.0,Intersection,Stop Sign,Clear,"Dark, artificial",Dry,Non-Fatal Injury,Cyclist Collisions,-79.4089,43.6562,October,Sunday
5001722553,Driver,50 to 54,2.0,"Automobile, Station Wagon",,,,2015,2015-10-06,621,6,MORNINGSIDE AVE,SHEPPARD AVE E,1.0,Mid-Block,No Control,Clear,"Dawn, artificial",Dry,Fatal,Rear End,-79.2008,43.8051,October,Tuesday
5001722959,Driver,25 to 29,1.0,"Automobile, Station Wagon",,,,2015,2015-10-06,753,7,DAVISVILLE AVE,MOUNT PLEASANT RD,3.0,Mid-Block,No Control,Clear,Daylight,Dry,Non-Fatal Injury,Pedestrian Collisions,-79.3878,43.7001,October,Tuesday
5001723026,Driver,35 to 39,1.0,"Automobile, Station Wagon",,,,2015,2015-10-06,810,8,COXWELL AVE,EARL HAIG AVE,3.0,Intersection,Pedestrian Crossover,Clear,Daylight,Dry,Non-Fatal Injury,Pedestrian Collisions,-79.3226,43.6811,October,Tuesday
5001723055,Cyclist,20 to 24,4.0,Bicycle,,,,2015,2015-10-06,813,8,KING ST W,SUDBURY ST,1.0,Intersection,Traffic Signal,Clear,Daylight,Dry,Non-Fatal Injury,Cyclist Collisions,-79.4172,43.6409,October,Tuesday
5001724104,Driver,60 to 64,4.0,"Automobile, Station Wagon",,,,2015,2015-10-06,1107,11,ROYAL YORK RD,BRAECREST AVE,3.0,Mid-Block,No Control,Clear,Daylight,Dry,Non-Fatal Injury,SMV Other,-79.5321,43.6948,October,Tuesday
5001734070,Driver,25 to 29,1.0,"Automobile, Station Wagon",,,,2015,2015-10-07,2250,22,STEELES AVE W,MARTIN GROVE RD,1.0,Mid-Block,No Control,Clear,"Dark, artificial",Dry,Non-Fatal Injury,SMV Other,-79.6025,43.758,October,Wednesday
5001740132,Driver,35 to 39,1.0,Municipal Transit Bus (TTC),Yes,,,2015,2015-10-08,2227,22,EGLINTON AVE W,MENIN RD,1.0,Intersection,No Control,Rain,"Dark, artificial",Wet,Non-Fatal Injury,Pedestrian Collisions,-79.4318,43.6996,October,Thursday
5001740465,Driver,20 to 24,5.0,"Automobile, Station Wagon",Yes,,,2015,2015-10-09,15,0,1244 LAWRENCE,,1.0,Intersection,No Control,Rain,"Dark, artificial",Wet,Non-Fatal Injury,Pedestrian Collisions,-79.3192,43.7411,October,Friday
5001750958,Driver,20 to 24,1.0,"Automobile, Station Wagon",Yes,,,2015,2015-10-10,1919,19,ISLINGTON AVE,DEERFOOT RD,1.0,Intersection,No Control,Clear,Dark,Dry,Fatal,Pedestrian Collisions,-79.5413,43.6852,October,Saturday
5001754996,Driver,60 to 64,4.0,"Automobile, Station Wagon",,,,2015,2015-10-11,1445,14,AVENUE RD,ROE AVE,1.0,Intersection,No Control,Clear,Daylight,Dry,Non-Fatal Injury,Turning Movement,-79.4193,43.7323,October,Sunday
5001756961,Driver,40 to 44,3.0,Passenger Van,,,,2015,2015-10-11,2217,22,YONGE ST,SHUTER ST,1.0,Intersection,Traffic Signal,Clear,"Dark, artificial",Dry,Non-Fatal Injury,Approaching,-79.3799,43.654,October,Sunday
5001757251,Driver,20 to 24,5.0,"Automobile, Station Wagon",,,,2015,2015-10-11,2340,23,LAWRENCE AVE E,ORTON PARK RD,1.0,Intersection,Traffic Signal,Clear,Dark,Dry,Non-Fatal Injury,Turning Movement,-79.2055,43.7639,October,Sunday
5001759901,Driver,75 to 79,4.0,"Automobile, Station Wagon",,,,2015,2015-10-12,1440,14,STRACHAN AVE,LAKE SHORE BLVD W,1.0,Intersection,Traffic Signal,Clear,Daylight,Dry,Non-Fatal Injury,Turning Movement,-79.4087,43.6344,October,Monday
5001760771,Driver,35 to 39,1.0,"Automobile, Station Wagon",,,,2015,2015-10-12,1830,18,EGLINTON AVE W,MARTIN GROVE RD,1.0,Intersection,Traffic Signal,Clear,"Dark, artificial",Dry,Non-Fatal Injury,Turning Movement,-79.5631,43.6744,October,Monday
5001769257,Cyclist,40 to 44,4.0,Bicycle,,,,2015,2015-10-14,738,7,BLOOR ST E,ST PAULS SQ,1.0,Intersection,No Control,Clear,Daylight,Dry,Non-Fatal Injury,Cyclist Collisions,-79.3823,43.6711,October,Wednesday
5001784292,Driver,20 to 24,1.0,"Automobile, Station Wagon",,,,2015,2015-10-16,1627,16,KING ST W,ED MIRVISH WAY,1.0,Mid-Block,No Control,Clear,Daylight,Dry,Non-Fatal Injury,Pedestrian Collisions,-79.3874,43.647,October,Friday
5001785499,Driver,50 to 54,4.0,"Automobile, Station Wagon",,,,2015,2015-10-16,2009,20,BAYVIEW AVE,BAYVIEW MEWS LANE,1.0,Intersection,No Control,Clear,"Dark, artificial",Dry,Non-Fatal Injury,Approaching,-79.3886,43.7693,October,Friday
5001792532,Driver,20 to 24,4.0,"Automobile, Station Wagon",Yes,,,2015,2015-10-18,145,1,LAKE SHORE BLVD W,THIRTY SEVENTH ST,1.0,Mid-Block,No Control,Clear,"Dark, artificial",Dry,Non-Fatal Injury,SMV Other,-79.5375,43.5935,October,Sunday
5001798933,Driver,unknown,1.0,"Automobile, Station Wagon",,,,2015,2015-10-19,845,8,PELICAN GT,FINCH AVE W,1.0,Intersection,No Control,Clear,Daylight,Dry,Non-Fatal Injury,Pedestrian Collisions,-79.5225,43.7563,October,Monday
5001804887,Driver,20 to 24,1.0,"Automobile, Station Wagon",,,,2015,2015-10-20,923,9,1245 DUPONT ST,,1.0,Mid-Block,No Control,Clear,Daylight,Dry,Non-Fatal Injury,Pedestrian Collisions,-79.4418,43.6681,October,Tuesday
5001806026,Driver,30 to 34,1.0,"Automobile, Station Wagon",,,,2015,2015-10-20,1250,12,QUEEN ST W,BEACONSFIELD AVE,1.0,Intersection,No Control,Clear,Daylight,Dry,Non-Fatal Injury,Cyclist Collisions,-79.4248,43.643,October,Tuesday
5001812233,Driver,75 to 79,4.0,"Automobile, Station Wagon",,,,2015,2015-10-21,1327,13,KEELE ST,TILBURY DR,1.0,Intersection,Traffic Signal,Clear,Daylight,Dry,Non-Fatal Injury,SMV Other,-79.4829,43.7303,October,Wednesday
5001817289,Driver,50 to 54,1.0,"Automobile, Station Wagon",,,,2015,2015-10-22,945,9,VAN HORNE AVE,TAVERLY RD,2.0,Intersection,Stop Sign,Clear,Daylight,Dry,Non-Fatal Injury,Pedestrian Collisions,-79.3315,43.7887,October,Thursday
5001821227,Cyclist,30 to 34,4.0,Bicycle,,,,2015,2015-10-22,2130,21,BATHURST ST,NIAGARA ST,1.0,Intersection,Traffic Signal,Clear,"Dark, artificial",Dry,Non-Fatal Injury,Cyclist Collisions,-79.402,43.6421,October,Thursday
5001824991,Driver,40 to 44,1.0,"Automobile, Station Wagon",,,,2015,2015-10-23,1437,14,KEELE ST,DONALD AVE,1.0,Intersection,Traffic Signal,Clear,Daylight,Dry,Fatal,Pedestrian Collisions,-79.4728,43.6848,October,Friday
5001826215,Driver,65 to 69,1.0,"Automobile, Station Wagon",,,,2015,2015-10-23,1841,18,DUNDAS ST W,WATSON AVE,1.0,Mid-Block,No Control,Clear,"Dark, artificial",Dry,Non-Fatal Injury,Pedestrian Collisions,-79.4919,43.6656,October,Friday
5001826352,Driver,60 to 64,1.0,"Automobile, Station Wagon",,,,2015,2015-10-23,1909,19,MORNINGSIDE AVE,SEWELLS RD,3.0,Intersection,Traffic Signal,Clear,"Dark, artificial",Dry,Non-Fatal Injury,Pedestrian Collisions,-79.2111,43.8162,October,Friday
5001830640,Driver,45 to 49,3.0,"Automobile, Station Wagon",,,,2015,2015-10-24,1450,14,DON VALLEY PARKWAY  N,DON MILLS RD,,Mid-Block,No Control,Rain,Daylight,Wet,Non-Fatal Injury,Approaching,-79.3366,43.7007,October,Saturday
5001835148,Driver,50 to 54,1.0,"Automobile, Station Wagon",,,,2015,2015-10-25,1100,11,ELLESMERE RD,PRINCIPAL RD,1.0,Intersection,Traffic Signal,Clear,Daylight,Dry,Non-Fatal Injury,Pedestrian Collisions,-79.2946,43.7625,October,Sunday
5001836357,Driver,40 to 44,1.0,"Automobile, Station Wagon",,,,2015,2015-10-25,1536,15,LAWRENCE AVE E,TOWNLEY AVE,1.0,Intersection,No Control,Clear,Daylight,Dry,Non-Fatal Injury,Pedestrian Collisions,-79.3073,43.7426,October,Sunday
5001837340,Driver,25 to 29,1.0,Passenger Van,,,,2015,2015-10-25,1925,19,EGLINTON AVE E,DANFORTH RD,1.0,Intersection,Traffic Signal,Clear,"Dark, artificial",Dry,Non-Fatal Injury,Pedestrian Collisions,-79.2461,43.737,October,Sunday
5001841929,Driver,50 to 54,1.0,"Automobile, Station Wagon",,,,2015,2015-10-26,1510,15,WILSON AVE,JAMES FINLAY WAY,1.0,Intersection,Traffic Signal,Clear,Daylight,Dry,Non-Fatal Injury,Cyclist Collisions,-79.4801,43.7274,October,Monday
5001842724,Driver,70 to 74,4.0,"Automobile, Station Wagon",,,,2015,2015-10-26,1750,17,VICTORIA PARK AVE,HUNTINGWOOD DR,1.0,Mid-Block,No Control,Clear,"Dark, artificial",Dry,Non-Fatal Injury,Approaching,-79.3258,43.7813,October,Monday
5001851224,Driver,50 to 54,1.0,"Automobile, Station Wagon",,,,2015,2015-10-28,616,6,KIPLING AVE,GREENING CRES,1.0,Intersection,No Control,Rain,"Dark, artificial",Wet,Non-Fatal Injury,Pedestrian Collisions,-79.5422,43.6576,October,Wednesday
5001865596,Driver,75 to 79,3.0,"Automobile, Station Wagon",,,,2015,2015-10-30,1320,13,JANE ST,WILSON AVE,1.0,Intersection,Traffic Signal,Clear,Daylight,Dry,Non-Fatal Injury,Turning Movement,-79.5086,43.7209,October,Friday
5001866211,Driver,40 to 44,1.0,Passenger Van,,,,2015,2015-10-30,1509,15,LAWRENCE AVE E,SCARBOROUGH GOLF CLUB RD,1.0,Intersection,Traffic Signal,Clear,Daylight,Dry,Non-Fatal Injury,Pedestrian Collisions,-79.2158,43.7618,October,Friday
5001872803,Driver,65 to 69,1.0,Passenger Van,,,,2015,2015-10-31,1640,16,SHEPPARD AVE E,MASSIE ST,1.0,Intersection,No Control,Clear,Daylight,Dry,Non-Fatal Injury,Pedestrian Collisions,-79.2452,43.7925,October,Saturday
5001872986,Driver,40 to 44,1.0,Pick Up Truck,,Yes,,2015,2015-10-31,1710,17,HORNER AVE,THIRTIETH ST,3.0,Intersection,Traffic Signal,Clear,Daylight,Dry,Non-Fatal Injury,Angle,-79.5337,43.6042,October,Saturday
5001873445,Driver,40 to 44,1.0,"Automobile, Station Wagon",,,,2015,2015-10-31,1852,18,BATHURST ST,BROOKE AVE,1.0,Intersection,Stop Sign,Clear,"Dusk, artificial",Dry,Non-Fatal Injury,Pedestrian Collisions,-79.4323,43.7303,October,Saturday
5001874738,Driver,65 to 69,5.0,"Automobile, Station Wagon",Yes,,,2015,2015-10-31,2335,23,WOODBINE AVE,STRATHMORE BLVD,1.0,Intersection,No Control,Rain,"Dark, artificial",Wet,Non-Fatal Injury,Turning Movement,-79.3131,43.6865,October,Saturday
5001875429,Driver,40 to 44,1.0,"Automobile, Station Wagon",,,,2015,2015-11-01,155,1,QUEEN ST E,BROADVIEW AVE,3.0,Mid-Block,No Control,Rain,"Dark, artificial",Wet,Non-Fatal Injury,Pedestrian Collisions,-79.3491,43.659,November,Sunday
5001891795,Cyclist,55 to 59,2.0,Bicycle,,,,2015,2015-11-03,1755,17,HIGHWAY 27  N,VICE REGENT BLVD,1.0,Intersection,No Control,Clear,"Dark, artificial",Dry,Fatal,Cyclist Collisions,-79.5927,43.7113,November,Tuesday
5001897298,Driver,75 to 79,5.0,"Automobile, Station Wagon",,,,2015,2015-11-04,1530,15,BAYVIEW AVE,PARKHURST BLVD,1.0,Intersection,Stop Sign,Clear,Daylight,Dry,Non-Fatal Injury,Angle,-79.3763,43.7086,November,Wednesday
5001904834,Driver,80 to 84,1.0,"Automobile, Station Wagon",,,,2015,2015-11-05,2020,20,BAYVIEW AVE,CITATION DR,1.0,Intersection,Traffic Signal,Clear,"Dawn, artificial",Dry,Non-Fatal Injury,Pedestrian Collisions,-79.3897,43.7743,November,Thursday
5001905504,Driver,40 to 44,1.0,"Automobile, Station Wagon",,,,2015,2015-11-05,2310,23,DON VALLEY PARKWAY  S,LEASIDE BDGE,1.0,Mid-Block,No Control,Clear,"Dark, artificial",Dry,Non-Fatal Injury,Pedestrian Collisions,-79.3497,43.698,November,Thursday
5001906446,Driver,60 to 64,1.0,"Automobile, Station Wagon",,,,2015,2015-11-06,600,6,JANE ST,CHURCH ST,1.0,Intersection,Traffic Signal,Rain,"Dark, artificial",Wet,Non-Fatal Injury,Pedestrian Collisions,-79.5055,43.7092,November,Friday