ACCNUM,INVTYPE,INVAGE,INJURY_ID,VEHTYPE,SPEEDING,REDLIGHT,ALCOHOL,YEAR,DATE,TIME,HOUR,STREET1,STREET2,ROAD_CLASS_ID,LOCCOORD,TRAFFCTL,VISIBILITY,LIGHT,RDSFCOND,ACCLASS,IMPACTYPE,Longitude,Latitude,Month,Day_of_Week
5001910400,Driver,20 to 24,4.0,"Automobile, Station Wagon",Yes,,,2015,2015-11-06,1836,18,WILLIAM R ALLEN RD S,WILSON AVE,,Mid-Block,No Control,Clear,"Dark, artificial",Dry,Non-Fatal Injury,Rear End,-79.4504,43.7348,November,Friday
5001918358,Passenger,30 to 34,5.0,,,,,2015,2015-11-08,340,3,WARDEN AVE,HUNTINGWOOD DR,1.0,Mid-Block,No Control,Clear,"Dark, artificial",Dry,Non-Fatal Injury,SMV Other,-79.3112,43.7862,November,Sunday
5001919444,Pedestrian,65 to 69,4.0,,,,,2015,2015-11-08,1100,11,LAWRENCE AVE E,GREENHOLM CRCT,1.0,Intersection,Traffic Signal,Clear,Daylight,Dry,Non-Fatal Injury,Pedestrian Collisions,-79.2229,43.7603,November,Sunday
5001920978,Passenger,40 to 44,5.0,,,,Yes,2015,2015-11-08,1640,16,MCNICOLL AVE,SHADY HOLLOW DR,3.0,Intersection,No Control,Clear,Daylight,Dry,Non-Fatal Injury,Turning Movement,-79.2646,43.8194,November,Sunday
5001921835,Cyclist,15 to 19,4.0,Bicycle,,,,2015,2015-11-08,2020,20,LAWRENCE AVE E,DON MILLS RD,1.0,Intersection,Traffic Signal,Clear,Dark,Dry,Non-Fatal Injury,Cyclist Collisions,-79.3434,43.7371,November,Sunday
5001928023,Driver,50 to 54,1.0,"Automobile, Station Wagon",Yes,,,2015,2015-11-09,2005,20,PORTLAND ST,ROYAL YORK RD,3.0,Intersection,No Control,Clear,"Dark, artificial",Dry,Non-Fatal Injury,Pedestrian Collisions,-79.4995,43.619,November,Monday
5001934875,Cyclist,55 to 59,4.0,Bicycle,,,,2015,2015-11-10,950,9,DUNMAIL DR,BLUE EAGLE TRL,4.0,Intersection,No Control,Clear,Daylight,Dry,Non-Fatal Injury,Cyclist Collisions,-79.2848,43.8047,November,Tuesday
5001940328,Driver,55 to 59,1.0,"Automobile, Station Wagon",,,,2015,2015-11-11,2004,20,LAWRENCE AVE W,JANE ST,1.0,Intersection,No Control,Clear,"Dark, artificial",Dry,Fatal,Pedestrian Collisions,-79.5038,43.7028,November,Wednesday
5001954714,Pedestrian,85 to 89,2.0,"Automobile, Station Wagon",,,,2015,2015-11-14,825,8,1996 BATHURST ST,,1.0,Mid-Block,No Control,Clear,Daylight,Dry,Fatal,Pedestrian Collisions,-79.4249,43.6994,November,Saturday
5001964890,Driver,50 to 54,4.0,"Automobile, Station Wagon",,,,2015,2015-11-16,615,6,BATHURST ST,FLEET ST,1.0,Intersection,Traffic Signal,Clear,"Dawn, artificial",Dry,Non-Fatal Injury,Turning Movement,-79.3996,43.6364,November,Monday
5001980850,Driver,65 to 69,1.0,"Automobile, Station Wagon",,,,2015,2015-11-18,1710,17,MARKHAM RD,EGLINTON AVE E,1.0,Mid-Block,No Control,Rain,"Dark, artificial",Wet,Fatal,Pedestrian Collisions,-79.2191,43.7437,November,Wednesday
5001982660,Driver,35 to 39,1.0,"Automobile, Station Wagon",,,,2015,2015-11-19,40,0,SHEPPARD AVE E,IDAGROVE GT,1.0,Intersection,Traffic Signal,Rain,"Dark, artificial",Wet,Non-Fatal Injury,Pedestrian Collisions,-79.1755,43.8073,November,Thursday
5001983106,Driver,45 to 49,1.0,"Automobile, Station Wagon",,,,2015,2015-11-19,502,5,KIPLING AVE,NORSEMAN ST,1.0,Intersection,Traffic Signal,Rain,"Dark, artificial",Wet,Non-Fatal Injury,Pedestrian Collisions,-79.531,43.6314,November,Thursday
5001995659,Driver,70 to 74,4.0,"Automobile, Station Wagon",Yes,,Yes,2015,2015-11-21,55,0,UNDERHILL DR,ROANOKE RD,2.0,Intersection,Stop Sign,Clear,"Dark, artificial",Dry,Non-Fatal Injury,Turning Movement,-79.3251,43.7419,November,Saturday
5001998431,Driver - Not Hit,unknown,1.0,"Automobile, Station Wagon",,,,2015,2015-11-21,1344,13,LAWRENCE AVE E,ELINOR AVE,1.0,Intersection,Traffic Signal,Rain,Daylight,Wet,Non-Fatal Injury,Pedestrian Collisions,-79.3005,43.744,November,Saturday
5002000710,Driver,unknown,1.0,,,,,2015,2015-11-21,2110,21,EGLINTON AVE W,MUNICIPAL DR,1.0,Intersection,No Control,Rain,"Dark, artificial",Wet,Non-Fatal Injury,Pedestrian Collisions,-79.4771,43.6896,November,Saturday
5002012379,Driver,25 to 29,3.0,"Automobile, Station Wagon",Yes,,,2015,2015-11-23,2119,21,3030 BIRCHMOUNT RD,,1.0,Mid-Block,No Control,Snow,Dark,Wet,Non-Fatal Injury,Approaching,-79.3074,43.801,November,Monday
5002013764,Driver,25 to 29,1.0,"Automobile, Station Wagon",Yes,Yes,,2015,2015-11-24,603,6,MCCOWAN RD,KENHATCH BLVD,1.0,Intersection,Traffic Signal,Snow,Dark,Wet,Fatal,Pedestrian Collisions,-79.2637,43.8014,November,Tuesday
5002027343,Driver,90 to 94,4.0,"Automobile, Station Wagon",,,,2015,2015-11-26,934,9,EGLINTON AVE W,ELMSTHORPE AVE,1.0,Intersection,No Control,Clear,Daylight,Dry,Fatal,Pedestrian Collisions,-79.4109,43.704,November,Thursday
5002031524,Driver,50 to 54,1.0,"Automobile, Station Wagon",,,,2015,2015-11-26,2226,22,THE QUEENSWAY,COLBORNE LODGE DR,1.0,Mid-Block,No Control,Clear,"Dark, artificial",Dry,Non-Fatal Injury,Pedestrian Collisions,-79.4609,43.6392,November,Thursday
5002032713,Truck Driver,45 to 49,1.0,Truck - Tank,,Yes,,2015,2015-11-27,532,5,EGLINTON AVE W,BATHURST ST,1.0,Intersection,Traffic Signal,Clear,Dark,Dry,Fatal,Pedestrian Collisions,-79.4255,43.7009,November,Friday
5002035175,Driver,35 to 39,1.0,"Automobile, Station Wagon",,,,2015,2015-11-27,830,8,RONCESVALLES AVE,GRENADIER RD,3.0,Intersection,No Control,Clear,Daylight,Dry,Non-Fatal Injury,Cyclist Collisions,-79.45,43.6489,November,Friday
5002036269,Driver,25 to 29,3.0,"Automobile, Station Wagon",,,,2015,2015-11-27,1644,16,KIPLING AVE,GENTHORN AVE,1.0,Intersection,Traffic Signal,Clear,"Dark, artificial",Wet,Non-Fatal Injury,Rear End,-79.5723,43.7234,November,Friday
5002054157,Driver,25 to 29,1.0,Pick Up Truck,,,,2015,2015-11-30,1715,17,BATHURST ST,MARMION AVE,1.0,Intersection,No Control,Clear,"Dark, artificial",Dry,Fatal,Pedestrian Collisions,-79.4314,43.7266,November,Monday
5002054612,Driver,45 to 49,1.0,"Automobile, Station Wagon",,,,2015,2015-11-30,1833,18,FLORENCE AVE,BOTHAM RD,2.0,Intersection,Stop Sign,Clear,"Dark, artificial",Dry,Non-Fatal Injury,Pedestrian Collisions,-79.4137,43.7573,November,Monday
5002061502,Truck Driver,55 to 59,1.0,Truck-Tractor,,,,2015,2015-12-01,2107,21,THE QUEENSWAY,NORTH QUEEN ST,1.0,Intersection,Traffic Signal,Rain,Dark,Wet,Non-Fatal Injury,Pedestrian Collisions,-79.5561,43.6142,December,Tuesday
5002065903,Driver,45 to 49,1.0,"Automobile, Station Wagon",,,,2015,2015-12-02,1419,14,LAWRENCE AVE W,BATHURST ST,1.0,Intersection,Traffic Signal,Clear,Daylight,Dry,Fatal,Pedestrian Collisions,-79.4298,43.7192,December,Wednesday
5002074254,Driver,30 to 34,2.0,"Automobile, Station Wagon",Yes,,,2015,2015-12-03,2038,20,KINGSTON RD,FAIRCROFT BLVD,1.0,Mid-Block,No Control,Clear,"Dark, artificial",Dry,Fatal,SMV Unattended Vehicle,-79.2274,43.7294,December,Thursday
5002075350,Driver,45 to 49,1.0,"Automobile, Station Wagon",,,,2015,2015-12-04,109,1,ISABELLA ST,SHERBOURNE ST,2.0,Mid-Block,No Control,Clear,Dark,Dry,Non-Fatal Injury,Pedestrian Collisions,-79.3766,43.6694,December,Friday
5002088367,Driver,unknown,1.0,"Automobile, Station Wagon",,,,2015,2015-12-06,2,0,KING ST W,BRANT ST,1.0,Intersection,Pedestrian Crossover,Clear,"Dark, artificial",Dry,Non-Fatal Injury,Pedestrian Collisions,-79.3976,43.6449,December,Sunday
5002094213,Driver,60 to 64,1.0,"Automobile, Station Wagon",,,,2015,2015-12-07,655,6,FINCH AVE W,WESTON RD,1.0,Intersection,Traffic Signal,Clear,"Dark, artificial",Dry,Non-Fatal Injury,Pedestrian Collisions,-79.5423,43.752,December,Monday
5002098323,Driver,unknown,1.0,"Automobile, Station Wagon",,,,2015,2015-12-07,1905,19,STEELES AVE W,JANE ST,1.0,Intersection,Traffic Signal,Clear,"Dark, artificial",Dry,Non-Fatal Injury,Sideswipe,-79.5217,43.7754,December,Monday
5002105318,Cyclist,20 to 24,4.0,Bicycle,,,,2015,2015-12-08,2115,21,LOWTHER AVE,SPADINA RD,3.0,Intersection,Traffic Signal,Rain,"Dark, artificial",Wet,Non-Fatal Injury,Cyclist Collisions,-79.4047,43.6689,December,Tuesday
5002127671,Driver,45 to 49,1.0,Pick Up Truck,,,,2015,2015-12-12,646,6,QUEEN ST E,VICTORIA ST,1.0,Intersection,Traffic Signal,Clear,"Dark, artificial",Dry,Non-Fatal Injury,Pedestrian Collisions,-79.378,43.6526,December,Saturday
5002131445,Driver,20 to 24,1.0,"Automobile, Station Wagon",,,,2015,2015-12-12,1941,19,JANE ST,WEATHERELL ST,1.0,Intersection,No Control,Clear,"Dark, artificial",Dry,Non-Fatal Injury,Sideswipe,-79.4854,43.6516,December,Saturday
5002136221,Driver,35 to 39,1.0,"Automobile, Station Wagon",,,,2015,2015-12-13,1556,15,PARKSIDE DR,INDIAN VALLEY CRES,1.0,Intersection,Traffic Signal,Rain,Daylight,Wet,Non-Fatal Injury,Cyclist Collisions,-79.4584,43.6511,December,Sunday
5002137387,Pedestrian,25 to 29,4.0,,,,,2015,2015-12-13,2013,20,DUFFERIN ST,CARTWRIGHT AVE,1.0,Intersection,No Control,Clear,"Dark, artificial",Dry,Non-Fatal Injury,Pedestrian Collisions,-79.4568,43.7237,December,Sunday
5002147377,Driver,80 to 84,4.0,"Automobile, Station Wagon",,,,2015,2015-12-15,1100,11,JANE ST,SPEERS AVE,1.0,Intersection,No Control,Clear,Daylight,Dry,Fatal,Turning Movement,-79.5034,43.7015,December,Tuesday
5002156360,Driver,55 to 59,1.0,"Automobile, Station Wagon",,,,2015,2015-12-16,1645,16,FINCH AVE E,BRIMLEY RD,1.0,Intersection,Traffic Signal,Clear,Dusk,Wet,Non-Fatal Injury,Turning Movement,-79.2773,43.8056,December,Wednesday
5002168343,Driver,80 to 84,1.0,"Automobile, Station Wagon",,,,2015,2015-12-18,1452,14,4727 SHEPPARD AVE E,,1.0,Mid-Block,No Control,Clear,Daylight,Dry,Non-Fatal Injury,Pedestrian Collisions,-79.2503,43.7914,December,Friday
5002176400,Driver,50 to 54,1.0,"Automobile, Station Wagon",,,,2015,2015-12-19,2220,22,YONGE ST,SHELDRAKE BLVD,1.0,Intersection,Stop Sign,Clear,"Dark, artificial",Dry,Non-Fatal Injury,Pedestrian Collisions,-79.4,43.7149,December,Saturday
5002178129,Driver,35 to 39,1.0,"Automobile, Station Wagon",,,,2015,2015-12-20,639,6,DUFFERIN ST,DAVENPORT RD,1.0,Mid-Block,No Control,Clear,"Dark, artificial",Dry,Non-Fatal Injury,Cyclist Collisions,-79.4407,43.6725,December,Sunday
5002181080,Driver,unknown,1.0,"Automobile, Station Wagon",,,,2015,2015-12-14,1726,17,KING ST W,FRASER AVE,1.0,Intersection,Streetcar (Stop for),Rain,"Dark, artificial",Wet,Non-Fatal Injury,Pedestrian Collisions,-79.4248,43.6393,December,Monday
5002186255,Driver,60 to 64,1.0,"Automobile, Station Wagon",,,,2015,2015-12-21,1720,17,1145 DANFORTH AVE,,1.0,Mid-Block,No Control,Rain,"Dark, artificial",Wet,Non-Fatal Injury,Pedestrian Collisions,-79.3336,43.6812,December,Monday
5002187382,Driver,20 to 24,1.0,"Automobile, Station Wagon",,Yes,,2015,2015-12-21,2125,21,BATHURST ST,SHEPPARD AVE W,1.0,Intersection,Traffic Signal,Rain,"Dark, artificial",Wet,Non-Fatal Injury,Pedestrian Collisions,-79.4384,43.7554,December,Monday
5002189475,Cyclist,55 to 59,4.0,Bicycle,,,,2015,2015-12-22,911,9,SHERBOURNE ST,CARLTON ST,3.0,Intersection,Traffic Controller,Rain,Daylight,Wet,Non-Fatal Injury,Cyclist Collisions,-79.373,43.6631,December,Tuesday
5002192601,Truck Driver,50 to 54,1.0,Truck (other),,,,2015,2015-12-22,1830,18,DUFFERIN ST,1 AUTUMN AVE,1.0,Intersection,No Control,Clear,"Dark, artificial",Dry,Non-Fatal Injury,Pedestrian Collisions,-79.4524,43.7035,December,Tuesday
5002201232,Driver,55 to 59,1.0,"Automobile, Station Wagon",,,,2015,2015-12-24,845,8,LAWRENCE AVE E,RAILSIDE RD,1.0,Intersection,Traffic Signal,Clear,Daylight,Dry,Non-Fatal Injury,Pedestrian Collisions,-79.3192,43.7411,December,Thursday
5002206137,Driver,30 to 34,1.0,Street Car,,,,2015,2015-12-25,819,8,QUEEN ST W,TRINITY DR,1.0,Intersection,Traffic Signal,Clear,Daylight,Dry,Non-Fatal Injury,Pedestrian Collisions,-79.4131,43.6452,December,Friday
5002211839,Driver,35 to 39,1.0,"Automobile, Station Wagon",,,,2015,2015-12-26,1618,16,1071 QUEEN ST W,,1.0,Intersection,No Control,Clear,Daylight,Dry,Non-Fatal Injury,Pedestrian Collisions,-79.4211,43.6437,December,Saturday
5002212262,Driver,60 to 64,1.0,Passenger Van,,,,2015,2015-12-26,1754,17,DUPONT ST,DELAWARE AVE,1.0,Intersection,No Control,Clear,"Dusk, artificial",Dry,Non-Fatal Injury,Pedestrian Collisions,-79.4315,43.6699,December,Saturday
5002220976,Driver,40 to 44,1.0,"Automobile, Station Wagon",,,,2015,2015-12-28,1253,12,HAKIMI  AVE,EGLINTON AVE E,1.0,Intersection,No Control,Clear,Daylight,Dry,Non-Fatal Injury,Angle,-79.2914,43.7269,December,Monday
5002232122,Driver,unknown,1.0,"Automobile, Station Wagon",,,,2015,2015-10-01,1212,12,PARLIAMENT ST,SPRUCE ST,3.0,Mid-Block,No Control,Clear,Daylight,Dry,Non-Fatal Injury,Cyclist Collisions,-79.3673,43.6628,October,Thursday
5002234344,Driver,25 to 29,1.0,"Automobile, Station Wagon",,,,2015,2015-12-30,1824,18,CARLTON ST,SHERBOURNE ST,3.0,Intersection,Traffic Signal,Clear,Dark,Dry,Non-Fatal Injury,Pedestrian Collisions,-79.373,43.6631,December,Wednesday
5002235368,Driver,20 to 24,1.0,"Automobile, Station Wagon",,,,2015,2015-12-30,2115,21,250 MARLEE AVE,,3.0,Intersection,No Control,Clear,"Dark, artificial",Wet,Non-Fatal Injury,Angle,-79.4424,43.7055,December,Wednesday
5002235651,Driver,25 to 29,1.0,"Automobile, Station Wagon",,,,2015,2015-12-30,2339,23,DANFORTH AVE,GILLARD AVE,1.0,Intersection,No Control,Clear,"Dark, artificial",Dry,Fatal,Pedestrian Collisions,-79.3282,43.6823,December,Wednesday
6000004050,Driver,70 to 74,1.0,"Automobile, Station Wagon",,,,2016,2016-01-01,1904,19,MOUNT PLEASANT RD,DAVISVILLE AVE,1.0,Intersection,Traffic Signal,Clear,"Dark, artificial",Dry,Non-Fatal Injury,Pedestrian Collisions,-79.3869,43.7003,January,Friday
6000014911,Driver,40 to 44,1.0,"Automobile, Station Wagon",,,,2016,2016-01-03,1915,19,1400 KENNEDY RD,,1.0,Mid-Block,No Control,Clear,"Dark, artificial",Dry,Fatal,Pedestrian Collisions,-79.2806,43.7644,January,Sunday
6000019763,Driver,50 to 54,1.0,"Automobile, Station Wagon",,,,2016,2016-01-04,1520,15,FENSIDE DR,VERSEND DR,2.0,Intersection,Stop Sign,Clear,Daylight,Dry,Non-Fatal Injury,Angle,-79.3287,43.7627,January,Monday
6000023068,Driver,70 to 74,1.0,Pick Up Truck,,,,2016,2016-01-05,640,6,STEELES AVE E,WAGGONERS WELL LN,1.0,Mid-Block,No Control,Clear,"Dark, artificial",Dry,Non-Fatal Injury,Pedestrian Collisions,-79.3667,43.8097,January,Tuesday
6000026380,Driver,25 to 29,1.0,"Automobile, Station Wagon",,,,2016,2016-01-05,1628,16,EGLINTON AVE E,PHARMACY AVE,1.0,Mid-Block,No Control,Clear,Daylight,Dry,Non-Fatal Injury,Pedestrian Collisions,-79.2946,43.7262,January,Tuesday
6000032002,Driver,40 to 44,5.0,"Automobile, Station Wagon",,,,2016,2016-01-06,1429,14,BLACK CREEK DR,EGLINTON AVE W,1.0,Intersection,Traffic Signal,Clear,Daylight,Dry,Fatal,Turning Movement,-79.4828,43.6883,January,Wednesday
6000042274,Driver,40 to 44,2.0,"Automobile, Station Wagon",Yes,,,2016,2016-01-08,520,5,BROWN S LINE,LAKE SHORE BLVD W,1.0,Mid-Block,No Control,Clear,"Dark, artificial",Wet,Fatal,SMV Other,-79.5415,43.593,January,Friday
6000044562,Driver,25 to 29,1.0,"Automobile, Station Wagon",,,,2016,2016-01-08,1330,13,BAYVIEW AVE,PARKHURST BLVD,1.0,Intersection,Pedestrian Crossover,Clear,Daylight,Wet,Non-Fatal Injury,Pedestrian Collisions,-79.3763,43.7087,January,Friday
6000048776,Driver,20 to 24,4.0,"Automobile, Station Wagon",Yes,,,2016,2016-01-09,420,4,80 PROGRESS AVE,,3.0,Mid-Block,No Control,Rain,"Dark, artificial",Wet,Non-Fatal Injury,SMV Other,-79.2773,43.7707,January,Saturday
6000051992,Driver,30 to 34,1.0,Municipal Transit Bus (TTC),,,,2016,2016-01-09,1750,17,OSSINGTON AVE,PENDRITH ST,3.0,Mid-Block,No Control,Clear,"Dark, artificial",Wet,Non-Fatal Injury,Other,-79.4269,43.6649,January,Saturday
6000063108,Driver,55 to 59,1.0,"Automobile, Station Wagon",,,,2016,2016-01-11,1618,16,MCNICOLL AVE,MARKHAM RD,1.0,Intersection,No Control,Clear,Dark,Dry,Non-Fatal Injury,Pedestrian Collisions,-79.2478,43.8239,January,Monday
6000066081,Driver,65 to 69,1.0,"Automobile, Station Wagon",,Yes,,2016,2016-01-12,545,5,TRETHEWEY DR,BLACK CREEK DR,1.0,Intersection,Traffic Signal,Snow,"Dark, artificial",Loose Snow,Non-Fatal Injury,Turning Movement,-79.486,43.6946,January,Tuesday
6000071039,Driver,65 to 69,1.0,"Automobile, Station Wagon",,,,2016,2016-01-12,2117,21,WARDEN AVE,BAMBURGH CRCL,1.0,Intersection,Traffic Signal,Strong wind,Dark,Slush,Non-Fatal Injury,Pedestrian Collisions,-79.3245,43.8161,January,Tuesday
6000074879,Driver,75 to 79,4.0,"Automobile, Station Wagon",,,,2016,2016-01-13,1320,13,EGLINTON AVE E,CREDIT UNION DR,1.0,Intersection,Traffic Signal,Clear,Daylight,Dry,Non-Fatal Injury,Turning Movement,-79.3182,43.7261,January,Wednesday
6000080482,Driver,35 to 39,2.0,"Automobile, Station Wagon",,,,2016,2016-01-14,1129,11,STEELES AVE E,PHARMACY AVE,1.0,Intersection,Traffic Signal,Clear,Daylight,Wet,Fatal,Turning Movement,-79.3364,43.8168,January,Thursday
6000081215,Driver,60 to 64,1.0,"Automobile, Station Wagon",,,,2016,2016-01-14,1336,13,TECUMSETH ST,QUEEN ST W,1.0,Intersection,Traffic Signal,Clear,Daylight,Dry,Non-Fatal Injury,Pedestrian Collisions,-79.4065,43.6466,January,Thursday
6000087893,Driver,20 to 24,1.0,"Automobile, Station Wagon",,,,2016,2016-01-15,1435,14,BAYVIEW AVE,EGLINTON AVE E,1.0,Intersection,Traffic Signal,Clear,Daylight,Wet,Fatal,Pedestrian Collisions,-79.3771,43.711,January,Friday
6000089379,Driver,unknown,1.0,"Automobile, Station Wagon",,,,2016,2016-01-15,1858,18,CHAMBERS AVE,ROCKWELL AVE,2.0,Intersection,No Control,Rain,Dark,Wet,Non-Fatal Injury,Pedestrian Collisions,-79.4631,43.6767,January,Friday
6000091975,Driver,25 to 29,3.0,"Automobile, Station Wagon",,,,2016,2016-01-16,748,7,STEELES AVE W,ALCIDE ST,1.0,Mid-Block,No Control,Clear,Daylight,Wet,Non-Fatal Injury,Approaching,-79.6335,43.7512,January,Saturday
6000092951,Driver,35 to 39,5.0,"Automobile, Station Wagon",,,,2016,2016-01-16,1137,11,BATHURST ST,DUNDAS ST W,1.0,Mid-Block,No Control,Clear,Daylight,Dry,Non-Fatal Injury,Turning Movement,-79.4062,43.6529,January,Saturday
6000094182,Driver,50 to 54,1.0,"Automobile, Station Wagon",,,,2016,2016-01-16,1536,15,OSSINGTON AVE,DAVENPORT RD,3.0,Mid-Block,No Control,Clear,Daylight,Dry,Non-Fatal Injury,Pedestrian Collisions,-79.4308,43.6743,January,Saturday
6000101056,Driver,35 to 39,1.0,"Automobile, Station Wagon",,,,2016,2016-01-17,1935,19,SHEPPARD AVE E,CHICHESTER PL,1.0,Intersection,No Control,Clear,"Dark, artificial",Dry,Fatal,Pedestrian Collisions,-79.3203,43.7758,January,Sunday
6000111200,Driver,20 to 24,4.0,"Automobile, Station Wagon",Yes,,,2016,2016-01-19,1300,13,COMBE AVE,WILMINGTON AVE,3.0,Intersection,Stop Sign,Clear,Daylight,Dry,Non-Fatal Injury,Angle,-79.4556,43.7596,January,Tuesday
6000125863,Driver,65 to 69,1.0,"Automobile, Station Wagon",,,,2016,2016-01-21,1917,19,FINCH AVE W,WESTON RD,1.0,Mid-Block,No Control,Clear,"Dark, artificial",Dry,Non-Fatal Injury,Pedestrian Collisions,-79.5435,43.7518,January,Thursday
6000131463,Driver,40 to 44,1.0,"Automobile, Station Wagon",,,,2016,2016-01-22,1811,18,135 TYNDALL AVE,,4.0,Mid-Block,No Control,Clear,"Dark, artificial",Dry,Non-Fatal Injury,Cyclist Collisions,-79.4286,43.6374,January,Friday
6000133147,Driver,45 to 49,4.0,"Automobile, Station Wagon",Yes,,,2016,2016-01-23,35,0,BATHURST ST,FORT YORK BLVD,1.0,Intersection,Traffic Signal,Clear,"Dark, artificial",Dry,Non-Fatal Injury,Turning Movement,-79.4006,43.6388,January,Saturday
6000139902,Driver,25 to 29,4.0,"Automobile, Station Wagon",Yes,,,2016,2016-01-24,521,5,LAKE SHORE BLVD W,BRITISH COLUMBIA RD,1.0,Mid-Block,No Control,Clear,"Dark, artificial",Dry,Non-Fatal Injury,SMV Other,-79.4267,43.6303,January,Sunday
6000143198,Cyclist,20 to 24,4.0,Bicycle,,,,2016,2016-01-23,2010,20,THE QUEENSWAY,NORTH QUEEN ST,1.0,Intersection,Traffic Signal,Clear,"Dark, artificial",Dry,Non-Fatal Injury,Cyclist Collisions,-79.5561,43.6141,January,Saturday
6000143502,Pedestrian,35 to 39,4.0,,,,,2016,2016-01-24,2141,21,EGLINTON AVE E,MASON RD,1.0,Intersection,Traffic Signal,Clear,"Dark, artificial",Dry,Non-Fatal Injury,Pedestrian Collisions,-79.2251,43.7417,January,Sunday
6000147267,Driver,70 to 74,1.0,"Automobile, Station Wagon",,,,2016,2016-01-25,1445,14,50 MERTON ST,,2.0,Mid-Block,No Control,Clear,Daylight,Dry,Non-Fatal Injury,Approaching,-79.3951,43.6963,January,Monday
6000148806,Driver,40 to 44,1.0,Passenger Van,,,,2016,2016-01-25,1915,19,OVERLEA BLVD,WILLIAM MORGAN DR,1.0,Intersection,Traffic Signal,Clear,"Dark, artificial",Dry,Non-Fatal Injury,Pedestrian Collisions,-79.3413,43.7079,January,Monday
6000164025,Pedestrian,45 to 49,2.0,,,,,2016,2016-01-28,925,9,DUNDAS ST W,POPLAR AVE,1.0,Intersection,Traffic Signal,Clear,Daylight,Dry,Fatal,Pedestrian Collisions,-79.54,43.636,January,Thursday
6000168422,Other,unknown,1.0,,,,,2016,2016-01-28,2130,21,48MILLDOCK,,4.0,Mid-Block,No Control,Snow,"Dark, artificial",Wet,Non-Fatal Injury,Pedestrian Collisions,-79.1258,43.7903,January,Thursday
6000171366,Driver,45 to 49,1.0,"Automobile, Station Wagon",,,,2016,2016-01-29,1225,12,3434 LAWRENCE AVE E,,1.0,Intersection,Traffic Signal,Clear,Daylight,Dry,Non-Fatal Injury,Sideswipe,-79.2304,43.7586,January,Friday
6000179020,Driver,35 to 39,1.0,"Automobile, Station Wagon",,,,2016,2016-01-30,1753,17,DUFFERIN ST,ARMSTRONG AVE,1.0,Intersection,No Control,Clear,"Dark, artificial",Dry,Fatal,Pedestrian Collisions,-79.4374,43.6647,January,Saturday
6000181395,Driver,50 to 54,3.0,"Automobile, Station Wagon",,,Yes,2016,2016-01-31,230,2,DERRYDOWN RD,ROMFIELD DR,4.0,Intersection,Stop Sign,Clear,"Dark, artificial",Wet,Fatal,SMV Other,-79.4939,43.7603,January,Sunday
6000186933,Driver,30 to 34,4.0,"Automobile, Station Wagon",,,,2016,2016-02-01,320,3,KENNEDY RD,NORCAP AVE,1.0,Intersection,No Control,Clear,"Dark, artificial",Wet,Non-Fatal Injury,Approaching,-79.2943,43.7971,February,Monday
6000188538,Driver,85 to 89,2.0,"Automobile, Station Wagon",Yes,,,2016,2016-02-01,1033,10,BIRMINGHAM ST,TWENTY FIRST ST,2.0,Intersection,Pedestrian Crossover,Clear,Daylight,Dry,Fatal,Sideswipe,-79.5211,43.5999,February,Monday
6000197047,Driver,40 to 44,1.0,Pick Up Truck,,,,2016,2016-02-02,1616,16,JANE ST,GRANDRAVINE DR,1.0,Intersection,Traffic Signal,Clear,Daylight,Dry,Non-Fatal Injury,Pedestrian Collisions,-79.515,43.747,February,Tuesday
6000218872,Driver,30 to 34,4.0,Passenger Van,Yes,,,2016,2016-02-06,233,2,163 WINCOTT DR,,2.0,Mid-Block,No Control,Clear,"Dark, artificial",Dry,Non-Fatal Injury,SMV Other,-79.549,43.6861,February,Saturday
6000219266,Driver,25 to 29,4.0,"Automobile, Station Wagon",,,,2016,2016-02-06,500,5,DUNDAS ST W,ANNETTE ST,3.0,Mid-Block,No Control,Clear,"Dawn, artificial",Dry,Non-Fatal Injury,SMV Other,-79.458,43.6639,February,Saturday
6000243323,Driver,45 to 49,5.0,"Automobile, Station Wagon",,,,2016,2016-02-10,954,9,WEDGEWOOD DR,TOBRUK CRES,4.0,Intersection,Stop Sign,Clear,Daylight,Wet,Fatal,Pedestrian Collisions,-79.4139,43.7896,February,Wednesday
6000261829,Driver,75 to 79,1.0,"Automobile, Station Wagon",,,,2016,2016-02-13,1018,10,FINCH AVE W,TOBERMORY DR,1.0,Mid-Block,No Control,Clear,Daylight,Dry,Fatal,Pedestrian Collisions,-79.5036,43.7602,February,Saturday