ACCNUM,INVTYPE,INVAGE,INJURY_ID,VEHTYPE,SPEEDING,REDLIGHT,ALCOHOL,YEAR,DATE,TIME,HOUR,STREET1,STREET2,ROAD_CLASS_ID,LOCCOORD,TRAFFCTL,VISIBILITY,LIGHT,RDSFCOND,ACCLASS,IMPACTYPE,Longitude,Latitude,Month,Day_of_Week
6000978198,Motorcycle Driver,25 to 29,4.0,Motorcycle,,,,2016,2016-06-05,1937,19,UNIVERSITY AVE,FRONT ST W,3.0,Intersection,Stop Sign,Clear,"Dusk, artificial",Wet,Non-Fatal Injury,Rear End,-79.3834,43.645,June,Sunday
6000983076,Passenger,65 to 69,2.0,,,Yes,,2016,2016-06-06,1435,14,KENNEDY RD,EGLINTON AVE E,1.0,Intersection,Traffic Signal,Clear,Daylight,Dry,Fatal,Turning Movement,-79.2679,43.7321,June,Monday
6000995123,Motorcycle Driver,25 to 29,4.0,Motorcycle,Yes,,,2016,2016-06-08,1048,10,DON VALLEY PARKWAY  N,BAYVIEW BLOOR DVP N RAMP,,Mid-Block,No Control,Clear,Daylight,Dry,Non-Fatal Injury,SMV Other,-79.3612,43.6845,June,Wednesday
6001000870,Driver,50 to 54,1.0,"Automobile, Station Wagon",,,,2016,2016-06-09,837,8,ADELAIDE ST W,JOHN ST,1.0,Intersection,Traffic Signal,Clear,Daylight,Dry,Non-Fatal Injury,Cyclist Collisions,-79.3902,43.6478,June,Thursday
6001001689,Driver,60 to 64,1.0,Passenger Van,,,,2016,2016-06-09,1030,10,VICTORIA ST,SHUTER ST,2.0,Mid-Block,No Control,Clear,Daylight,Dry,Non-Fatal Injury,Pedestrian Collisions,-79.3785,43.6537,June,Thursday
6001025245,Driver,50 to 54,4.0,"Automobile, Station Wagon",,Yes,,2016,2016-06-12,2223,22,BLOOR ST W,ISLINGTON AVE,1.0,Intersection,Traffic Signal,Clear,"Dark, artificial",Dry,Non-Fatal Injury,Angle,-79.5234,43.6446,June,Sunday
6001035189,Cyclist,30 to 34,4.0,Bicycle,,,,2016,2016-06-14,1246,12,58 THE ESPLANADE,,2.0,Mid-Block,No Control,Clear,Daylight,Dry,Non-Fatal Injury,Cyclist Collisions,-79.3741,43.6469,June,Tuesday
6001035774,Driver,45 to 49,1.0,"Automobile, Station Wagon",,,,2016,2016-06-14,1415,14,BREMNER BLVD,SPADINA AVE,3.0,Mid-Block,No Control,Clear,Daylight,Dry,Fatal,Pedestrian Collisions,-79.3922,43.6406,June,Tuesday
6001039195,Pedestrian,70 to 74,2.0,,,,,2016,2016-06-15,37,0,LAWRENCE AVE E,VALPARAISO AVE,1.0,Mid-Block,No Control,Clear,"Dark, artificial",Dry,Fatal,Pedestrian Collisions,-79.2474,43.7551,June,Wednesday
6001041986,Motorcycle Driver,50 to 54,4.0,Motorcycle,,,,2016,2016-06-15,1231,12,YONGE ST,ADELAIDE ST E,1.0,Intersection,Traffic Controller,Clear,Daylight,Dry,Non-Fatal Injury,Rear End,-79.3784,43.6503,June,Wednesday
6001043780,Driver,40 to 44,1.0,"Automobile, Station Wagon",,,,2016,2016-06-15,1644,16,FINCH AVE E,GARVIN  MEWS,1.0,Mid-Block,No Control,Clear,Daylight,Dry,Non-Fatal Injury,Pedestrian Collisions,-79.401,43.7829,June,Wednesday
6001053517,Pedestrian,20 to 24,2.0,,,,,2016,2016-06-17,303,3,DANFORTH RD,ST CLAIR AVE E,3.0,Mid-Block,No Control,Clear,"Dark, artificial",Dry,Fatal,Pedestrian Collisions,-79.2603,43.7156,June,Friday
6001054585,Driver,20 to 24,1.0,"Bus (Other) (Go Bus, Gray Coach)",,,,2016,2016-06-17,855,8,DUFFERIN ST,CLOVERLAWN AVE,1.0,Intersection,No Control,Clear,Daylight,Dry,Non-Fatal Injury,Pedestrian Collisions,-79.4444,43.6812,June,Friday
6001057996,Motorcycle Driver,20 to 24,4.0,Motorcycle,Yes,,,2016,2016-06-17,1737,17,CALEDONIA RD,CASTLEFIELD AVE,3.0,Mid-Block,No Control,Clear,Daylight,Dry,Non-Fatal Injury,Turning Movement,-79.4636,43.6988,June,Friday
6001066822,Driver,20 to 24,3.0,"Automobile, Station Wagon",,Yes,,2016,2016-06-19,20,0,ELLESMERE RD,WARDEN AVE,1.0,Intersection,Traffic Signal,Clear,"Dark, artificial",Dry,Non-Fatal Injury,Angle,-79.3007,43.7611,June,Sunday
6001074563,Driver,55 to 59,1.0,"Automobile, Station Wagon",,,,2016,2016-06-20,910,9,540 BRIMLEY RD,,1.0,Intersection,No Control,Clear,Daylight,Dry,Non-Fatal Injury,Turning Movement,-79.2488,43.7378,June,Monday
6001076116,Driver,50 to 54,1.0,"Automobile, Station Wagon",,,,2016,2016-06-20,1307,13,ORMEROD ST,VERNE CRES,4.0,Intersection,No Control,Clear,Daylight,Dry,Non-Fatal Injury,Cyclist Collisions,-79.2373,43.7951,June,Monday
6001084832,Driver,30 to 34,1.0,"Automobile, Station Wagon",,,,2016,2016-06-21,1621,16,81 JANRAY DR,,4.0,Mid-Block,No Control,Clear,Daylight,Dry,Non-Fatal Injury,Pedestrian Collisions,-79.218,43.7652,June,Tuesday
6001086045,Driver,20 to 24,4.0,"Automobile, Station Wagon",,,,2016,2016-06-21,2030,20,SHEPPARD AVE W,NORTHOVER ST,1.0,Mid-Block,No Control,Clear,Daylight,Dry,Non-Fatal Injury,Rear End,-79.5028,43.7411,June,Tuesday
6001088034,Pedestrian,65 to 69,2.0,,,,,2016,2016-06-22,655,6,DYNEVOR RD,KIRKNEWTON RD,4.0,Mid-Block,No Control,Clear,Daylight,Dry,Fatal,Pedestrian Collisions,-79.4505,43.691,June,Wednesday
6001090221,Driver,85 to 89,1.0,"Automobile, Station Wagon",,,,2016,2016-06-22,1305,13,SHEPPARD AVE E,PROVOST DR,1.0,Intersection,Traffic Signal,Clear,Daylight,Dry,Non-Fatal Injury,Pedestrian Collisions,-79.3712,43.7703,June,Wednesday
6001093797,Driver,25 to 29,1.0,"Automobile, Station Wagon",,,,2016,2016-06-22,2315,23,120 BEVERLY HILLS DR,,2.0,Mid-Block,No Control,Clear,"Dark, artificial",Dry,Non-Fatal Injury,Pedestrian Collisions,-79.5162,43.7183,June,Wednesday
6001099708,Truck Driver,35 to 39,1.0,"Truck - Closed (Blazer, etc)",,,,2016,2016-06-23,1949,19,DUNDAS ST W,SHORNCLIFFE RD,1.0,Intersection,Traffic Controller,Clear,Daylight,Dry,Non-Fatal Injury,Pedestrian Collisions,-79.5446,43.6321,June,Thursday
6001102094,Motorcycle Driver,30 to 34,4.0,Motorcycle,Yes,,,2016,2016-06-24,707,7,THE QUEENSWAY,427 C S QUEENSWAY RAMP,1.0,Mid-Block,No Control,Clear,Daylight,Dry,Non-Fatal Injury,SMV Other,-79.5544,43.6144,June,Friday
6001104795,Driver,20 to 24,1.0,"Automobile, Station Wagon",,,,2016,2016-06-24,1445,14,720 RENFORTH DR,,3.0,Mid-Block,Pedestrian Crossover,Clear,Daylight,Dry,Non-Fatal Injury,Pedestrian Collisions,-79.5851,43.6639,June,Friday
6001117319,Driver,70 to 74,4.0,"Automobile, Station Wagon",,,,2016,2016-06-26,1300,13,MCCOWAN RD,MCNICOLL AVE,1.0,Intersection,Traffic Signal,Clear,Daylight,Dry,Non-Fatal Injury,Sideswipe,-79.2719,43.8178,June,Sunday
6001119393,Driver,60 to 64,1.0,"Automobile, Station Wagon",,,,2016,2016-06-26,1948,19,PARKSIDE DR,SPRING RD,1.0,Intersection,Traffic Signal,Clear,Daylight,Dry,Non-Fatal Injury,Pedestrian Collisions,-79.4546,43.6409,June,Sunday
6001125472,Driver,50 to 54,1.0,"Automobile, Station Wagon",,,,2016,2016-06-27,1745,17,DON MILLS RD,HELEN LU  RD,1.0,Intersection,Traffic Signal,Clear,Daylight,Dry,Non-Fatal Injury,Turning Movement,-79.3462,43.7723,June,Monday
6001139376,Cyclist,10 to 14,4.0,Bicycle,,,,2016,2016-06-29,1908,19,99 HUMBER BLVD,,2.0,Mid-Block,No Control,Clear,Daylight,Dry,Non-Fatal Injury,Cyclist Collisions,-79.4822,43.6798,June,Wednesday
6001139914,Driver,65 to 69,4.0,"Automobile, Station Wagon",,,,2016,2016-06-29,2050,20,ALBION RD,SILVERSTONE DR,1.0,Mid-Block,No Control,Clear,"Dusk, artificial",Dry,Non-Fatal Injury,SMV Other,-79.599,43.7427,June,Wednesday
6001143418,Cyclist,20 to 24,4.0,Bicycle,,,,2016,2016-06-30,1143,11,JANE ST,WILSON AVE,1.0,Intersection,Traffic Signal,Clear,Daylight,Dry,Non-Fatal Injury,Cyclist Collisions,-79.5086,43.7209,June,Thursday
6001148788,Motorcycle Driver,35 to 39,4.0,Motorcycle,,,,2016,2016-07-01,405,4,F G GARDINER XY  E,DON VALLEY PARKWAY  N,1.0,Mid-Block,No Control,Clear,"Dark, artificial",Dry,Non-Fatal Injury,SMV Other,-79.3475,43.6506,July,Friday
6001154162,Driver,35 to 39,1.0,"Automobile, Station Wagon",Yes,,,2016,2016-07-02,244,2,FINCH AVE W,SENTINEL RD,1.0,Intersection,Traffic Signal,Clear,"Dark, artificial",Dry,Non-Fatal Injury,Pedestrian Collisions,-79.4999,43.7609,July,Saturday
6001157650,Passenger,35 to 39,2.0,,Yes,,,2016,2016-07-02,1812,18,QUEENS QUAY E,BONNYCASTLE ST,3.0,Mid-Block,No Control,Clear,Daylight,Dry,Fatal,SMV Other,-79.3634,43.6458,July,Saturday
6001171035,Driver,25 to 29,1.0,Passenger Van,Yes,,,2016,2016-07-04,2055,20,KIPLING AVE,WESTHUMBER BLVD,1.0,Intersection,Traffic Signal,Clear,"Dusk, artificial",Dry,Fatal,Pedestrian Collisions,-79.5746,43.7281,July,Monday
6001174210,Pedestrian,55 to 59,2.0,,,,,2016,2016-07-05,1120,11,ALBION RD,ISLINGTON AVE,1.0,Intersection,Traffic Signal,Clear,Daylight,Dry,Fatal,Pedestrian Collisions,-79.5652,43.7371,July,Tuesday
6001174772,Cyclist,70 to 74,2.0,Bicycle,,,,2016,2016-07-05,1247,12,740 DUPONT ST,,1.0,Mid-Block,No Control,Clear,Daylight,Dry,Fatal,Cyclist Collisions,-79.4237,43.6711,July,Tuesday
6001177381,Driver,60 to 64,1.0,"Automobile, Station Wagon",,,,2016,2016-07-05,2005,20,EGLINTON AVE E,MARKHAM RD,1.0,Intersection,Traffic Signal,Clear,Daylight,Dry,Non-Fatal Injury,Pedestrian Collisions,-79.2188,43.7431,July,Tuesday
6001183781,Motorcycle Driver,40 to 44,2.0,Motorcycle,Yes,,,2016,2016-07-06,1831,18,401 C W MCCOWAN N RAMP RD,MCCOWAN RD,1.0,Mid-Block,No Control,Clear,Daylight,Dry,Fatal,SMV Other,-79.2557,43.7835,July,Wednesday
6001186326,Motorcycle Driver,55 to 59,4.0,Motorcycle,,,,2016,2016-07-07,654,6,HIGHWAY 27  N,CARRIER DR,1.0,Intersection,Traffic Signal,Clear,Daylight,Dry,Non-Fatal Injury,Rear End,-79.6054,43.739,July,Thursday
6001192088,Driver,65 to 69,1.0,"Automobile, Station Wagon",,,,2016,2016-07-06,2304,23,EGLINTON AVE E,SWIFT DR,1.0,Intersection,Traffic Signal,Clear,"Dark, artificial",Dry,Non-Fatal Injury,Pedestrian Collisions,-79.3182,43.7261,July,Wednesday
6001198953,Driver,15 to 19,4.0,"Automobile, Station Wagon",Yes,,,2016,2016-07-08,2339,23,GALLOWAY RD,DEARHAM WOOD,2.0,Intersection,Stop Sign,Clear,"Dark, artificial",Dry,Non-Fatal Injury,SMV Other,-79.1907,43.7527,July,Friday
6001200915,Driver,60 to 64,3.0,"Automobile, Station Wagon",,,,2016,2016-07-09,930,9,CHURCH ST,BLOOR ST E,1.0,Intersection,Traffic Signal,Clear,Daylight,Dry,Non-Fatal Injury,Turning Movement,-79.3831,43.671,July,Saturday
6001210183,Driver,40 to 44,1.0,"Automobile, Station Wagon",,,,2016,2016-07-10,2024,20,WARDEN AVE,FINCH AVE E,1.0,Intersection,Traffic Signal,Clear,Daylight,Dry,Non-Fatal Injury,Turning Movement,-79.3157,43.7967,July,Sunday
6001210944,Driver,60 to 64,1.0,"Automobile, Station Wagon",,,,2016,2016-07-10,2240,22,LAKE SHORE BLVD W,MARINE PARADE DR,1.0,Intersection,Traffic Signal,Clear,"Dark, artificial",Dry,Non-Fatal Injury,Pedestrian Collisions,-79.4811,43.6228,July,Sunday
6001211373,Cyclist,25 to 29,4.0,Bicycle,,,,2016,2016-07-11,27,0,429 DUNDAS ST E,,1.0,Intersection,No Control,Clear,"Dark, artificial",Dry,Non-Fatal Injury,Cyclist Collisions,-79.3666,43.6592,July,Monday
6001219608,Cyclist,50 to 54,4.0,Bicycle,,,,2016,2016-07-12,910,9,AVENUE RD,CHAPLIN CRES,1.0,Intersection,Traffic Signal,Clear,Daylight,Dry,Non-Fatal Injury,Cyclist Collisions,-79.4061,43.6987,July,Tuesday
6001220813,Cyclist,15 to 19,4.0,Bicycle,,,,2016,2016-07-12,1235,12,PAPE AVE,COSBURN AVE,1.0,Intersection,Traffic Signal,Clear,Daylight,Dry,Non-Fatal Injury,Cyclist Collisions,-79.3488,43.6894,July,Tuesday
6001222638,Driver,55 to 59,2.0,"Automobile, Station Wagon",,,,2016,2016-07-12,1710,17,BIRMINGHAM ST,ELSINORE PATH,2.0,Intersection,No Control,Clear,Daylight,Dry,Fatal,SMV Other,-79.5107,43.6022,July,Tuesday
6001228387,Driver,60 to 64,1.0,"Automobile, Station Wagon",,,,2016,2016-07-13,1413,14,JANE ST,WILLIAM CRAGG DR,1.0,Intersection,No Control,Clear,Daylight,Dry,Non-Fatal Injury,Turning Movement,-79.5089,43.7223,July,Wednesday
6001230859,Driver,50 to 54,4.0,"Automobile, Station Wagon",,,,2016,2016-07-13,2035,20,BAYVIEW AVE,BROADWAY AVE,1.0,Intersection,Traffic Signal,Clear,Daylight,Dry,Non-Fatal Injury,Turning Movement,-79.3776,43.7138,July,Wednesday
6001231273,Driver,45 to 49,1.0,"Automobile, Station Wagon",,,,2016,2016-07-13,2205,22,UNIVERSITY AVE,GERRARD ST W,1.0,Intersection,Traffic Signal,Clear,"Dark, artificial",Dry,Non-Fatal Injury,Turning Movement,-79.3894,43.6575,July,Wednesday
6001239571,Driver,45 to 49,1.0,"Automobile, Station Wagon",,,,2016,2016-07-15,630,6,BAMBURGH CRCL,MONTAGUE PL,2.0,Intersection,No Control,Clear,Daylight,Dry,Non-Fatal Injury,Pedestrian Collisions,-79.3224,43.8118,July,Friday
6001249776,Driver,45 to 49,1.0,Passenger Van,,,,2016,2016-07-16,1821,18,MARKHAM RD,LAWRENCE AVE E,1.0,Intersection,No Control,Clear,Daylight,Dry,Non-Fatal Injury,Pedestrian Collisions,-79.2253,43.7598,July,Saturday
6001250602,Driver,75 to 79,1.0,"Automobile, Station Wagon",,,,2016,2016-07-16,2111,21,STEELES AVE E,BESTVIEW DR,1.0,Intersection,No Control,Clear,"Dusk, artificial",Dry,Non-Fatal Injury,Turning Movement,-79.3833,43.806,July,Saturday
6001269035,Driver,50 to 54,1.0,"Automobile, Station Wagon",,,,2016,2016-07-19,1850,18,RICHMOND ST W,PORTLAND ST,1.0,Intersection,No Control,Clear,Daylight,Dry,Non-Fatal Injury,Cyclist Collisions,-79.401,43.6468,July,Tuesday
6001283246,Driver,65 to 69,1.0,Passenger Van,,,,2016,2016-07-21,2127,21,THE EAST MALL,RATHBURN RD,3.0,Mid-Block,No Control,Clear,"Dark, artificial",Dry,Non-Fatal Injury,Cyclist Collisions,-79.5634,43.6532,July,Thursday
6001283633,Driver,85 to 89,1.0,"Automobile, Station Wagon",,,,2016,2016-07-21,2247,22,JARVIS ST,DUNDAS ST E,1.0,Intersection,No Control,Clear,"Dusk, artificial",Dry,Non-Fatal Injury,Pedestrian Collisions,-79.3745,43.6569,July,Thursday
6001284947,Driver,55 to 59,1.0,"Automobile, Station Wagon",,,,2016,2016-07-22,630,6,LAWRENCE AVE W,WESTON RD,1.0,Intersection,Traffic Signal,Clear,"Dawn, artificial",Dry,Non-Fatal Injury,Turning Movement,-79.5161,43.7,July,Friday
6001286776,Driver,25 to 29,3.0,"Automobile, Station Wagon",,,,2016,2016-07-22,1223,12,ST CLAIR AVE W,WESTON RD,1.0,Intersection,Traffic Signal,Clear,Daylight,Dry,Non-Fatal Injury,Pedestrian Collisions,-79.4675,43.6724,July,Friday
6001288485,Driver,50 to 54,1.0,"Automobile, Station Wagon",Yes,,,2016,2016-07-22,1702,17,TRETHEWEY DR,PLATINUM DR,3.0,Intersection,Stop Sign,Clear,Daylight,Dry,Non-Fatal Injury,Angle,-79.4989,43.6972,July,Friday
6001289424,Motorcycle Driver,30 to 34,2.0,Motorcycle,Yes,,,2016,2016-07-22,1948,19,ROYAL YORK RD,STRATH HUMBER CRT,3.0,Intersection,No Control,Clear,Daylight,Dry,Fatal,Turning Movement,-79.5175,43.6613,July,Friday
6001300022,Cyclist,25 to 29,1.0,Bicycle,,,,2016,2016-07-24,1349,13,VICTORIA PARK AVE,HIGHWAY 401 C  W,1.0,Mid-Block,No Control,Clear,Daylight,Dry,Non-Fatal Injury,Cyclist Collisions,-79.3197,43.7683,July,Sunday
6001301961,Driver,20 to 24,1.0,"Automobile, Station Wagon",Yes,,,2016,2016-07-24,2030,20,DANFORTH AVE,BIRCHMOUNT RD,3.0,Mid-Block,No Control,Clear,Dusk,Dry,Non-Fatal Injury,Other,-79.2624,43.6974,July,Sunday
6001309573,Cyclist,35 to 39,4.0,Bicycle,,,,2016,2016-07-25,2359,23,KENNEDY RD,MERRIAN RD,1.0,Intersection,Traffic Signal,Clear,"Dark, artificial",Dry,Non-Fatal Injury,Cyclist Collisions,-79.2658,43.7273,July,Monday
6001310916,Driver,30 to 34,1.0,"Automobile, Station Wagon",,,,2016,2016-07-26,836,8,WILSON HEIGHTS BLVD,CODSELL AVE,2.0,Intersection,Stop Sign,Clear,Daylight,Dry,Non-Fatal Injury,Turning Movement,-79.4589,43.7541,July,Tuesday
6001326720,Pedestrian,80 to 84,2.0,,,,,2016,2016-07-28,1450,14,PARLIAMENT ST,SHUTER ST,3.0,Intersection,Traffic Signal,Clear,Daylight,Dry,Fatal,Pedestrian Collisions,-79.3649,43.6569,July,Thursday
6001333715,Cyclist,30 to 34,1.0,Bicycle,,,,2016,2016-07-29,1645,16,JANE ST,SHOREHAM DR,1.0,Mid-Block,No Control,Clear,Daylight,Dry,Non-Fatal Injury,Cyclist Collisions,-79.5205,43.7696,July,Friday
6001334259,Driver,25 to 29,1.0,"Automobile, Station Wagon",Yes,,,2016,2016-07-29,1825,18,KINGSTON RD,GUILDCREST DR,1.0,Intersection,No Control,Clear,Daylight,Dry,Fatal,Pedestrian Collisions,-79.2076,43.7478,July,Friday
6001341956,Driver,15 to 19,4.0,"Automobile, Station Wagon",,,,2016,2016-07-30,2248,22,PARK LAWN RD,THE QUEENSWAY,1.0,Intersection,Traffic Signal,Clear,"Dark, artificial",Dry,Non-Fatal Injury,SMV Other,-79.4903,43.6289,July,Saturday
6001345276,Driver,60 to 64,4.0,"Automobile, Station Wagon",,,,2016,2016-07-31,1355,13,MORNINGSIDE AVE,ELLESMERE RD,1.0,Mid-Block,No Control,Rain,Daylight,Wet,Non-Fatal Injury,Turning Movement,-79.1923,43.7829,July,Sunday
6001348693,Driver,20 to 24,1.0,"Automobile, Station Wagon",,,,2016,2016-08-01,156,1,MORNINGSIDE AVE,HALFWAY AVE,3.0,Intersection,No Control,Clear,"Dark, artificial",Dry,Non-Fatal Injury,Rear End,-79.2136,43.8178,August,Monday
6001358700,Motorcycle Driver,15 to 19,4.0,Motorcycle,,,,2016,2016-08-02,1745,17,FRONT ST E,YONGE ST,1.0,Intersection,Traffic Signal,Clear,Daylight,Dry,Non-Fatal Injury,Rear End,-79.3769,43.6468,August,Tuesday
6001359904,Driver,55 to 59,1.0,Passenger Van,,,,2016,2016-08-02,2112,21,BLUE JAYS WAY,NAVY WHARF CRT,3.0,Intersection,Stop Sign,Clear,"Dark, artificial",Dry,Non-Fatal Injury,Pedestrian Collisions,-79.3918,43.6415,August,Tuesday
6001363275,Driver,25 to 29,3.0,"Automobile, Station Wagon",,,,2016,2016-08-03,1154,11,STEELES AVE W,HILDA AVE,1.0,Intersection,Traffic Signal,Clear,Daylight,Dry,Non-Fatal Injury,Turning Movement,-79.4292,43.7959,August,Wednesday
6001365744,Driver,60 to 64,5.0,"Automobile, Station Wagon",,Yes,,2016,2016-08-03,1822,18,ELLESMERE RD,HELICON GT,1.0,Intersection,Traffic Signal,Clear,Daylight,Dry,Non-Fatal Injury,Turning Movement,-79.2221,43.7784,August,Wednesday
6001365949,Motorcycle Driver,40 to 44,4.0,Motorcycle,,,,2016,2016-08-03,1858,18,DUFFERIN ST,WATERLOO AVE,4.0,Intersection,Stop Sign,Clear,Daylight,Dry,Non-Fatal Injury,Turning Movement,-79.4637,43.7544,August,Wednesday
6001376721,Pedestrian,80 to 84,2.0,,,,,2016,2016-08-05,1225,12,FINCH AVE W,TALBOT RD,1.0,Mid-Block,No Control,Clear,Daylight,Dry,Fatal,Pedestrian Collisions,-79.4223,43.7782,August,Friday
6001378926,Truck Driver,45 to 49,1.0,Truck-Tractor,Yes,,,2016,2016-08-05,1829,18,REXDALE BLVD,HUMBERWOOD BLVD,1.0,Mid-Block,No Control,Clear,Daylight,Dry,Fatal,Approaching,-79.6113,43.7205,August,Friday
6001385962,Driver,50 to 54,3.0,"Automobile, Station Wagon",,,,2016,2016-08-06,2029,20,LAKE SHORE BLVD E,DON ROADWAY,1.0,Intersection,Traffic Signal,Clear,Daylight,Dry,Non-Fatal Injury,Turning Movement,-79.3469,43.6508,August,Saturday
6001402361,Motorcycle Driver,30 to 34,4.0,Motorcycle,Yes,,,2016,2016-08-09,1228,12,KEELE ST,HIRONS ST,1.0,Intersection,Stop Sign,Clear,Daylight,Dry,Non-Fatal Injury,Turning Movement,-79.4662,43.6694,August,Tuesday
6001406724,Driver,unknown,1.0,,,,,2016,2016-08-10,329,3,DANFORTH RD,THICKETWOOD DR      (431),1.0,Intersection,Stop Sign,Clear,"Daylight, artificial",Wet,Non-Fatal Injury,Angle,-79.2446,43.7447,August,Wednesday
6001410250,Driver,60 to 64,1.0,"Automobile, Station Wagon",,,,2016,2016-08-10,1603,16,MARCELLA ST,ANGORA ST,4.0,Intersection,Stop Sign,Clear,Daylight,Dry,Non-Fatal Injury,Angle,-79.2138,43.759,August,Wednesday
6001416564,Driver,45 to 49,1.0,"Automobile, Station Wagon",Yes,,,2016,2016-08-11,1603,16,WESTHUMBER BLVD,KIPLING AVE,1.0,Intersection,Traffic Signal,Clear,Daylight,Dry,Non-Fatal Injury,Pedestrian Collisions,-79.5746,43.728,August,Thursday
6001431942,Motorcycle Driver,25 to 29,4.0,Motorcycle,,,,2016,2016-08-13,2223,22,LAKE SHORE BLVD W,LONG BRANCH AVE,1.0,Mid-Block,No Control,Clear,"Dark, artificial",Wet,Non-Fatal Injury,SMV Other,-79.5345,43.5941,August,Saturday
6001433140,Driver,20 to 24,2.0,"Automobile, Station Wagon",Yes,,,2016,2016-08-14,250,2,STEELES AVE E,REESOR RD,3.0,Mid-Block,No Control,Clear,Dark,Dry,Fatal,Approaching,-79.1979,43.8487,August,Sunday
6001446484,Driver,20 to 24,1.0,"Automobile, Station Wagon",,,,2016,2016-08-16,917,9,WELLESLEY ST E,PARLIAMENT ST,3.0,Intersection,Traffic Signal,Rain,Daylight,Wet,Non-Fatal Injury,Pedestrian Collisions,-79.3695,43.6681,August,Tuesday
6001451280,Cyclist,30 to 34,4.0,Bicycle,,,,2016,2016-08-16,2325,23,THE WEST MALL,THE QUEENSWAY,1.0,Intersection,Traffic Signal,Clear,"Dark, artificial",Dry,Non-Fatal Injury,Cyclist Collisions,-79.5626,43.6123,August,Tuesday
6001455596,Driver,55 to 59,4.0,"Automobile, Station Wagon",Yes,,,2016,2016-08-17,1606,16,KEELE ST,MURRAY ROSS PKWY,1.0,Mid-Block,No Control,Clear,Daylight,Dry,Non-Fatal Injury,Approaching,-79.4923,43.7686,August,Wednesday
6001466377,Pedestrian,80 to 84,2.0,,,,,2016,2016-08-19,904,9,FINCH AVE E,SKYMARK DR,1.0,Intersection,Traffic Signal,Clear,Daylight,Dry,Fatal,Pedestrian Collisions,-79.3522,43.7931,August,Friday
6001469848,Driver,40 to 44,1.0,"Automobile, Station Wagon",,,,2016,2016-08-19,1853,18,KIPLING AVE,DIXON RD,1.0,Intersection,Traffic Signal,Clear,Daylight,Dry,Non-Fatal Injury,Pedestrian Collisions,-79.5586,43.6941,August,Friday
6001470144,Motorcycle Driver,20 to 24,4.0,Motorcycle,Yes,,,2016,2016-08-19,1948,19,CONLINS RD,MILNER AVE,2.0,Mid-Block,No Control,Clear,Daylight,Dry,Non-Fatal Injury,Sideswipe,-79.1882,43.7998,August,Friday
6001474436,Driver,80 to 84,4.0,"Automobile, Station Wagon",Yes,,,2016,2016-08-20,1323,13,SHEPPARD AVE W,JANE ST,1.0,Intersection,Traffic Signal,Clear,Daylight,Dry,Non-Fatal Injury,Approaching,-79.5131,43.7393,August,Saturday
6001479157,Driver,20 to 24,4.0,"Automobile, Station Wagon",Yes,,,2016,2016-08-21,634,6,FINCH AVE E,TRUDY RD,1.0,Intersection,No Control,Clear,Daylight,Dry,Non-Fatal Injury,SMV Other,-79.363,43.7907,August,Sunday
6001481386,Driver,35 to 39,1.0,"Automobile, Station Wagon",,,,2016,2016-08-21,1617,16,ALBION RD,HIGHWAY 27  N,1.0,Intersection,Traffic Signal,Clear,Daylight,Dry,Non-Fatal Injury,Turning Movement,-79.6075,43.7442,August,Sunday
6001486402,Driver,60 to 64,1.0,"Automobile, Station Wagon",,,,2016,2016-08-22,1312,13,DUFFERIN ST,DUNDAS ST W,3.0,Intersection,Traffic Signal,Clear,Daylight,Dry,Non-Fatal Injury,Pedestrian Collisions,-79.4314,43.6495,August,Monday
6001501601,Driver,30 to 34,4.0,"Automobile, Station Wagon",,,,2016,2016-08-24,1811,18,JANE ST,ALLIANCE AVE,1.0,Mid-Block,No Control,Clear,Daylight,Dry,Non-Fatal Injury,Rear End,-79.4959,43.6766,August,Wednesday
6001509218,Driver,30 to 34,1.0,"Automobile, Station Wagon",,,,2016,2016-08-25,2153,21,DIXON RD,ISLINGTON AVE,1.0,Intersection,Traffic Signal,Clear,"Dark, artificial",Dry,Non-Fatal Injury,Pedestrian Collisions,-79.5466,43.6969,August,Thursday
6001511108,Driver,30 to 34,1.0,"Automobile, Station Wagon",,Yes,,2016,2016-08-26,850,8,LOWER JARVIS ST,LAKE SHORE BLVD E,1.0,Intersection,Traffic Signal,Clear,Daylight,Dry,Non-Fatal Injury,Pedestrian Collisions,-79.3698,43.6455,August,Friday
6001513720,Driver,unknown,1.0,"Automobile, Station Wagon",,,,2016,2016-08-26,1600,16,116 ELINOR AVE,JOY DR,4.0,Mid-Block,No Control,Clear,Daylight,Dry,Non-Fatal Injury,Cyclist Collisions,-79.3037,43.752,August,Friday
6001515823,Motorcycle Driver,40 to 44,4.0,Motorcycle,Yes,,,2016,2016-08-26,2215,22,LAKE SHORE BLVD W,BRITISH COLUMBIA RD,1.0,Mid-Block,No Control,Clear,"Dark, artificial",Dry,Non-Fatal Injury,Sideswipe,-79.4255,43.6299,August,Friday
6001519318,Driver,70 to 74,1.0,"Automobile, Station Wagon",,,,2016,2016-08-27,1356,13,ROYAL YORK RD,NEWCASTLE ST,3.0,Intersection,Traffic Signal,Clear,Daylight,Dry,Non-Fatal Injury,Pedestrian Collisions,-79.4988,43.6174,August,Saturday