ACCNUM,INVTYPE,INVAGE,INJURY_ID,VEHTYPE,SPEEDING,REDLIGHT,ALCOHOL,YEAR,DATE,TIME,HOUR,STREET1,STREET2,ROAD_CLASS_ID,LOCCOORD,TRAFFCTL,VISIBILITY,LIGHT,RDSFCOND,ACCLASS,IMPACTYPE,Longitude,Latitude,Month,Day_of_Week
6001526094,Driver,15 to 19,1.0,,Yes,,,2016,2016-08-27,2315,23,18 CORTLEIGH BLVD,,4.0,Mid-Block,No Control,Clear,Dark,Dry,Non-Fatal Injury,Other,-79.4074,43.7134,August,Saturday
6001529591,Driver,35 to 39,1.0,"Automobile, Station Wagon",,,,2016,2016-08-29,745,7,STEELES AVE E,PHARMACY AVE,1.0,Intersection,Traffic Signal,Clear,Daylight,Dry,Non-Fatal Injury,Pedestrian Collisions,-79.3364,43.8168,August,Monday
6001532518,Driver,55 to 59,1.0,"Automobile, Station Wagon",,,,2016,2016-08-29,1610,16,WARDEN AVE,CONTINENTAL PL,1.0,Intersection,Stop Sign,Clear,Daylight,Dry,Non-Fatal Injury,Turning Movement,-79.3012,43.7634,August,Monday
6001535813,Passenger,25 to 29,2.0,,,,,2016,2016-08-30,630,6,WARDEN AVE,FINCH AVE E,1.0,Intersection,Traffic Signal,Clear,Daylight,Dry,Fatal,Rear End,-79.3157,43.7967,August,Tuesday
6001551246,Cyclist,60 to 64,4.0,Bicycle,,,,2016,2016-09-01,1413,14,ROGERS RD,KANE AVE,3.0,Intersection,No Control,Clear,Daylight,Dry,Non-Fatal Injury,Cyclist Collisions,-79.4665,43.682,September,Thursday
6001553958,Motorcycle Driver,30 to 34,2.0,Motorcycle,,,,2016,2016-09-01,2230,22,BAY ST,HARBOUR ST,1.0,Intersection,Traffic Signal,Clear,"Dark, artificial",Dry,Fatal,Turning Movement,-79.3774,43.642,September,Thursday
6001558550,Driver,55 to 59,1.0,"Automobile, Station Wagon",,,,2016,2016-09-02,1630,16,LONSDALE RD,ORIOLE RD,1.0,Intersection,No Control,Clear,Daylight,Dry,Non-Fatal Injury,Cyclist Collisions,-79.4015,43.691,September,Friday
6001569976,Passenger,20 to 24,1.0,,,,,2016,2016-09-04,1400,14,GERRARD ST E,RIVER ST,3.0,Mid-Block,No Control,Clear,Daylight,Dry,Non-Fatal Injury,Cyclist Collisions,-79.3582,43.6639,September,Sunday
6001573505,Driver,45 to 49,1.0,"Automobile, Station Wagon",,Yes,,2016,2016-09-05,210,2,ST CLAIR AVE E,DANFORTH RD,1.0,Intersection,Traffic Signal,Clear,"Dark, artificial",Dry,Non-Fatal Injury,Angle,-79.2598,43.7167,September,Monday
6001573551,Passenger,25 to 29,2.0,,Yes,,Yes,2016,2016-09-05,220,2,MOUNT PLEASANT RD,ROXBOROUGH DR,1.0,Intersection,No Control,Clear,Dark,Dry,Fatal,SMV Other,-79.3824,43.6807,September,Monday
6001576323,Driver,80 to 84,1.0,"Automobile, Station Wagon",,,,2016,2016-09-05,1600,16,KINGSTON RD,FALLINGBROOK RD,1.0,Intersection,Traffic Signal,Clear,Daylight,Dry,Non-Fatal Injury,Turning Movement,-79.2792,43.6821,September,Monday
6001577121,Driver,35 to 39,1.0,"Automobile, Station Wagon",Yes,,,2016,2016-09-05,1913,19,CARLTON ST,SEATON ST,3.0,Intersection,No Control,Clear,Daylight,Dry,Non-Fatal Injury,Cyclist Collisions,-79.3714,43.6634,September,Monday
6001582808,Driver,25 to 29,1.0,"Automobile, Station Wagon",,,,2016,2016-09-06,1643,16,HULLRICK DR,CINRICKBAR DR,4.0,Intersection,Stop Sign,Clear,Daylight,Dry,Non-Fatal Injury,Angle,-79.62,43.7229,September,Tuesday
6001585257,Pedestrian,20 to 24,4.0,,,,Yes,2016,2016-09-07,28,0,DANFORTH RD,BARRYMORE RD,1.0,Mid-Block,No Control,Clear,"Dark, artificial",Dry,Non-Fatal Injury,Pedestrian Collisions,-79.2444,43.7503,September,Wednesday
6001592206,Driver,50 to 54,1.0,"Automobile, Station Wagon",Yes,,,2016,2016-09-08,37,0,MELFORD DR,TAPSCOTT RD,2.0,Mid-Block,No Control,Rain,"Dark, artificial",Wet,Non-Fatal Injury,SMV Unattended Vehicle,-79.2366,43.8107,September,Thursday
6001599913,Driver,35 to 39,4.0,"Automobile, Station Wagon",,,,2016,2016-09-09,610,6,VICTORIA PARK AVE,HUNTINGWOOD DR,1.0,Mid-Block,No Control,Clear,"Dark, artificial",Dry,Non-Fatal Injury,SMV Other,-79.3249,43.7794,September,Friday
6001603750,Driver,unknown,1.0,"Automobile, Station Wagon",,,,2016,2016-09-09,1733,17,LAUDER AVE,AMHERST AVE,4.0,Mid-Block,No Control,Clear,"Dark, artificial",Dry,Non-Fatal Injury,Pedestrian Collisions,-79.4448,43.6913,September,Friday
6001605609,Driver,30 to 34,3.0,"Automobile, Station Wagon",,,,2016,2016-09-09,2305,23,BATHURST ST,COCKSFIELD AVE,1.0,Mid-Block,No Control,Clear,"Dark, artificial",Dry,Non-Fatal Injury,Pedestrian Collisions,-79.4387,43.7567,September,Friday
6001612832,Driver,45 to 49,5.0,Passenger Van,Yes,,,2016,2016-09-11,230,2,JARVIS ST,GERRARD ST E,1.0,Intersection,Traffic Signal,Clear,Dark,Dry,Non-Fatal Injury,Turning Movement,-79.3758,43.6603,September,Sunday
6001622859,Driver,50 to 54,1.0,"Automobile, Station Wagon",Yes,,,2016,2016-09-12,1651,16,SHEPPARD AVE E,VANDORF ST,3.0,Mid-Block,No Control,Clear,Daylight,Dry,Non-Fatal Injury,Rear End,-79.1542,43.8023,September,Monday
6001623474,Driver,30 to 34,1.0,"Automobile, Station Wagon",,,,2016,2016-09-12,1830,18,HAVENBROOK BLVD,DON MILLS RD,1.0,Intersection,Traffic Signal,Clear,Daylight,Dry,Non-Fatal Injury,Pedestrian Collisions,-79.3464,43.7694,September,Monday
6001643828,Motorcycle Driver,15 to 19,4.0,Motorcycle,Yes,,,2016,2016-09-15,1927,19,OSSINGTON AVE,ACORES AVE,3.0,Mid-Block,No Control,Clear,Daylight,Dry,Non-Fatal Injury,Sideswipe,-79.4294,43.671,September,Thursday
6001647391,Cyclist,40 to 44,4.0,Bicycle,,,,2016,2016-09-16,1047,10,SHEPPARD AV E,PALMDALE DR,1.0,Intersection,No Control,Clear,Daylight,Dry,Non-Fatal Injury,Cyclist Collisions,-79.3111,43.7779,September,Friday
6001648005,Driver,50 to 54,1.0,"Automobile, Station Wagon",,,,2016,2016-09-16,1242,12,110 ST REGIS CRES,,4.0,Mid-Block,No Control,Clear,Daylight,Dry,Fatal,Pedestrian Collisions,-79.4829,43.7547,September,Friday
6001650762,Driver,20 to 24,1.0,"Automobile, Station Wagon",,,,2016,2016-09-16,1955,19,BROWNS LINE,WOODBURY RD,1.0,Mid-Block,Pedestrian Crossover,Clear,Dark,Dry,Non-Fatal Injury,Pedestrian Collisions,-79.5441,43.5992,September,Friday
6001650779,Driver,20 to 24,3.0,"Automobile, Station Wagon",Yes,,,2016,2016-09-16,1955,19,O CONNOR DR,DOHME AVE,1.0,Mid-Block,No Control,Clear,"Dark, artificial",Dry,Non-Fatal Injury,Rear End,-79.3085,43.7108,September,Friday
6001668263,Motorcycle Driver,15 to 19,4.0,Motorcycle,,,,2016,2016-09-19,1534,15,DON MILLS RD W,GOODVIEW RD,1.0,Mid-Block,No Control,Clear,Daylight,Dry,Non-Fatal Injury,SMV Other,-79.3532,43.7844,September,Monday
6001675837,Driver,35 to 39,1.0,"Automobile, Station Wagon",,,,2016,2016-09-20,1721,17,JANE ST,COLBECK ST,1.0,Intersection,Pedestrian Crossover,Clear,Daylight,Dry,Non-Fatal Injury,Pedestrian Collisions,-79.4859,43.6528,September,Tuesday
6001676072,Driver,50 to 54,1.0,"Automobile, Station Wagon",,,,2016,2016-09-20,1754,17,BLOOR ST W,LIPPINCOTT ST,1.0,Intersection,Stop Sign,Clear,Daylight,Dry,Non-Fatal Injury,Cyclist Collisions,-79.4099,43.6653,September,Tuesday
6001676561,Driver,55 to 59,1.0,"Automobile, Station Wagon",,,,2016,2016-09-20,2130,21,SHEPPARD AVE E,BONESET RD,1.0,Mid-Block,No Control,Clear,"Dusk, artificial",Dry,Non-Fatal Injury,Pedestrian Collisions,-79.3332,43.7752,September,Tuesday
6001681800,Driver,65 to 69,1.0,"Automobile, Station Wagon",,,,2016,2016-09-21,1537,15,REXDALE BLVD,BERGAMOT AVE,1.0,Mid-Block,No Control,Clear,Daylight,Dry,Non-Fatal Injury,Turning Movement,-79.5618,43.7127,September,Wednesday
6001682532,Driver,30 to 34,1.0,"Automobile, Station Wagon",,,,2016,2016-09-21,1735,17,ST CLAIR AVE W,RUSHTON RD,1.0,Intersection,No Control,Clear,Daylight,Dry,Fatal,Pedestrian Collisions,-79.4276,43.6812,September,Wednesday
6001686289,Pedestrian,60 to 64,4.0,,,,,2016,2016-09-22,944,9,KING ST W,SIMCOE ST,1.0,Intersection,Traffic Signal,Clear,Daylight,Dry,Non-Fatal Injury,Pedestrian Collisions,-79.386,43.6473,September,Thursday
6001699155,Cyclist,10 to 14,4.0,Bicycle,,,,2016,2016-09-24,903,9,MIDLAND AVE,SHEPPARD AVE E,1.0,Intersection,Traffic Signal,Clear,Daylight,Dry,Non-Fatal Injury,Cyclist Collisions,-79.2785,43.7852,September,Saturday
6001707155,Driver,65 to 69,4.0,"Automobile, Station Wagon",,Yes,,2016,2016-09-25,1629,16,KEELE ST,STEELES AVE W,1.0,Intersection,Traffic Signal,Clear,Daylight,Dry,Non-Fatal Injury,Angle,-79.4944,43.7815,September,Sunday
6001710293,Truck Driver,45 to 49,1.0,Truck - Tank,,,,2016,2016-09-26,738,7,LOGAN AVE,DANFORTH AVE,1.0,Intersection,Traffic Controller,Clear,Daylight,Dry,Non-Fatal Injury,SMV Other,-79.3495,43.6779,September,Monday
6001713743,Motorcycle Driver,35 to 39,4.0,Motorcycle,,,,2016,2016-09-26,1709,17,THE QUEENSWAY,SOUTH KINGSWAY,1.0,Mid-Block,No Control,Clear,Daylight,Dry,Non-Fatal Injury,SMV Other,-79.4768,43.6323,September,Monday
6001717262,Driver,20 to 24,1.0,"Automobile, Station Wagon",,,,2016,2016-09-27,925,9,CUMMER AVE,PINEWAY BLVD,2.0,Intersection,Stop Sign,Clear,Daylight,Dry,Non-Fatal Injury,Pedestrian Collisions,-79.3758,43.7987,September,Tuesday
6001719331,Driver,40 to 44,1.0,"Automobile, Station Wagon",,,,2016,2016-09-06,2040,20,1058 GERRARD ST E,,3.0,Mid-Block,No Control,Clear,"Dark, artificial",Dry,Non-Fatal Injury,Pedestrian Collisions,-79.336,43.669,September,Tuesday
6001731128,Driver,70 to 74,2.0,"Automobile, Station Wagon",Yes,,,2016,2016-09-29,1040,10,2336 ST CLAIR AVE W,,1.0,Mid-Block,No Control,Rain,Daylight,Wet,Fatal,Sideswipe,-79.4791,43.6699,September,Thursday
6001735330,Driver,45 to 49,3.0,"Automobile, Station Wagon",,Yes,,2016,2016-09-29,2310,23,MIDLAND AVE,MCNICOLL AVE,1.0,Intersection,Traffic Signal,Clear,"Dark, artificial",Dry,Non-Fatal Injury,Angle,-79.2921,43.8145,September,Thursday
6001735682,Driver,15 to 19,1.0,"Automobile, Station Wagon",,Yes,,2016,2016-09-30,52,0,DUNDAS ST W,STERLING RD,3.0,Intersection,Traffic Signal,Clear,"Dark, artificial",Dry,Non-Fatal Injury,Turning Movement,-79.4429,43.6506,September,Friday
6001741045,Pedestrian,Over 95,2.0,,,,,2016,2016-09-30,1928,19,EGLINTON AVE W,CHILTERN HILL RD,1.0,Mid-Block,No Control,Clear,Dark,Dry,Fatal,Pedestrian Collisions,-79.427,43.7006,September,Friday
6001743580,Driver,50 to 54,1.0,"Automobile, Station Wagon",,,,2016,2016-10-01,510,5,THE QUEENSWAY,KIPLING AVE,1.0,Mid-Block,No Control,Clear,"Dark, artificial",Dry,Non-Fatal Injury,Pedestrian Collisions,-79.5321,43.6196,October,Saturday
6001750735,Driver,20 to 24,1.0,"Automobile, Station Wagon",,,,2016,2016-10-02,1058,10,EGLINTON AVE E,WINTER AVE,1.0,Intersection,Stop Sign,Clear,Daylight,Dry,Fatal,Pedestrian Collisions,-79.2543,43.7353,October,Sunday
6001753301,Pedestrian,70 to 74,2.0,,,,,2016,2016-10-02,1940,19,EGLINTON AVE E,MIDLAND AVE,1.0,Intersection,No Control,Rain,"Dark, artificial",Wet,Fatal,Pedestrian Collisions,-79.2601,43.734,October,Sunday
6001757672,Driver,20 to 24,4.0,"Automobile, Station Wagon",Yes,,,2016,2016-10-03,1317,13,BATHURST ST,VAUGHAN RD,1.0,Intersection,No Control,Clear,Daylight,Dry,Non-Fatal Injury,Angle,-79.4176,43.6815,October,Monday
6001758127,Driver,85 to 89,1.0,"Automobile, Station Wagon",,,,2016,2016-10-03,1426,14,KEELE ST,FLAMBOROUGH DR,1.0,Intersection,Traffic Signal,Clear,Daylight,Dry,Non-Fatal Injury,Cyclist Collisions,-79.4767,43.703,October,Monday
6001760592,Driver,25 to 29,4.0,"Automobile, Station Wagon",,,,2016,2016-10-03,2143,21,THORNCLIFFE PARK DR,OVERLEA DR,2.0,Mid-Block,No Control,Clear,"Dark, artificial",Dry,Non-Fatal Injury,Turning Movement,-79.343,43.7062,October,Monday
6001770159,Driver,75 to 79,1.0,"Automobile, Station Wagon",,,,2016,2016-10-05,957,9,ST GEORGE ST,RUSSELL ST,3.0,Mid-Block,Pedestrian Crossover,Clear,Daylight,Dry,Non-Fatal Injury,Pedestrian Collisions,-79.3971,43.6609,October,Wednesday
6001779522,Driver,unknown,1.0,"Automobile, Station Wagon",,,,2016,2016-10-05,2215,22,BLOOR ST E,DRUMSNAB RD,1.0,Intersection,No Control,Clear,"Dark, artificial",Dry,Non-Fatal Injury,Cyclist Collisions,-79.3673,43.6742,October,Wednesday
6001786629,Driver,60 to 64,1.0,"Automobile, Station Wagon",,,,2016,2016-10-07,1750,17,MONTGOMERY AV,MIDLAND AV,4.0,Mid-Block,No Control,Clear,Daylight,Dry,Non-Fatal Injury,Pedestrian Collisions,-79.2798,43.791,October,Friday
6001790676,Driver,70 to 74,1.0,"Automobile, Station Wagon",,,,2016,2016-10-08,1113,11,DUPLEX AVE,MONTGOMERY AVE,3.0,Intersection,Stop Sign,Clear,Daylight,Dry,Non-Fatal Injury,Pedestrian Collisions,-79.401,43.709,October,Saturday
6001798296,Driver,20 to 24,1.0,"Automobile, Station Wagon",,,,2016,2016-10-09,1747,17,LAWRENCE AVE W,WILLIAM R ALLEN RD N,1.0,Intersection,Traffic Signal,Clear,Daylight,Dry,Non-Fatal Injury,Turning Movement,-79.4431,43.7162,October,Sunday
6001799178,Pedestrian,15 to 19,4.0,,,,,2016,2016-10-09,2108,21,DANFORTH RD,FALMOUTH AVE,1.0,Intersection,No Control,Clear,"Dark, artificial",Dry,Non-Fatal Injury,Pedestrian Collisions,-79.2509,43.7304,October,Sunday
6001802808,Driver,20 to 24,1.0,"Automobile, Station Wagon",,,,2016,2016-10-10,1608,16,391 LAWSON RD,,2.0,Mid-Block,No Control,Clear,Daylight,Dry,Non-Fatal Injury,Rear End,-79.1457,43.7885,October,Monday
6001807391,Pedestrian,80 to 84,2.0,,,,,2016,2016-10-11,1152,11,8 SILVERDALE CRES,,2.0,Mid-Block,No Control,Clear,Daylight,Dry,Fatal,Pedestrian Collisions,-79.341,43.7564,October,Tuesday
6001813893,Driver,50 to 54,1.0,Pick Up Truck,,,,2016,2016-10-12,1109,11,DAVENPORT RD,OSSINGTON AVE,3.0,Intersection,Traffic Signal,Clear,Daylight,Dry,Fatal,Pedestrian Collisions,-79.4309,43.6747,October,Wednesday
6001813950,Pedestrian,40 to 44,2.0,,Yes,Yes,,2016,2016-10-12,1117,11,EGLINTON AVE E,MIDLAND AVE,1.0,Intersection,Traffic Signal,Clear,Daylight,Dry,Fatal,Pedestrian Collisions,-79.258,43.7345,October,Wednesday
6001830324,Motorcycle Driver,20 to 24,4.0,Motorcycle,,,,2016,2016-10-14,1918,19,JANE ST,MARSHLYNN AVE,1.0,Intersection,Stop Sign,Clear,"Dark, artificial",Dry,Non-Fatal Injury,Turning Movement,-79.5042,43.7044,October,Friday
6001858926,Motorcycle Driver,45 to 49,4.0,Motorcycle,,,,2016,2016-10-19,950,9,DON VALLEY PARKWAY  N,LAWRENCE AVE E,8.0,Mid-Block,No Control,Clear,Daylight,Dry,Non-Fatal Injury,Rear End,-79.332,43.7403,October,Wednesday
6001862709,Driver,20 to 24,1.0,"Automobile, Station Wagon",,,,2016,2016-10-19,2046,20,BROCK AVE,MOUTRAY ST,2.0,Intersection,No Control,Clear,"Dark, artificial",Dry,Non-Fatal Injury,Cyclist Collisions,-79.436,43.651,October,Wednesday
6001864618,Driver,30 to 34,1.0,"Automobile, Station Wagon",,,,2016,2016-10-20,730,7,KEELE ST,HOLWOOD AV,1.0,Intersection,No Control,Rain,"Dawn, artificial",Wet,Non-Fatal Injury,Pedestrian Collisions,-79.4742,43.6883,October,Thursday
6001864838,Driver,55 to 59,1.0,Passenger Van,Yes,,,2016,2016-10-20,823,8,MIDWEST RD,MIDLAND AVE,1.0,Intersection,Stop Sign,Rain,Daylight,Wet,Non-Fatal Injury,Pedestrian Collisions,-79.2658,43.7539,October,Thursday
6001868616,Pedestrian,60 to 64,2.0,,,,,2016,2016-10-20,1922,19,EGLINTON AVE E,HANNA RD,1.0,Intersection,No Control,Rain,Dark,Wet,Fatal,Pedestrian Collisions,-79.372,43.712,October,Thursday
6001872148,Driver,55 to 59,4.0,Delivery Van,,,,2016,2016-10-21,1040,10,ST CLAIR AVENUE EAST,WARDEN AVENUE,1.0,Mid-Block,No Control,Rain,"Daylight, artificial",Wet,Non-Fatal Injury,SMV Other,-79.2823,43.7116,October,Friday
6001873015,Driver,45 to 49,1.0,Delivery Van,,,,2016,2016-10-21,1314,13,DUNDAS ST W,DUFFERIN ST,3.0,Intersection,Traffic Signal,Rain,Daylight,Wet,Non-Fatal Injury,Pedestrian Collisions,-79.4314,43.6496,October,Friday
6001908620,Driver,55 to 59,1.0,Street Car,,,,2016,2016-10-27,707,7,DUNDAS ST W,BLOOR ST W,3.0,Mid-Block,No Control,Rain,"Dusk, artificial",Wet,Non-Fatal Injury,Pedestrian Collisions,-79.4522,43.6554,October,Thursday
6001911246,Driver,60 to 64,1.0,"Automobile, Station Wagon",,,,2016,2016-10-27,1506,15,STEELES AV W,KEELE ST,1.0,Mid-Block,No Control,Rain,Daylight,Wet,Non-Fatal Injury,Pedestrian Collisions,-79.4937,43.7816,October,Thursday
6001911469,Driver,50 to 54,2.0,"Automobile, Station Wagon",Yes,,,2016,2016-10-27,1549,15,CHERRY ST,POLSON ST,2.0,Mid-Block,No Control,Rain,Daylight,Wet,Fatal,SMV Other,-79.3491,43.6414,October,Thursday
6001912403,Driver,85 to 89,1.0,"Automobile, Station Wagon",,,,2016,2016-10-27,1840,18,LESLIE ST,LAWRENCE AVE E,1.0,Intersection,Traffic Signal,Rain,"Dark, artificial",Wet,Non-Fatal Injury,Pedestrian Collisions,-79.3559,43.7344,October,Thursday
6001924848,Driver,70 to 74,1.0,"Automobile, Station Wagon",,,,2016,2016-10-29,1825,18,LAWRENCE AVE W,CHATSWORTH DR,1.0,Intersection,No Control,Clear,"Dark, artificial",Dry,Non-Fatal Injury,Turning Movement,-79.4113,43.7231,October,Saturday
6001927266,Driver,30 to 34,2.0,"Automobile, Station Wagon",Yes,,,2016,2016-10-30,227,2,PHARMACY AVE,EGLINTON AVE E,1.0,Intersection,No Control,Clear,Dark,Dry,Fatal,SMV Other,-79.2975,43.7256,October,Sunday
6001932941,Driver,25 to 29,2.0,"Automobile, Station Wagon",Yes,,,2016,2016-10-31,257,2,F G GARDINER XY  E,JAMESON AVE,,Mid-Block,No Control,Clear,Dark,Dry,Fatal,SMV Other,-79.4352,43.633,October,Monday
6001937894,Driver,40 to 44,5.0,"Automobile, Station Wagon",Yes,,Yes,2016,2016-10-31,2035,20,LAWRENCE AVE E,DON MILLS RD,1.0,Mid-Block,No Control,Clear,"Dark, artificial",Dry,Non-Fatal Injury,Pedestrian Collisions,-79.3442,43.7369,October,Monday
6001942141,Driver,40 to 44,1.0,"Automobile, Station Wagon",,,,2016,2016-11-01,1300,13,KIPLING AVE,JUTLAND RD,1.0,Intersection,Stop Sign,Clear,Daylight,Dry,Non-Fatal Injury,Turning Movement,-79.5288,43.6262,November,Tuesday
6001945011,Driver,20 to 24,4.0,"Automobile, Station Wagon",,,,2016,2016-11-01,2100,21,BAYVIEW AVE,HEATHCOTE AVE,1.0,Mid-Block,No Control,Clear,"Dark, artificial",Dry,Non-Fatal Injury,Turning Movement,-79.3851,43.753,November,Tuesday
6001951366,Pedestrian,65 to 69,2.0,,,,,2016,2016-11-02,1948,19,486 COLLEGE ST,,1.0,Mid-Block,No Control,Rain,"Dark, artificial",Wet,Fatal,Pedestrian Collisions,-79.4094,43.656,November,Wednesday
6001956297,Truck Driver,40 to 44,1.0,Truck - Dump,,,,2016,2016-11-03,1507,15,PARLIAMENT ST,WELLESLEY ST E,3.0,Intersection,Traffic Signal,Clear,Daylight,Dry,Non-Fatal Injury,Cyclist Collisions,-79.3695,43.6681,November,Thursday
6001957443,Driver,70 to 74,1.0,"Automobile, Station Wagon",,,,2016,2016-11-03,1815,18,LAWRENCE AVE E,GREENHOLM CRCT,1.0,Intersection,No Control,Clear,"Dusk, artificial",Dry,Non-Fatal Injury,Pedestrian Collisions,-79.2229,43.7602,November,Thursday
6001958569,Driver,20 to 24,4.0,"Automobile, Station Wagon",,,,2016,2016-11-03,2201,22,401 W ALLEN YORKDALE RAMP,YORKDALE RD,3.0,Intersection,Traffic Signal,Clear,Dark,Dry,Non-Fatal Injury,SMV Other,-79.4494,43.7274,November,Thursday
6001958685,Motorcycle Driver,20 to 24,4.0,Motorcycle,,,,2016,2016-11-03,226,2,F G GARDINER XY  E,CHERRY ST,,Mid-Block,No Control,Clear,"Dark, artificial",Dry,Non-Fatal Injury,SMV Other,-79.3549,43.6489,November,Thursday
6001965886,Driver,20 to 24,1.0,"Automobile, Station Wagon",Yes,,,2016,2016-11-05,32,0,BRUYERES  MEWS,IANNUZZI  ST,6.0,Mid-Block,No Control,Clear,Dark,Dry,Non-Fatal Injury,Turning Movement,-79.4018,43.6373,November,Saturday
6001974222,Pedestrian,Over 95,2.0,,,,,2016,2016-11-06,1155,11,BLOOR ST W,GRENVIEW BLVD N,1.0,Intersection,Stop Sign,Clear,Daylight,Dry,Fatal,Pedestrian Collisions,-79.5077,43.6481,November,Sunday
6001976341,Driver,75 to 79,1.0,Passenger Van,,,,2016,2016-11-06,1900,19,MARKHAM RD,ROSEBANK DR,1.0,Intersection,No Control,Clear,"Dark, artificial",Dry,Non-Fatal Injury,Pedestrian Collisions,-79.2377,43.7914,November,Sunday
6001978629,Driver,35 to 39,3.0,"Automobile, Station Wagon",,,,2016,2016-11-07,805,8,ANCASTER RD,REGENT RD,4.0,Intersection,No Control,Clear,Daylight,Dry,Non-Fatal Injury,Turning Movement,-79.4658,43.7317,November,Monday
6001979162,Driver,55 to 59,1.0,"Automobile, Station Wagon",,,,2016,2016-11-07,935,9,AVENUE RD,ROXBOROUGH ST W,1.0,Intersection,No Control,Clear,Daylight,Dry,Non-Fatal Injury,Pedestrian Collisions,-79.3973,43.6766,November,Monday
6001982704,Driver,40 to 44,1.0,"Automobile, Station Wagon",,,,2016,2016-11-07,1911,19,ISLINGTON AVE,CORDOVA AVE,1.0,Mid-Block,No Control,Clear,Dark,Dry,Non-Fatal Injury,Pedestrian Collisions,-79.5248,43.6478,November,Monday
6001989183,Driver,65 to 69,1.0,"Automobile, Station Wagon",,,,2016,2016-11-08,1833,18,ISLINGTON AVE,SUMMITCREST DR,1.0,Intersection,Traffic Signal,Rain,"Dark, artificial",Wet,Non-Fatal Injury,Pedestrian Collisions,-79.5404,43.6831,November,Tuesday
6002001573,Driver,70 to 74,5.0,Passenger Van,,,,2016,2016-11-10,1732,17,BRIMLEY RD,GAGE AVE,1.0,Mid-Block,No Control,Clear,"Dark, artificial",Dry,Fatal,Pedestrian Collisions,-79.2541,43.7504,November,Thursday
6002011919,Driver,50 to 54,1.0,"Automobile, Station Wagon",,,,2016,2016-11-12,1241,12,WILLOWDALE AVE,ABITIBI AVE,3.0,Intersection,Traffic Signal,Clear,Daylight,Dry,Non-Fatal Injury,Turning Movement,-79.4137,43.7975,November,Saturday
6002020311,Driver,25 to 29,1.0,"Automobile, Station Wagon",Yes,,,2016,2016-11-13,2225,22,SHEPPARD AVE W,ARLETA AVE,1.0,Intersection,Traffic Signal,Clear,"Dark, artificial",Dry,Non-Fatal Injury,Turning Movement,-79.5014,43.7414,November,Sunday
6002021851,Driver,unknown,1.0,Pick Up Truck,,,,2016,2016-11-14,814,8,ARAGON AVE,SHEPPARD AVE E,1.0,Intersection,Traffic Signal,Clear,Daylight,Dry,Fatal,Pedestrian Collisions,-79.3043,43.7794,November,Monday
6002047256,Driver,45 to 49,1.0,Intercity Bus,,,,2016,2016-11-18,318,3,SHEPPARD AVE E,YONGE ST,1.0,Intersection,Traffic Signal,Clear,"Dark, artificial",Dry,Non-Fatal Injury,Pedestrian Collisions,-79.4108,43.7614,November,Friday
6002050023,Driver,20 to 24,1.0,"Automobile, Station Wagon",,,,2016,2016-11-18,1354,13,BLOOR ST W,RENFORTH DR,1.0,Intersection,No Control,Clear,Daylight,Dry,Non-Fatal Injury,Pedestrian Collisions,-79.5637,43.6352,November,Friday
6002057504,Driver,70 to 74,1.0,"Automobile, Station Wagon",,,,2016,2016-11-19,1807,18,KENNEDY RD,MCNICOLL AVE,1.0,Intersection,Traffic Signal,Clear,"Dark, artificial",Dry,Non-Fatal Injury,Cyclist Collisions,-79.3019,43.812,November,Saturday
6002071995,Driver,35 to 39,1.0,"Automobile, Station Wagon",,,,2016,2016-11-22,649,6,DEANS DR,WARDEN AVE,1.0,Intersection,Traffic Signal,Clear,"Dark, artificial",Wet,Non-Fatal Injury,Pedestrian Collisions,-79.2827,43.7161,November,Tuesday
6002076706,Driver,25 to 29,1.0,"Automobile, Station Wagon",,,,2016,2016-11-22,2040,20,MELROSE ST,GARROCH PL,4.0,Intersection,No Control,Clear,"Dark, artificial",Dry,Non-Fatal Injury,Pedestrian Collisions,-79.5063,43.6187,November,Tuesday
6002081357,Driver,55 to 59,1.0,"Automobile, Station Wagon",,,,2016,2016-11-23,1515,15,CENTENNIAL PARK BLVD,EGLINTON AVE W,1.0,Intersection,Traffic Signal,Clear,Daylight,Dry,Non-Fatal Injury,Turning Movement,-79.5983,43.6557,November,Wednesday
6002089290,Pedestrian,70 to 74,2.0,,,,,2016,2016-11-24,2010,20,300 GEORGE ST,,4.0,Mid-Block,No Control,Clear,Dark,Wet,Fatal,Pedestrian Collisions,-79.3736,43.6577,November,Thursday