ACCNUM,INVTYPE,INVAGE,INJURY_ID,VEHTYPE,SPEEDING,REDLIGHT,ALCOHOL,YEAR,DATE,TIME,HOUR,STREET1,STREET2,ROAD_CLASS_ID,LOCCOORD,TRAFFCTL,VISIBILITY,LIGHT,RDSFCOND,ACCLASS,IMPACTYPE,Longitude,Latitude,Month,Day_of_Week
6002090598,Driver,20 to 24,1.0,"Automobile, Station Wagon",Yes,,,2016,2016-11-25,251,2,FINCH AVE E,MIDLAND AVE,1.0,Intersection,Traffic Signal,"Fog, Mist, Smoke, Dust","Dark, artificial",Wet,Non-Fatal Injury,Turning Movement,-79.2862,43.8036,November,Friday
6002093548,Driver,40 to 44,3.0,"Automobile, Station Wagon",Yes,,,2016,2016-11-25,1403,14,DUNDAS ST W,CORDOVA AVE,1.0,Mid-Block,No Control,Clear,Daylight,Dry,Non-Fatal Injury,Approaching,-79.5283,43.649,November,Friday
6002100980,Driver,40 to 44,1.0,"Automobile, Station Wagon",,,,2016,2016-11-26,1807,18,YORK MILLS RD,SCARSDALE RD,1.0,Intersection,Traffic Signal,Rain,"Dark, artificial",Wet,Non-Fatal Injury,Pedestrian Collisions,-79.3574,43.7534,November,Saturday
6002108596,Driver,60 to 64,1.0,"Automobile, Station Wagon",,,,2016,2016-11-28,124,1,1595 BATHURST ST,LONSMOUNT DR,1.0,Mid-Block,No Control,Clear,"Dark, artificial",Dry,Non-Fatal Injury,Pedestrian Collisions,-79.421,43.6897,November,Monday
6002114627,Driver,20 to 24,1.0,"Automobile, Station Wagon",Yes,,,2016,2016-11-28,2153,21,BLOOR ST E,PARLIAMENT ST,1.0,Intersection,Traffic Signal,Clear,Dark,Dry,Fatal,SMV Other,-79.3706,43.6719,November,Monday
6002116209,Driver,55 to 59,1.0,"Automobile, Station Wagon",,,,2016,2016-11-29,720,7,THE EAST MALL,RATHBURN RD,3.0,Mid-Block,No Control,Rain,"Dawn, artificial",Wet,Non-Fatal Injury,Pedestrian Collisions,-79.565,43.656,November,Tuesday
6002121630,Driver,35 to 39,1.0,"Automobile, Station Wagon",,,,2016,2016-11-29,2208,22,BENTWORTH AVE,DUFFERIN ST,1.0,Intersection,Traffic Signal,Clear,"Dark, artificial",Dry,Non-Fatal Injury,Pedestrian Collisions,-79.4564,43.7217,November,Tuesday
6002127930,Driver,35 to 39,1.0,"Automobile, Station Wagon",Yes,,,2016,2016-11-30,2106,21,CONCORDE GT,CONCORDE PL,2.0,Intersection,No Control,Rain,"Dark, artificial",Wet,Non-Fatal Injury,Pedestrian Collisions,-79.3283,43.7292,November,Wednesday
6002131954,Driver,60 to 64,1.0,Pick Up Truck,,,,2016,2016-12-01,1335,13,COSBURN AVE,CEDARVALE AVE,2.0,Intersection,Pedestrian Crossover,Clear,Daylight,Dry,Fatal,Pedestrian Collisions,-79.3156,43.6967,December,Thursday
6002135820,Driver,20 to 24,4.0,"Automobile, Station Wagon",Yes,,,2016,2016-12-02,246,2,PORTLAND ST,ADELAIDE ST W,1.0,Intersection,No Control,Clear,"Dark, artificial",Dry,Non-Fatal Injury,SMV Unattended Vehicle,-79.4005,43.6456,December,Friday
6002143224,Driver,45 to 49,1.0,"Automobile, Station Wagon",,,,2016,2016-12-03,708,7,VICTORIA PARK AVE,YORK MILLS RD,1.0,Mid-Block,No Control,Clear,"Dawn, artificial",Dry,Non-Fatal Injury,Pedestrian Collisions,-79.3176,43.7633,December,Saturday
6002149111,Driver,15 to 19,1.0,"Automobile, Station Wagon",,Yes,Yes,2016,2016-12-04,706,7,SCARBOROUGH GOLF CLUB RD,KINGSTON RD,1.0,Intersection,Traffic Signal,Clear,Dawn,Dry,Non-Fatal Injury,Angle,-79.2093,43.7459,December,Sunday
6002153175,Driver,75 to 79,1.0,"Automobile, Station Wagon",,,,2016,2016-12-04,2315,23,CARLTON STREET,HOMEWOOD AVENUE,3.0,Intersection,No Control,Rain,"Dark, artificial",Wet,Non-Fatal Injury,Pedestrian Collisions,-79.3743,43.6629,December,Sunday
6002160952,Pedestrian,85 to 89,2.0,,,,,2016,2016-12-06,712,7,BATHURST ST,REINER RD,1.0,Mid-Block,No Control,Clear,Daylight,Dry,Fatal,Pedestrian Collisions,-79.4377,43.7526,December,Tuesday
6002164193,Driver,unknown,1.0,"Automobile, Station Wagon",,,,2016,2016-12-06,1535,15,BLOOR ST W,ALBANY AVE,1.0,Intersection,No Control,Clear,Daylight,Dry,Non-Fatal Injury,Cyclist Collisions,-79.4099,43.6653,December,Tuesday
6002165166,Driver,20 to 24,1.0,"Automobile, Station Wagon",,,,2016,2016-12-06,1836,18,DUFFERIN ST,KING ST W,1.0,Intersection,Traffic Signal,Rain,"Dark, artificial",Wet,Non-Fatal Injury,Pedestrian Collisions,-79.4273,43.6388,December,Tuesday
6002165176,Driver,35 to 39,1.0,"Automobile, Station Wagon",,,,2016,2016-12-06,1837,18,Queen St E,Dalhousie St,1.0,Mid-Block,No Control,Rain,"Dark, artificial",Wet,Non-Fatal Injury,Pedestrian Collisions,-79.3751,43.6532,December,Tuesday
6002166207,Driver,50 to 54,1.0,"Automobile, Station Wagon",,,,2016,2016-12-06,2220,22,GERRARD ST E,COXWELL AVE,3.0,Intersection,Traffic Signal,Rain,"Dark, artificial",Wet,Non-Fatal Injury,Pedestrian Collisions,-79.3202,43.6752,December,Tuesday
6002166208,Pedestrian,50 to 54,4.0,,,,,2016,2016-12-06,2220,22,COXWELL AVE,GERRARD ST E,3.0,Intersection,Traffic Signal,Rain,"Dark, artificial",Wet,Non-Fatal Injury,Pedestrian Collisions,-79.3202,43.6752,December,Tuesday
6002180149,Driver,20 to 24,4.0,"Automobile, Station Wagon",Yes,,Yes,2016,2016-12-09,255,2,KINGSTON RD,OLD KINGSTON RD,1.0,Intersection,Traffic Signal,Clear,"Dark, artificial",Wet,Non-Fatal Injury,SMV Other,-79.183,43.7739,December,Friday
6002195471,Driver,75 to 79,4.0,"Automobile, Station Wagon",,,,2016,2016-12-11,1514,15,BLACK CREEK DR,LAWRENCE AVE W,1.0,Mid-Block,No Control,Snow,Daylight,Loose Snow,Non-Fatal Injury,SMV Other,-79.4917,43.7033,December,Sunday
6002203625,Driver,30 to 34,4.0,"Automobile, Station Wagon",Yes,,,2016,2016-12-12,2106,21,LAKE SHORE BLVD W,PARKSIDE DR,1.0,Mid-Block,No Control,Clear,"Dark, artificial",Dry,Non-Fatal Injury,SMV Other,-79.4489,43.6378,December,Monday
6002204078,Driver,unknown,1.0,"Automobile, Station Wagon",,,,2016,2016-12-12,2255,22,232 SEATON ST,,4.0,Mid-Block,No Control,Clear,"Dark, artificial",Loose Snow,Non-Fatal Injury,Pedestrian Collisions,-79.3702,43.6604,December,Monday
6002208039,Driver,55 to 59,1.0,"Automobile, Station Wagon",,,,2016,2016-12-13,1440,14,MIDLAND AVE,KILCULLEN CASTLE GT,1.0,Mid-Block,No Control,Clear,Daylight,Dry,Fatal,Pedestrian Collisions,-79.2906,43.8111,December,Tuesday
6002213025,Pedestrian,25 to 29,4.0,,,,,2016,2016-12-14,1036,10,PARK RD,CHURCH ST,1.0,Intersection,Traffic Signal,Clear,Daylight,Dry,Non-Fatal Injury,Pedestrian Collisions,-79.3847,43.672,December,Wednesday
6002215528,Driver,65 to 69,1.0,"Automobile, Station Wagon",,,,2016,2016-12-14,1704,17,QUEENS QY W,YORK ST,3.0,Mid-Block,No Control,Clear,Dark,Dry,Non-Fatal Injury,Pedestrian Collisions,-79.3809,43.6397,December,Wednesday
6002227092,Driver,25 to 29,1.0,Municipal Transit Bus (TTC),,,,2016,2016-12-16,1312,13,EGLINTON AVE E,PRUDHAM GT,1.0,Mid-Block,No Control,Clear,Daylight,Slush,Non-Fatal Injury,Pedestrian Collisions,-79.2855,43.7282,December,Friday
6002241239,Pedestrian,20 to 24,4.0,,,,,2016,2016-12-18,2236,22,SB DON VALLEY PKWY,POTTERY RD,,Mid-Block,No Control,Clear,"Dark, artificial",Dry,Non-Fatal Injury,Pedestrian Collisions,-79.3616,43.6839,December,Sunday
6002243964,Truck Driver,25 to 29,1.0,Truck - Tank,,,,2016,2016-12-19,1132,11,BAYVIEW AVE,BAYVIEW MEWS LANE,1.0,Intersection,Traffic Signal,Clear,Daylight,Dry,Non-Fatal Injury,Pedestrian Collisions,-79.3886,43.7693,December,Monday
6002255305,Driver,30 to 34,4.0,"Automobile, Station Wagon",,,,2016,2016-12-21,230,2,JARVIS ST,GERRARD ST E,1.0,Mid-Block,No Control,Clear,"Dark, artificial",Wet,Non-Fatal Injury,Sideswipe,-79.3755,43.6596,December,Wednesday
6002256949,Truck Driver,40 to 44,1.0,Truck-Tractor,,,,2016,2016-12-21,959,9,KEELE ST,401 C W KEELE RAMP ST,1.0,Intersection,Traffic Signal,Clear,Daylight,Wet,Non-Fatal Injury,Pedestrian Collisions,-79.4815,43.7243,December,Wednesday
6002258295,Driver,35 to 39,4.0,"Automobile, Station Wagon",,,,2016,2016-12-21,1340,13,F G GARDINER XY  W,JAMESON AVE,,Mid-Block,No Control,Clear,Daylight,Dry,Non-Fatal Injury,Rear End,-79.4349,43.633,December,Wednesday
6002260647,Driver,60 to 64,1.0,"Automobile, Station Wagon",,,,2016,2016-12-21,2030,20,BIRCHMOUNT RD,CHALDEAN ST,1.0,Intersection,Stop Sign,Clear,"Dark, artificial",Wet,Non-Fatal Injury,Pedestrian Collisions,-79.3034,43.7932,December,Wednesday
6002274801,Driver,25 to 29,4.0,"Automobile, Station Wagon",Yes,,Yes,2016,2016-12-24,356,3,DUFFERIN ST,DOLOMITE DR,1.0,Intersection,Traffic Signal,Rain,"Dark, artificial",Slush,Non-Fatal Injury,SMV Other,-79.4697,43.7807,December,Saturday
6002279905,Driver,25 to 29,1.0,"Automobile, Station Wagon",,,,2016,2016-12-25,705,7,55 BELMONT ST,,3.0,Mid-Block,No Control,Clear,"Dark, artificial",Dry,Non-Fatal Injury,Pedestrian Collisions,-79.3909,43.6749,December,Sunday
6002282279,Driver,30 to 34,1.0,"Automobile, Station Wagon",,,,2016,2016-12-25,2141,21,LESLIE ST,401 C W LESLIE S RAMP,1.0,Intersection,Traffic Signal,Clear,"Dark, artificial",Dry,Non-Fatal Injury,Pedestrian Collisions,-79.3636,43.7671,December,Sunday
6002287717,Driver,20 to 24,3.0,"Automobile, Station Wagon",,,,2016,2016-12-27,230,2,TAPSCOTT RD,PASSMORE AVE,3.0,Intersection,Stop Sign,Clear,"Dark, artificial",Dry,Non-Fatal Injury,SMV Other,-79.2457,43.8315,December,Tuesday
6002297420,Driver,unknown,1.0,"Automobile, Station Wagon",,,,2016,2016-12-28,1919,19,CALEDONIA RD,EGLINTON AVE W,1.0,Intersection,Traffic Signal,Clear,"Dark, artificial",Dry,Non-Fatal Injury,Pedestrian Collisions,-79.4621,43.6929,December,Wednesday
6002315243,Driver,25 to 29,1.0,"Automobile, Station Wagon",,,,2016,2016-12-31,2022,20,EGLINTON AVE E,BERMONDSEY RD,1.0,Intersection,Traffic Signal,Clear,"Dark, artificial",Wet,Non-Fatal Injury,Turning Movement,-79.3134,43.7259,December,Saturday
7000003346,Driver,85 to 89,4.0,"Automobile, Station Wagon",,,,2017,2017-01-01,1405,14,57 BIMINI CRES,,4.0,Mid-Block,No Control,Clear,Daylight,Other,Non-Fatal Injury,SMV Other,-79.5261,43.7665,January,Sunday
7000010890,Passenger,20 to 24,4.0,,Yes,,,2017,2017-01-03,10,0,F G GARDINER XY  E,KIPLING AVE,,Mid-Block,No Control,Rain,"Dark, artificial",Wet,Non-Fatal Injury,Rear End,-79.5352,43.6158,January,Tuesday
7000012031,Driver,35 to 39,1.0,"Automobile, Station Wagon",,,,2017,2017-01-03,717,7,LOWER SHERBOURNE ST,THE ESPLANADE,3.0,Intersection,Traffic Signal,Rain,Dark,Wet,Fatal,Pedestrian Collisions,-79.3672,43.6489,January,Tuesday
7000036465,Driver,20 to 24,1.0,"Automobile, Station Wagon",Yes,Yes,Yes,2017,2017-01-07,16,0,DUFFERIN ST,STEELES AVE W,1.0,Intersection,Traffic Signal,Clear,"Dark, artificial",Dry,Non-Fatal Injury,Angle,-79.47,43.7872,January,Saturday
7000041411,Driver,20 to 24,3.0,"Automobile, Station Wagon",,,,2017,2017-01-07,2222,22,ISLINGTON AVE,ABERFOYLE CRES,1.0,Intersection,No Control,Clear,"Dark, artificial",Dry,Non-Fatal Injury,Rear End,-79.5237,43.6454,January,Saturday
7000044336,Driver,55 to 59,1.0,"Automobile, Station Wagon",,,,2017,2017-01-08,1311,13,BATHURST ST,NINA ST,1.0,Intersection,Traffic Signal,Clear,Daylight,Dry,Non-Fatal Injury,Pedestrian Collisions,-79.4169,43.6798,January,Sunday
7000045777,Driver,25 to 29,1.0,"Automobile, Station Wagon",,,,2017,2017-01-08,1829,18,ELLESMERE RD,MONDEO DR,1.0,Intersection,Traffic Signal,Clear,"Dark, artificial",Dry,Fatal,Pedestrian Collisions,-79.2876,43.7641,January,Sunday
7000058719,Driver,55 to 59,1.0,"Automobile, Station Wagon",,,,2017,2017-01-10,2003,20,ADELAIDE ST E,CHURCH ST,1.0,Intersection,Traffic Signal,Rain,"Dark, artificial",Wet,Non-Fatal Injury,Pedestrian Collisions,-79.3749,43.6511,January,Tuesday
7000072801,Truck Driver,55 to 59,4.0,"Truck - Closed (Blazer, etc)",,,,2017,2017-01-12,2258,22,WESTON RD,VEROBEACH BLVD,1.0,Mid-Block,No Control,Clear,"Dark, artificial",Dry,Non-Fatal Injury,SMV Other,-79.5389,43.7367,January,Thursday
7000084276,Passenger,10 to 14,4.0,,,,,2017,2017-01-14,1902,19,NEILSON RD,CROW TRL,3.0,Intersection,Traffic Signal,Clear,"Dark, artificial",Dry,Non-Fatal Injury,Turning Movement,-79.2257,43.8121,January,Saturday
7000090444,Pedestrian,45 to 49,4.0,,,,,2017,2017-01-15,2033,20,YONGE  ST,ALBERTUS AVE,1.0,Intersection,No Control,Clear,"Dark, artificial",Dry,Non-Fatal Injury,Pedestrian Collisions,-79.3999,43.7144,January,Sunday
7000112853,Truck Driver,60 to 64,1.0,"Truck - Closed (Blazer, etc)",,,,2017,2017-01-19,553,5,KING ST W,BAY ST,1.0,Intersection,Traffic Signal,Clear,"Dark, artificial",Dry,Non-Fatal Injury,Pedestrian Collisions,-79.3802,43.6485,January,Thursday
7000117079,Driver,65 to 69,1.0,"Automobile, Station Wagon",,,,2017,2017-01-19,1755,17,COLLINSGROVE RD,LAWRENCE AV E,2.0,Mid-Block,No Control,Clear,"Dark, artificial",Dry,Non-Fatal Injury,Pedestrian Collisions,-79.1831,43.7699,January,Thursday
7000117241,Driver,20 to 24,1.0,"Automobile, Station Wagon",Yes,,,2017,2017-01-19,1828,18,KENNEDY RD,MERRIAN RD,1.0,Intersection,Traffic Controller,Clear,"Dark, artificial",Wet,Non-Fatal Injury,Rear End,-79.2658,43.7273,January,Thursday
7000119447,Driver,50 to 54,4.0,Other,,Yes,,2017,2017-01-20,527,5,CALEDONIA RD,CASTLEFIELD AVE,3.0,Intersection,Traffic Signal,Clear,"Dark, artificial",Dry,Non-Fatal Injury,Angle,-79.4634,43.6983,January,Friday
7000125598,Driver,20 to 24,2.0,Delivery Van,Yes,,,2017,2017-01-21,40,0,BROWNS LINE,LAKESHORE W BROWNS LI RAMP,1.0,Mid-Block,No Control,"Fog, Mist, Smoke, Dust","Dark, artificial",Wet,Fatal,SMV Other,-79.542,43.5926,January,Saturday
7000148860,Pedestrian,35 to 39,4.0,,,,,2017,2017-01-24,1635,16,95 REDPATH  AVE,,2.0,Mid-Block,No Control,Freezing Rain,Daylight,Wet,Non-Fatal Injury,Pedestrian Collisions,-79.3924,43.7068,January,Tuesday
7000155315,Truck Driver,55 to 59,1.0,Truck - Dump,,Yes,,2017,2017-01-25,1440,14,FINCH AVE W,WESTON RD,1.0,Intersection,Traffic Signal,Clear,Daylight,Wet,Fatal,Angle,-79.5423,43.752,January,Wednesday
7000156964,Driver,unknown,1.0,"Automobile, Station Wagon",,,,2017,2017-01-25,1934,19,BATHURST ST,LENNOX ST,1.0,Intersection,Traffic Signal,Rain,"Dark, artificial",Wet,Non-Fatal Injury,Pedestrian Collisions,-79.4106,43.6637,January,Wednesday
7000169325,Driver,45 to 49,1.0,"Automobile, Station Wagon",,,,2017,2017-01-27,1450,14,FRONT ST W,YONGE ST,3.0,Mid-Block,No Control,Clear,Daylight,Dry,Non-Fatal Injury,Cyclist Collisions,-79.3778,43.6462,January,Friday
7000178103,Driver,20 to 24,1.0,"Automobile, Station Wagon",,,,2017,2017-01-29,110,1,F G GARDINER XY  E,SPADINA AVE,1.0,Mid-Block,No Control,Clear,Dark,Dry,Fatal,Pedestrian Collisions,-79.3956,43.6379,January,Sunday
7000178331,Driver,20 to 24,4.0,"Automobile, Station Wagon",,,,2017,2017-01-29,200,2,OAKDALE RD,EDDYSTONE AVE,3.0,Mid-Block,No Control,Clear,"Dark, artificial",Dry,Non-Fatal Injury,SMV Other,-79.5269,43.7495,January,Sunday
7000178684,Driver,40 to 44,5.0,Pick Up Truck,Yes,,Yes,2017,2017-01-29,345,3,F G GARDINER XY  W,SOUTH KINGSWAY RAMP,1.0,Mid-Block,No Control,Clear,"Dark, artificial",Dry,Fatal,Rear End,-79.4726,43.6334,January,Sunday
7000200382,Driver,45 to 49,4.0,"Automobile, Station Wagon",,,,2017,2017-02-01,1415,14,MORNINGSIDE AVE,401 C E MORNINGSIDE AVE S RAMP,1.0,Intersection,Traffic Signal,Clear,Daylight,Dry,Non-Fatal Injury,Pedestrian Collisions,-79.1964,43.7947,February,Wednesday
7000203536,Driver,25 to 29,2.0,"Automobile, Station Wagon",Yes,,,2017,2017-02-02,219,2,BRIMLEY RD,ELGAR AVE,1.0,Intersection,Stop Sign,Clear,Dark,Wet,Fatal,Turning Movement,-79.2501,43.741,February,Thursday
7000214156,Driver,20 to 24,4.0,"Automobile, Station Wagon",,,,2017,2017-02-03,1430,14,BAY ST,GROSVENOR ST,1.0,Intersection,Traffic Signal,Clear,Daylight,Dry,Non-Fatal Injury,Angle,-79.3863,43.6623,February,Friday
7000222779,Driver,20 to 24,4.0,"Automobile, Station Wagon",,,,2017,2017-02-05,314,3,F G GARDINER XY  W,GARDINER X W 427 X N RAMP,,Mid-Block,No Control,Clear,Dark,Dry,Non-Fatal Injury,SMV Other,-79.5363,43.6158,February,Sunday
7000224611,Passenger,55 to 59,4.0,,Yes,,,2017,2017-02-05,1330,13,DRIFTWOOD  AVE,VENETIAN  CRES,2.0,Intersection,Stop Sign,Drifting Snow,Daylight,Wet,Non-Fatal Injury,Turning Movement,-79.5136,43.7541,February,Sunday
7000239280,Driver,65 to 69,1.0,"Automobile, Station Wagon",,,,2017,2017-02-07,1909,19,MORTIMER AVE,BROADVIEW AVE,3.0,Mid-Block,No Control,Rain,"Dark, artificial",Wet,Non-Fatal Injury,Pedestrian Collisions,-79.3562,43.6839,February,Tuesday
7000244602,Driver,35 to 39,1.0,"Automobile, Station Wagon",,,,2017,2017-02-08,1510,15,4 THE DONWAY  E,GUYTOI CRT,3.0,Intersection,No Control,Clear,Daylight,Dry,Non-Fatal Injury,Pedestrian Collisions,-79.3414,43.7323,February,Wednesday
7000256158,Driver,45 to 49,1.0,Municipal Transit Bus (TTC),,,,2017,2017-02-10,1003,10,QUEEN ST E,SHERBOURNE ST,1.0,Intersection,Traffic Signal,Clear,Daylight,Dry,Non-Fatal Injury,Pedestrian Collisions,-79.3694,43.6544,February,Friday
7000264756,Pedestrian,35 to 39,4.0,,,,,2017,2017-02-11,2011,20,MIDLAND  AVE,SHEPPARD  AVE E,1.0,Intersection,Traffic Signal,Clear,"Dark, artificial",Wet,Non-Fatal Injury,Pedestrian Collisions,-79.2785,43.7852,February,Saturday
7000264793,Driver,60 to 64,4.0,Passenger Van,,,,2017,2017-02-11,2021,20,STEELES AVE W,ISLINGTON AVE,1.0,Mid-Block,No Control,Clear,"Dark, artificial",Dry,Non-Fatal Injury,Approaching,-79.5766,43.7638,February,Saturday
7000267446,Driver,30 to 34,1.0,"Automobile, Station Wagon",Yes,,,2017,2017-02-12,936,9,RICHMOND ST E,JARVIS ST,1.0,Intersection,Traffic Signal,Rain,Daylight,Packed Snow,Non-Fatal Injury,Pedestrian Collisions,-79.3727,43.6526,February,Sunday
7000274781,Driver,35 to 39,1.0,"Automobile, Station Wagon",,,,2017,2017-02-13,1507,15,FINCH AVE W,YONGE ST,1.0,Intersection,Traffic Signal,Clear,Daylight,Wet,Non-Fatal Injury,Pedestrian Collisions,-79.4155,43.7796,February,Monday
7000279545,Driver,55 to 59,4.0,"Automobile, Station Wagon",,,,2017,2017-02-14,1017,10,ISLINGTON AVE,EGLINTON AVE W,1.0,Intersection,Traffic Signal,Clear,Daylight,Dry,Non-Fatal Injury,Turning Movement,-79.5389,43.6797,February,Tuesday
7000303904,Passenger,30 to 34,3.0,,Yes,,,2017,2017-02-18,29,0,KIPLING AVE,NEW TORONTO ST,1.0,Mid-Block,No Control,Clear,"Dark, artificial",Dry,Fatal,SMV Other,-79.5196,43.6047,February,Saturday
7000304579,Driver,30 to 34,4.0,"Automobile, Station Wagon",Yes,Yes,Yes,2017,2017-02-18,347,3,DUFFERIN ST,DUPONT ST,1.0,Intersection,Traffic Signal,Clear,"Dark, artificial",Dry,Non-Fatal Injury,Angle,-79.4389,43.6683,February,Saturday
7000305009,Driver,20 to 24,4.0,"Automobile, Station Wagon",,,,2017,2017-02-18,709,7,DON VALLEY PARKWAY  S,PRINCE EDWARD VIADUCT,,Mid-Block,No Control,Clear,Daylight,Dry,Non-Fatal Injury,SMV Other,-79.3619,43.6767,February,Saturday
7000309465,Driver,30 to 34,1.0,"Automobile, Station Wagon",,,,2017,2017-02-18,2230,22,UNIVERSITY AVE,QUEEN ST W,1.0,Intersection,Traffic Signal,Clear,"Dark, artificial",Dry,Non-Fatal Injury,Pedestrian Collisions,-79.3865,43.6507,February,Saturday
7000311874,Driver,35 to 39,1.0,"Automobile, Station Wagon",,Yes,,2017,2017-02-19,1057,10,KIPLING AVE,GARDINER C W KIPLING  RAMP,1.0,Intersection,Traffic Signal,Clear,Daylight,Dry,Non-Fatal Injury,Turning Movement,-79.5259,43.6191,February,Sunday
7000313988,Driver,20 to 24,1.0,"Automobile, Station Wagon",,,,2017,2017-02-19,1727,17,1000 GERRARD ST E,,3.0,Mid-Block,No Control,Clear,Daylight,Dry,Non-Fatal Injury,Pedestrian Collisions,-79.3387,43.6684,February,Sunday
7000337302,Pedestrian,75 to 79,2.0,,,,,2017,2017-02-23,1022,10,ADELAIDE ST W,BAY ST,1.0,Intersection,Traffic Signal,Clear,"Daylight, artificial",Dry,Fatal,Pedestrian Collisions,-79.3807,43.6498,February,Thursday
7000337987,Driver,65 to 69,1.0,"Automobile, Station Wagon",,,,2017,2017-02-23,1200,12,YONGE ST,NORTON AVE,1.0,Intersection,Stop Sign,Clear,Daylight,Dry,Non-Fatal Injury,Pedestrian Collisions,-79.4135,43.7721,February,Thursday
7000342920,Driver,50 to 54,1.0,"Automobile, Station Wagon",,,,2017,2017-02-24,615,6,KING ST W,JAMESON AVE,1.0,Intersection,Traffic Signal,Rain,Dawn,Wet,Non-Fatal Injury,Pedestrian Collisions,-79.4359,43.6371,February,Friday
7000346961,Driver,70 to 74,1.0,"Automobile, Station Wagon",,,,2017,2017-02-24,1818,18,OAKWOOD AVE,STRADER AVE,3.0,Intersection,No Control,Clear,"Dark, artificial",Dry,Non-Fatal Injury,Pedestrian Collisions,-79.4411,43.6934,February,Friday
7000355242,Driver,20 to 24,5.0,"Automobile, Station Wagon",Yes,,Yes,2017,2017-02-26,300,3,EGLINTON AVE E,BRIMLEY RD,1.0,Mid-Block,No Control,Clear,"Dark, artificial",Dry,Non-Fatal Injury,Rear End,-79.248,43.7366,February,Sunday
7000366630,Driver,45 to 49,1.0,"Automobile, Station Wagon",,,,2017,2017-02-26,2311,23,215 HURON ST,,4.0,Mid-Block,No Control,Clear,"Dark, artificial",Dry,Non-Fatal Injury,Cyclist Collisions,-79.3985,43.6591,February,Sunday
7000372559,Driver,25 to 29,1.0,"Automobile, Station Wagon",,,,2017,2017-02-23,2020,20,EGLINTON AVE E,VICTORIA PARK AVE,1.0,Mid-Block,No Control,Clear,"Dark, artificial",Dry,Non-Fatal Injury,Pedestrian Collisions,-79.3014,43.7247,February,Thursday
7000372975,Driver,45 to 49,1.0,"Automobile, Station Wagon",,,,2017,2017-02-28,2122,21,STEELES AVE E,KENNEDY RD,1.0,Intersection,Traffic Signal,Rain,"Dark, artificial",Wet,Non-Fatal Injury,Pedestrian Collisions,-79.307,43.8236,February,Tuesday
7000395986,Driver,20 to 24,1.0,"Automobile, Station Wagon",,Yes,,2017,2017-03-04,1001,10,SHEPPARD AVE W,MAGELLAN DR,1.0,Intersection,Traffic Signal,Clear,Daylight,Dry,Fatal,Pedestrian Collisions,-79.5096,43.7396,March,Saturday
7000396718,Pedestrian,90 to 94,2.0,,,,,2017,2017-03-04,1249,12,REXDALE BLVD,RAMP TO ENTRANCE RD,1.0,Mid-Block,No Control,Clear,Daylight,Dry,Fatal,Pedestrian Collisions,-79.612,43.7204,March,Saturday
7000416403,Driver,30 to 34,1.0,"Automobile, Station Wagon",Yes,,,2017,2017-03-07,1538,15,BLOOR ST W,KENNEDY PARK RD,1.0,Intersection,No Control,Clear,Daylight,Dry,Fatal,Approaching,-79.4717,43.652,March,Tuesday
7000419004,Driver,30 to 34,4.0,"Automobile, Station Wagon",,,Yes,2017,2017-03-08,36,0,YONGE ST,MERTON ST,1.0,Mid-Block,No Control,Clear,"Dark, artificial",Dry,Non-Fatal Injury,SMV Other,-79.3954,43.6926,March,Wednesday
7000432401,Passenger,25 to 29,4.0,,Yes,,,2017,2017-03-10,204,2,SPADINA AV,COLLEGE ST,1.0,Mid-Block,No Control,Clear,"Dark, artificial",Dry,Non-Fatal Injury,Rear End,-79.4,43.6579,March,Friday
7000433628,Driver,85 to 89,4.0,"Automobile, Station Wagon",,,,2017,2017-03-10,846,8,LAWRENCE AVE E,CENTENNIAL RD,3.0,Intersection,Traffic Signal,Clear,Daylight,Dry,Non-Fatal Injury,Rear End,-79.1465,43.7772,March,Friday
7000451642,Cyclist,70 to 74,4.0,Bicycle,,,,2017,2017-03-13,1006,10,BRIMWOOD BLVD,WELLPARK BLVD,2.0,Intersection,Stop Sign,Clear,Daylight,Dry,Non-Fatal Injury,Cyclist Collisions,-79.2743,43.8127,March,Monday
7000452997,Driver,30 to 34,1.0,"Automobile, Station Wagon",Yes,,,2017,2017-03-13,1405,14,CALEDONIA RD,BRIDGELAND AVE,3.0,Mid-Block,No Control,Snow,Daylight,Wet,Non-Fatal Injury,Rear End,-79.4693,43.7225,March,Monday
7000466331,Driver,15 to 19,5.0,"Automobile, Station Wagon",,Yes,,2017,2017-03-15,1658,16,BRIMLEY RD,HUNTINGWOOD DR,1.0,Intersection,Traffic Signal,Clear,Daylight,Dry,Non-Fatal Injury,Angle,-79.2733,43.7983,March,Wednesday