ACCNUM,INVTYPE,INVAGE,INJURY_ID,VEHTYPE,SPEEDING,REDLIGHT,ALCOHOL,YEAR,DATE,TIME,HOUR,STREET1,STREET2,ROAD_CLASS_ID,LOCCOORD,TRAFFCTL,VISIBILITY,LIGHT,RDSFCOND,ACCLASS,IMPACTYPE,Longitude,Latitude,Month,Day_of_Week
7000485980,Pedestrian,60 to 64,2.0,,,,,2017,2017-03-18,1932,19,JARVIS ST,EARL PL,1.0,Mid-Block,No Control,Rain,"Dark, artificial",Wet,Fatal,Pedestrian Collisions,-79.3788,43.6676,March,Saturday
7000487672,Driver,30 to 34,4.0,"Automobile, Station Wagon",Yes,,Yes,2017,2017-03-19,155,1,2677 KIPLING  AVE,,1.0,Mid-Block,No Control,Snow,"Dark, artificial",Wet,Non-Fatal Injury,SMV Other,-79.5846,43.7484,March,Sunday
7000487878,Driver,45 to 49,2.0,"Automobile, Station Wagon",Yes,,,2017,2017-03-19,255,2,106 YORK MILLS RD,,1.0,Mid-Block,No Control,Clear,"Dark, artificial",Wet,Fatal,SMV Other,-79.3977,43.745,March,Sunday
7000501083,Driver,65 to 69,1.0,"Automobile, Station Wagon",,,,2017,2017-03-21,845,8,LAKE SHORE BLVD E,DON ROADWAY,1.0,Intersection,Traffic Signal,Clear,Daylight,Dry,Non-Fatal Injury,Cyclist Collisions,-79.3469,43.6508,March,Tuesday
7000501226,Driver,60 to 64,1.0,"Automobile, Station Wagon",,,,2017,2017-03-21,905,9,EGLINTON AVE E,BRIMLEY RD,1.0,Intersection,Traffic Signal,Clear,Daylight,Dry,Non-Fatal Injury,Pedestrian Collisions,-79.248,43.7366,March,Tuesday
7000503905,Driver,50 to 54,1.0,"Automobile, Station Wagon",,,,2017,2017-03-21,1606,16,401 C E VICTORIA PR N RAMP,VICTORIA PARK AVE,1.0,Intersection,Traffic Signal,Clear,Daylight,Dry,Non-Fatal Injury,Pedestrian Collisions,-79.3191,43.7668,March,Tuesday
7000510048,Pedestrian,60 to 64,4.0,,,,,2017,2017-03-22,1440,14,CARLAW AVE,RIVERDALE AVE,3.0,Intersection,No Control,Clear,Daylight,Dry,Non-Fatal Injury,Pedestrian Collisions,-79.3439,43.6706,March,Wednesday
7000513794,Driver,55 to 59,4.0,"Automobile, Station Wagon",,,,2017,2017-03-23,653,6,MARTIN GROVE RD,BRUNELLO GT,3.0,Intersection,Stop Sign,Clear,Dawn,Dry,Non-Fatal Injury,Turning Movement,-79.6016,43.7559,March,Thursday
7000525658,Driver,50 to 54,1.0,"Automobile, Station Wagon",,,,2017,2017-03-24,2213,22,FINCH AVE E,DORIS AVE,1.0,Intersection,Traffic Signal,Rain,"Dark, artificial",Wet,Non-Fatal Injury,Cyclist Collisions,-79.4122,43.7804,March,Friday
7000532785,Driver,70 to 74,1.0,"Automobile, Station Wagon",,,,2017,2017-03-26,254,2,LAWRENCE  AVE W,WESTON RD,1.0,Intersection,Traffic Signal,Rain,"Dark, artificial",Wet,Non-Fatal Injury,Pedestrian Collisions,-79.5161,43.7,March,Sunday
7000534714,Driver,65 to 69,5.0,"Automobile, Station Wagon",,Yes,,2017,2017-03-26,1310,13,ELLESMERE RD,DOLLY VARDEN BLVD,1.0,Intersection,Traffic Signal,Clear,Daylight,Wet,Non-Fatal Injury,Turning Movement,-79.2349,43.7756,March,Sunday
7000539360,Driver,45 to 49,4.0,Municipal Transit Bus (TTC),,,,2017,2017-03-27,855,8,EGLINTON AVE W,RUSSELL HILL RD,1.0,Intersection,Traffic Controller,Clear,Daylight,Wet,Non-Fatal Injury,Other,-79.4154,43.703,March,Monday
7000545198,Pedestrian,65 to 69,4.0,,,,,2017,2017-03-28,600,6,2800 WARDEN AVE,,1.0,Mid-Block,Pedestrian Crossover,Clear,Dark,Dry,Non-Fatal Injury,Pedestrian Collisions,-79.3149,43.7946,March,Tuesday
7000557720,Driver,15 to 19,4.0,"Automobile, Station Wagon",Yes,Yes,,2017,2017-03-30,15,0,SCARBOROUGH GOLF CLUB RD,LAWRENCE AVE E,1.0,Intersection,Traffic Signal,Clear,"Dark, artificial",Dry,Non-Fatal Injury,Angle,-79.2158,43.7617,March,Thursday
7000566327,Driver,60 to 64,4.0,Passenger Van,,Yes,,2017,2017-03-31,1050,10,PASSMORE  AVE,SILVER STAR  BLVD,2.0,Intersection,Traffic Signal,Clear,Daylight,Dry,Non-Fatal Injury,Turning Movement,-79.298,43.8198,March,Friday
7000570934,Driver,unknown,1.0,"Automobile, Station Wagon",,,,2017,2017-04-01,208,2,MARGUERETTA ST,BLOOR  ST W,4.0,Mid-Block,No Control,Clear,"Dark, artificial",Wet,Non-Fatal Injury,Pedestrian Collisions,-79.4402,43.6584,April,Saturday
7000576786,Driver,60 to 64,4.0,"Automobile, Station Wagon",Yes,,,2017,2017-04-02,4,0,MARTIN GROVE RD,JEFFCOAT DR,1.0,Mid-Block,No Control,Clear,"Dark, artificial",Dry,Non-Fatal Injury,SMV Other,-79.5828,43.7176,April,Sunday
7000578380,Driver,65 to 69,1.0,"Automobile, Station Wagon",,,,2017,2017-04-02,905,9,PHARMACY AVE,STEELES AVE E,1.0,Intersection,Traffic Signal,Clear,Daylight,Dry,Non-Fatal Injury,Pedestrian Collisions,-79.3364,43.8167,April,Sunday
7000585076,Driver,80 to 84,1.0,"Automobile, Station Wagon",,,,2017,2017-04-03,1053,10,THE EAST MALL,BURNHAMTHORPE RD,1.0,Intersection,Traffic Signal,Clear,Daylight,Dry,Non-Fatal Injury,Pedestrian Collisions,-79.5599,43.6462,April,Monday
7000589620,Driver,40 to 44,1.0,Pick Up Truck,,,,2017,2017-04-04,10,0,MCLEVIN AVE,TAPSCOTT RD,3.0,Intersection,Traffic Signal,Rain,"Dark, artificial",Wet,Non-Fatal Injury,Pedestrian Collisions,-79.2266,43.8051,April,Tuesday
7000591252,Driver,30 to 34,1.0,"Automobile, Station Wagon",,,,2017,2017-04-04,853,8,DUFFERIN ST,DUNDAS ST W,3.0,Intersection,Traffic Signal,Rain,Daylight,Wet,Non-Fatal Injury,Pedestrian Collisions,-79.4314,43.6495,April,Tuesday
7000600536,Driver,35 to 39,1.0,"Automobile, Station Wagon",,,,2017,2017-04-05,1454,14,4 RIDGEMOUNT RD,CHAPMAN RD,4.0,Intersection,No Control,Clear,Daylight,Dry,Non-Fatal Injury,Pedestrian Collisions,-79.5221,43.6889,April,Wednesday
7000606743,Passenger,55 to 59,2.0,,,,,2017,2017-04-06,1403,14,CLIFFSIDE DR,FOLCROFT AVE,4.0,Intersection,No Control,Rain,Daylight,Wet,Fatal,Other,-79.2512,43.7012,April,Thursday
7000607486,Pedestrian,75 to 79,4.0,,,,,2017,2017-04-06,1549,15,NASSAU ST,BATHURST ST,1.0,Intersection,Traffic Signal,Rain,Daylight,Wet,Non-Fatal Injury,Pedestrian Collisions,-79.4067,43.6542,April,Thursday
7000609601,Driver,25 to 29,1.0,"Automobile, Station Wagon",,,,2017,2017-04-06,2315,23,MARKHAM RD,PAINTED POST DR,1.0,Intersection,Traffic Signal,Rain,"Dark, artificial",Wet,Non-Fatal Injury,Pedestrian Collisions,-79.2283,43.7674,April,Thursday
7000633254,Driver,45 to 49,1.0,Passenger Van,Yes,,,2017,2017-04-10,1610,16,MARTIN GROVE RD,DOSCO RD,1.0,Intersection,No Control,Clear,Daylight,Wet,Non-Fatal Injury,Turning Movement,-79.5725,43.6951,April,Monday
7000635280,Driver,35 to 39,1.0,"Automobile, Station Wagon",,,,2017,2017-04-10,2229,22,ST CLAIR AVE W,GUNNS RD,1.0,Mid-Block,No Control,Rain,Dark,Wet,Non-Fatal Injury,Pedestrian Collisions,-79.4724,43.6714,April,Monday
7000637893,Pedestrian,50 to 54,2.0,,,,,2017,2017-04-11,1056,10,WILSON AVE,DUFFERIN ST,1.0,Intersection,Traffic Signal,Clear,Daylight,Dry,Fatal,Pedestrian Collisions,-79.4588,43.732,April,Tuesday
7000641093,Driver,40 to 44,1.0,"Automobile, Station Wagon",,,,2017,2017-04-11,1919,19,GERRARD ST E,SACKVILLE ST,3.0,Mid-Block,No Control,Clear,Daylight,Dry,Non-Fatal Injury,Pedestrian Collisions,-79.3635,43.6626,April,Tuesday
7000649054,Passenger,25 to 29,4.0,,Yes,,,2017,2017-04-13,144,1,CUMMER AVE,SNOWCREST AVE,2.0,Mid-Block,No Control,Clear,"Dark, artificial",Dry,Fatal,SMV Other,-79.3807,43.7953,April,Thursday
7000659290,Pedestrian,65 to 69,2.0,,,,,2017,2017-04-14,1805,18,SPADINA AVE,SULLIVAN ST,1.0,Mid-Block,No Control,Clear,Daylight,Dry,Fatal,Pedestrian Collisions,-79.3974,43.6513,April,Friday
7000665292,Driver,20 to 24,4.0,"Automobile, Station Wagon",Yes,,,2017,2017-04-15,2002,20,61 TOPCLIFF  AVE,,4.0,Mid-Block,No Control,Clear,"Dark, artificial",Dry,Non-Fatal Injury,Approaching,-79.5082,43.7564,April,Saturday
7000669891,Driver,50 to 54,1.0,"Bus (Other) (Go Bus, Gray Coach)",,,,2017,2017-04-16,1649,16,QUEENS QUAY W,YORK ST,3.0,Mid-Block,No Control,Clear,Daylight,Dry,Non-Fatal Injury,Pedestrian Collisions,-79.3809,43.6397,April,Sunday
7000670017,Truck Driver,25 to 29,1.0,Tow Truck,,,,2017,2017-04-16,1659,16,MARTIN GROVE RD,TOLLINGTON RD,1.0,Intersection,No Control,Clear,Daylight,Dry,Non-Fatal Injury,Rear End,-79.5685,43.6865,April,Sunday
7000675895,Motorcycle Driver,15 to 19,4.0,Motorcycle,,,,2017,2017-04-17,1858,18,219 MARTIN GROVE RD,,2.0,Mid-Block,No Control,Clear,Daylight,Dry,Non-Fatal Injury,SMV Other,-79.5517,43.6548,April,Monday
7000676531,Driver,85 to 89,1.0,"Automobile, Station Wagon",,,,2017,2017-04-17,2132,21,WILSON HEIGHTS BLVD,COCKSFIELD AVE,2.0,Intersection,No Control,Clear,"Dark, artificial",Dry,Non-Fatal Injury,Pedestrian Collisions,-79.4577,43.7528,April,Monday
7000680975,Driver,55 to 59,1.0,"Automobile, Station Wagon",,,,2017,2017-04-18,1503,15,SHEPPARD AVE W,BATHURST ST,1.0,Intersection,No Control,Clear,Daylight,Dry,Non-Fatal Injury,Cyclist Collisions,-79.4384,43.7553,April,Tuesday
7000689594,Driver,65 to 69,1.0,"Automobile, Station Wagon",,,,2017,2017-04-19,2045,20,EGLINTON AVE E,COMMONWEALTH AVE,1.0,Intersection,No Control,Clear,"Dark, artificial",Dry,Non-Fatal Injury,Pedestrian Collisions,-79.2568,43.7347,April,Wednesday
7000689985,Driver,35 to 39,1.0,"Automobile, Station Wagon",,,,2017,2017-04-19,2206,22,COLLEGE ST,MC CAUL ST,1.0,Intersection,Streetcar (Stop for),Clear,"Dark, artificial",Dry,Non-Fatal Injury,Pedestrian Collisions,-79.3934,43.6591,April,Wednesday
7000697706,Driver,60 to 64,4.0,"Automobile, Station Wagon",Yes,,,2017,2017-04-21,543,5,LAKE SHORE BLVD W,PARKSIDE DR,1.0,Mid-Block,No Control,Clear,"Dark, artificial",Wet,Non-Fatal Injury,SMV Other,-79.4454,43.6369,April,Friday
7000701050,Pedestrian,5 to 9,2.0,,,,,2017,2017-04-21,1530,15,HALFMOON SQ,CANMORE BLVD,2.0,Intersection,No Control,Clear,"Daylight, artificial",Dry,Fatal,Pedestrian Collisions,-79.179,43.7937,April,Friday
7000714905,Driver,25 to 29,1.0,Pick Up Truck,,,,2017,2017-04-23,2044,20,YONGE ST,ERSKINE AVE,1.0,Intersection,Traffic Controller,Clear,Dusk,Dry,Non-Fatal Injury,Turning Movement,-79.3992,43.711,April,Sunday
7000734516,Motorcycle Driver,30 to 34,2.0,Motorcycle,,,,2017,2017-04-26,1857,18,LESLIE ST,CORNING RD,1.0,Intersection,No Control,Clear,Daylight,Dry,Fatal,Angle,-79.3661,43.7819,April,Wednesday
7000750134,Driver,20 to 24,5.0,"Automobile, Station Wagon",,,,2017,2017-04-29,205,2,KIPLING AVE,STEVENSON  RD,1.0,Mid-Block,No Control,Clear,"Dark, artificial",Dry,Non-Fatal Injury,Approaching,-79.5829,43.7451,April,Saturday
7000750453,Driver,70 to 74,1.0,"Automobile, Station Wagon",,,,2017,2017-04-29,325,3,DAVENPORT ROAD,BATHURST ST,1.0,Intersection,Traffic Signal,Clear,"Dark, artificial",Dry,Non-Fatal Injury,Pedestrian Collisions,-79.4157,43.6766,April,Saturday
7000769510,Driver,45 to 49,1.0,"Automobile, Station Wagon",,,,2017,2017-05-02,645,6,WESTHUMBER BLVD,KIPLING AVE,1.0,Intersection,Traffic Signal,Clear,"Dawn, artificial",Dry,Non-Fatal Injury,Cyclist Collisions,-79.5746,43.728,May,Tuesday
7000776224,Pedestrian,40 to 44,4.0,,,,,2017,2017-05-03,716,7,DUNDAS ST W,BEVERLEY ST,1.0,Intersection,Traffic Signal,Clear,Daylight,Dry,Non-Fatal Injury,Pedestrian Collisions,-79.3938,43.6537,May,Wednesday
7000781355,Pedestrian,25 to 29,4.0,,,,,2017,2017-05-03,2142,21,DON VALLEY PARKWAY  N,LAWRENCE AVE E,,Mid-Block,No Control,Clear,"Dark, artificial",Dry,Non-Fatal Injury,Pedestrian Collisions,-79.3322,43.7429,May,Wednesday
7000786056,Driver,40 to 44,1.0,"Automobile, Station Wagon",,,,2017,2017-05-04,1546,15,SHEPPARD AVE E,MALVERN ST,1.0,Intersection,Traffic Controller,Rain,Daylight,Wet,Non-Fatal Injury,Turning Movement,-79.2348,43.7945,May,Thursday
7000787575,Driver,unknown,1.0,"Automobile, Station Wagon",,,,2017,2017-05-04,2025,20,NUGGET AVE,MARKHAM RD,1.0,Intersection,Traffic Signal,Rain,Daylight,Wet,Non-Fatal Injury,Pedestrian Collisions,-79.241,43.7984,May,Thursday
7000787795,Driver,65 to 69,4.0,"Automobile, Station Wagon",,,,2017,2017-05-04,2110,21,MIDLAND AVE,TREEWOOD ST,1.0,Intersection,No Control,Rain,"Dark, artificial",Wet,Non-Fatal Injury,Approaching,-79.2657,43.7535,May,Thursday
7000788679,Passenger,25 to 29,4.0,,,,,2017,2017-05-05,151,1,116 KING ST,,4.0,Mid-Block,No Control,Rain,"Dark, artificial",Wet,Non-Fatal Injury,SMV Other,-79.5151,43.706,May,Friday
7000792662,Driver,75 to 79,4.0,"Automobile, Station Wagon",,,,2017,2017-05-05,1616,16,WYCHCREST AVE,SHAW ST,2.0,Intersection,Stop Sign,Rain,Daylight,Wet,Non-Fatal Injury,SMV Other,-79.4272,43.6722,May,Friday
7000795019,Driver,40 to 44,1.0,"Automobile, Station Wagon",,,,2017,2017-05-05,2359,23,MORNINGSIDE AVE,SEWELLS RD,3.0,Mid-Block,No Control,Clear,"Dark, artificial",,Fatal,Approaching,-79.2116,43.8166,May,Friday
7000797636,Driver,30 to 34,1.0,"Automobile, Station Wagon",,,,2017,2017-05-06,1248,12,YONGE  ST,GOULD ST,1.0,Intersection,Traffic Signal,Clear,Daylight,Dry,Non-Fatal Injury,Cyclist Collisions,-79.3813,43.6573,May,Saturday
7000802019,Driver,40 to 44,1.0,"Automobile, Station Wagon",Yes,,,2017,2017-05-07,620,6,KING ST E,QUEEN ST E,1.0,Intersection,No Control,Clear,"Daylight, artificial",Dry,Non-Fatal Injury,Approaching,-79.3549,43.6576,May,Sunday
7000804511,Driver,75 to 79,4.0,"Automobile, Station Wagon",,,,2017,2017-05-07,1630,16,1446 DON MILLS RD,,1.0,Mid-Block,No Control,Clear,Daylight,Dry,Non-Fatal Injury,SMV Other,-79.3472,43.7516,May,Sunday
7000811654,Motorcycle Driver,25 to 29,2.0,Motorcycle,,,,2017,2017-05-08,1815,18,WILSON AVE,WILSON HEIGHTS BLVD,1.0,Intersection,Traffic Signal,Clear,Daylight,Dry,Fatal,Turning Movement,-79.4472,43.7345,May,Monday
7000825036,Cyclist,25 to 29,4.0,Bicycle,,,,2017,2017-05-10,900,9,COLLEGE  ST,HENRY ST,1.0,Intersection,No Control,Clear,Daylight,Dry,Non-Fatal Injury,Cyclist Collisions,-79.3946,43.6588,May,Wednesday
7000825885,Driver,20 to 24,1.0,Pick Up Truck,Yes,Yes,,2017,2017-05-10,2017,20,ASHTONBEE RD,HAKIMI AV              (411),2.0,Intersection,Traffic Signal,Clear,"Dark, artificial",Dry,Non-Fatal Injury,Turning Movement,-79.292,43.7299,May,Wednesday
7000831003,Driver,unknown,1.0,"Automobile, Station Wagon",,,,2017,2017-05-11,1550,15,DANFORTH AVE,FERRIER AVE,1.0,Intersection,No Control,Clear,Daylight,Dry,Non-Fatal Injury,Cyclist Collisions,-79.3482,43.6781,May,Thursday
7000832770,Driver,unknown,1.0,Passenger Van,,,,2017,2017-05-11,2100,21,LANSDOWNE AVE,COLLEGE ST,3.0,Intersection,Traffic Signal,Clear,"Dusk, artificial",Dry,Non-Fatal Injury,Pedestrian Collisions,-79.4399,43.6509,May,Thursday
7000838415,Passenger,75 to 79,1.0,,Yes,,,2017,2017-05-12,1723,17,3160 STEELES AVE E,,1.0,Mid-Block,No Control,Clear,Daylight,Dry,Non-Fatal Injury,Rear End,-79.3449,43.8147,May,Friday
7000840338,Driver,25 to 29,4.0,"Automobile, Station Wagon",Yes,,,2017,2017-05-13,2343,23,MORNINGSIDE AVE,STAINES RD,3.0,Intersection,Traffic Signal,Clear,"Dark, artificial",Dry,Non-Fatal Injury,SMV Other,-79.221,43.8196,May,Saturday
7000844451,Driver,30 to 34,1.0,Street Car,,,,2017,2017-05-13,1625,16,SPADINA AVENUE,BALDWIN STREET,1.0,Intersection,No Control,Clear,Daylight,Dry,Non-Fatal Injury,Pedestrian Collisions,-79.3988,43.6551,May,Saturday
7000844839,Cyclist,25 to 29,4.0,Bicycle,,,,2017,2017-05-13,1740,17,STRACHAN  AVE,DOURO ST,3.0,Intersection,Traffic Signal,Clear,Daylight,Dry,Non-Fatal Injury,Cyclist Collisions,-79.4114,43.6406,May,Saturday
7000846259,Driver,60 to 64,1.0,"Automobile, Station Wagon",,,,2017,2017-05-13,2246,22,BATHURST ST,AVENAL DR,1.0,Intersection,No Control,Clear,"Dark, artificial",Dry,Non-Fatal Injury,Pedestrian Collisions,-79.4235,43.696,May,Saturday
7000852096,Driver,60 to 64,1.0,"Automobile, Station Wagon",,,,2017,2017-05-14,2230,22,DANFORTH RD,BARRYMORE RD,1.0,Intersection,No Control,Clear,"Dark, artificial",Dry,Non-Fatal Injury,Pedestrian Collisions,-79.2444,43.7503,May,Sunday
7000855624,Motorcycle Driver,20 to 24,4.0,Motorcycle,,,,2017,2017-05-15,1315,13,MEADOWVALE RD,SHEPPARD AV E,3.0,Mid-Block,No Control,Clear,Daylight,Dry,Non-Fatal Injury,Turning Movement,-79.1705,43.8078,May,Monday
7000857576,Pedestrian,15 to 19,4.0,,,,,2017,2017-05-15,1806,18,JANE ST,DALRYMPLE DR,1.0,Intersection,No Control,Clear,Daylight,Dry,Non-Fatal Injury,Pedestrian Collisions,-79.496,43.6771,May,Monday
7000861875,Driver,80 to 84,2.0,"Automobile, Station Wagon",,,,2017,2017-05-16,1135,11,95 ELLESMERE RD,,1.0,Mid-Block,No Control,Clear,Daylight,Dry,Fatal,SMV Other,-79.3111,43.7587,May,Tuesday
7000863403,Pedestrian,5 to 9,4.0,,,,,2017,2017-05-16,1535,15,CORBETT  AVE,MOULD  AVE,4.0,Intersection,No Control,Clear,Daylight,Dry,Non-Fatal Injury,Pedestrian Collisions,-79.4883,43.6713,May,Tuesday
7000867225,Cyclist,10 to 14,4.0,Bicycle,,,,2017,2017-05-17,752,7,MILLWOOD RD,OVERLEA BLVD,1.0,Intersection,Traffic Signal,Clear,Daylight,Dry,Non-Fatal Injury,Cyclist Collisions,-79.3528,43.7019,May,Wednesday
7000868429,Truck Driver,45 to 49,1.0,Truck-Tractor,,,,2017,2017-05-17,1134,11,MARKHAM RD,EGLINTON AVE E,1.0,Intersection,Traffic Signal,Clear,Daylight,Dry,Non-Fatal Injury,Pedestrian Collisions,-79.2188,43.7431,May,Wednesday
7000871402,Driver,15 to 19,1.0,"Automobile, Station Wagon",,,,2017,2017-05-17,1900,19,SHEPPARD AVE E,YORKLAND RD,1.0,Intersection,Traffic Signal,Clear,Dusk,Dry,Non-Fatal Injury,Pedestrian Collisions,-79.3377,43.7758,May,Wednesday
7000877614,Driver,30 to 34,1.0,Pick Up Truck,,,,2017,2017-05-18,1423,14,BLOOR ST W,KENNEDY AVE,1.0,Intersection,No Control,Clear,Daylight,Dry,Non-Fatal Injury,Pedestrian Collisions,-79.4754,43.6512,May,Thursday
7000887166,Driver,20 to 24,1.0,"Automobile, Station Wagon",,,Yes,2017,2017-05-19,2356,23,EGLINTON AVE W,DUPLEX AVE,1.0,Intersection,Traffic Controller,Clear,"Daylight, artificial",Dry,Non-Fatal Injury,SMV Other,-79.4002,43.7062,May,Friday
7000891518,Driver,40 to 44,5.0,"Automobile, Station Wagon",,,,2017,2017-05-20,1740,17,EGLINTON AVE E,DANFORTH RD,1.0,Mid-Block,No Control,Clear,Daylight,Dry,Non-Fatal Injury,Rear End,-79.2451,43.7372,May,Saturday
7000906394,Cyclist,20 to 24,4.0,Bicycle,,,,2017,2017-05-23,900,9,DUNDAS ST E,CARLAW AVE,3.0,Intersection,Traffic Signal,Clear,Daylight,Dry,Non-Fatal Injury,Cyclist Collisions,-79.3415,43.6647,May,Tuesday
7000917334,Cyclist,5 to 9,2.0,Bicycle,,,,2017,2017-05-24,1815,18,1395 LAKE SHORE BLVD W,,1.0,Mid-Block,No Control,Clear,Daylight,Dry,Fatal,Cyclist Collisions,-79.4413,43.6354,May,Wednesday
7000925099,Driver,15 to 19,1.0,"Automobile, Station Wagon",,,,2017,2017-05-25,2150,21,MOUNT PLEASANT RD,BROADWAY AVE,1.0,Intersection,Traffic Signal,Rain,"Dark, artificial",Wet,Non-Fatal Injury,Cyclist Collisions,-79.3911,43.711,May,Thursday
7000933683,Driver,25 to 29,4.0,"Automobile, Station Wagon",,,,2017,2017-05-27,548,5,EGLINTON AVE E,VICTORIA PARK AVE,1.0,Intersection,Traffic Controller,Clear,Dawn,Dry,Non-Fatal Injury,Angle,-79.3026,43.7246,May,Saturday
7000940892,Driver,85 to 89,4.0,"Automobile, Station Wagon",,,,2017,2017-05-28,1025,10,66 BLACKSMITH CRES,,4.0,Mid-Block,No Control,Clear,Daylight,Dry,Non-Fatal Injury,SMV Unattended Vehicle,-79.5245,43.7716,May,Sunday
7000941921,Driver,40 to 44,3.0,"Automobile, Station Wagon",,Yes,,2017,2017-05-28,1345,13,YONGE ST,YORK MILLS RD,1.0,Intersection,Traffic Signal,Clear,Daylight,Dry,Non-Fatal Injury,Angle,-79.4066,43.744,May,Sunday
7000948522,Motorcycle Driver,35 to 39,4.0,Motorcycle,,,,2017,2017-05-29,1343,13,OAKWOOD AVE,VAUGHAN RD,3.0,Intersection,Traffic Signal,Clear,Daylight,Dry,Non-Fatal Injury,Turning Movement,-79.4408,43.6925,May,Monday
7000955246,Driver,70 to 74,4.0,"Automobile, Station Wagon",,,,2017,2017-05-30,1305,13,960 LAWRENCE AVE W,,1.0,Mid-Block,No Control,Clear,Daylight,Dry,Non-Fatal Injury,Turning Movement,-79.457,43.7135,May,Tuesday
7000957172,Motorcycle Driver,30 to 34,4.0,Motorcycle,Yes,,,2017,2017-05-30,1750,17,FRONT ST E,LOWER JARVIS ST,1.0,Intersection,Traffic Signal,Rain,Daylight,Wet,Non-Fatal Injury,SMV Other,-79.3714,43.6493,May,Tuesday
7000960688,Driver,50 to 54,3.0,"Automobile, Station Wagon",,,,2017,2017-05-31,900,9,ELLESMERE RD,BELLAMY RD N,1.0,Intersection,Traffic Signal,Clear,Daylight,Dry,Non-Fatal Injury,Pedestrian Collisions,-79.2417,43.7743,May,Wednesday
7000961019,Driver,40 to 44,1.0,"Automobile, Station Wagon",,,,2017,2017-05-31,950,9,BAYVIEW AVE,BURLEIGH HEIGHTS DR,1.0,Intersection,No Control,Clear,Daylight,Dry,Fatal,Pedestrian Collisions,-79.3908,43.7793,May,Wednesday
7000963426,Cyclist,15 to 19,4.0,Bicycle,,,,2017,2017-05-31,1540,15,ELLESMERE RD,CONLINS RD,3.0,Intersection,Traffic Signal,Clear,Daylight,Dry,Non-Fatal Injury,Cyclist Collisions,-79.1832,43.7878,May,Wednesday
7000964313,Driver,30 to 34,4.0,Pick Up Truck,,,,2017,2017-05-31,1800,18,JANE ST,TROUTBROOKE DR,1.0,Intersection,Traffic Signal,Clear,Daylight,Dry,Non-Fatal Injury,SMV Other,-79.5112,43.7317,May,Wednesday
7000970282,Driver,55 to 59,1.0,"Automobile, Station Wagon",,,,2017,2017-06-01,1504,15,GERRARD ST E,ST MATTHEWS RD,3.0,Intersection,No Control,Clear,Daylight,Dry,Non-Fatal Injury,Pedestrian Collisions,-79.3551,43.6647,June,Thursday
7000972243,Driver,30 to 34,1.0,"Automobile, Station Wagon",,,,2017,2017-06-01,2018,20,OSSINGTON AVE,DUPONT ST,1.0,Intersection,Traffic Signal,Clear,Daylight,Dry,Non-Fatal Injury,Turning Movement,-79.4289,43.67,June,Thursday
7000981173,Pedestrian,20 to 24,4.0,,,,,2017,2017-06-03,156,1,EGLINTON AVE W,MIRANDA AVE,1.0,Intersection,Stop Sign,Clear,"Dark, artificial",Dry,Non-Fatal Injury,Pedestrian Collisions,-79.455,43.6945,June,Saturday
7000983227,Driver,55 to 59,1.0,"Automobile, Station Wagon",,,,2017,2017-06-03,1134,11,RIDGEMOOR AVE,KINGSTON RD,1.0,Intersection,Traffic Signal,Clear,Daylight,Dry,Fatal,Pedestrian Collisions,-79.2512,43.7062,June,Saturday
7000998235,Driver,30 to 34,1.0,"Automobile, Station Wagon",,,,2017,2017-06-05,1732,17,KIPLING  AVE,NAMCO  RD,1.0,Intersection,Stop Sign,Clear,Daylight,Dry,Non-Fatal Injury,Angle,-79.565,43.7081,June,Monday
7001001490,Motorcycle Driver,25 to 29,4.0,Motorcycle,,,,2017,2017-06-06,825,8,BAYVIEW AVE,POTTERY RD,1.0,Mid-Block,No Control,Rain,Daylight,Wet,Non-Fatal Injury,SMV Other,-79.3637,43.6886,June,Tuesday
7001003309,Pedestrian,20 to 24,4.0,,,,,2017,2017-06-06,1320,13,MARKHAM  RD,ELLESMERE RD,1.0,Mid-Block,No Control,Rain,Daylight,Wet,Non-Fatal Injury,Pedestrian Collisions,-79.2319,43.777,June,Tuesday
7001005616,Driver,unknown,1.0,"Automobile, Station Wagon",,,,2017,2017-06-03,2330,23,ST CLAIR AVE W,CALEDONIA RD,1.0,Intersection,Traffic Signal,Clear,"Dark, artificial",Dry,Non-Fatal Injury,Cyclist Collisions,-79.4547,43.6752,June,Saturday
7001007745,Driver,50 to 54,1.0,Pick Up Truck,,,,2017,2017-06-07,701,7,COLLEGE ST,DUFFERIN ST,1.0,Intersection,Traffic Signal,Clear,Daylight,Dry,Non-Fatal Injury,Cyclist Collisions,-79.4325,43.6525,June,Wednesday
7001007889,Driver,55 to 59,1.0,"Automobile, Station Wagon",,,,2017,2017-06-07,715,7,DUNDAS ST W,ELIZABETH ST,1.0,Intersection,No Control,Clear,Daylight,Dry,Non-Fatal Injury,Cyclist Collisions,-79.3851,43.6553,June,Wednesday
7001016401,Truck Driver,35 to 39,1.0,"Truck - Closed (Blazer, etc)",,,,2017,2017-06-08,1030,10,DAVENPORT RD,AVENUE RD,1.0,Mid-Block,No Control,Clear,Daylight,Dry,Non-Fatal Injury,Cyclist Collisions,-79.3953,43.6748,June,Thursday