ACCNUM,INVTYPE,INVAGE,INJURY_ID,VEHTYPE,SPEEDING,REDLIGHT,ALCOHOL,YEAR,DATE,TIME,HOUR,STREET1,STREET2,ROAD_CLASS_ID,LOCCOORD,TRAFFCTL,VISIBILITY,LIGHT,RDSFCOND,ACCLASS,IMPACTYPE,Longitude,Latitude,Month,Day_of_Week
7001021387,Driver,20 to 24,4.0,"Automobile, Station Wagon",,,,2017,2017-06-09,135,1,SYMINGTON AVE,DUPONT ST,2.0,Mid-Block,No Control,Clear,"Dark, artificial",Dry,Non-Fatal Injury,SMV Unattended Vehicle,-79.451,43.6651,June,Friday
7001025478,Cyclist,60 to 64,4.0,Bicycle,,,,2017,2017-06-09,1543,15,DANFORTH AV,COXWELL AV              (542),1.0,Intersection,Traffic Signal,Clear,Daylight,Dry,Non-Fatal Injury,Cyclist Collisions,-79.3234,43.6833,June,Friday
7001030494,Driver,30 to 34,1.0,Municipal Transit Bus (TTC),,,,2017,2017-06-10,1055,10,DANFORTH RD,WETHERBY DR,1.0,Mid-Block,No Control,Clear,Daylight,Dry,Non-Fatal Injury,Other,-79.2454,43.7387,June,Saturday
7001031526,Motorcycle Driver,25 to 29,3.0,Motorcycle,Yes,,,2017,2017-06-10,1404,14,FINCH  AVE E,PHARMACY AVE,1.0,Mid-Block,No Control,Clear,Daylight,Dry,Non-Fatal Injury,Pedestrian Collisions,-79.3231,43.7948,June,Saturday
7001036218,Driver,45 to 49,4.0,"Automobile, Station Wagon",Yes,,,2017,2017-06-11,635,6,50 TORYORK DR,,2.0,Mid-Block,No Control,Clear,"Dark, artificial",Dry,Non-Fatal Injury,SMV Other,-79.5445,43.7536,June,Sunday
7001038789,Cyclist,25 to 29,4.0,Bicycle,,,,2017,2017-06-11,1605,16,5 WAKUNDA PL,O CONNOR DR,1.0,Intersection,No Control,Clear,Daylight,Dry,Non-Fatal Injury,Cyclist Collisions,-79.3049,43.7159,June,Sunday
7001039810,Truck Driver,25 to 29,1.0,"Truck - Closed (Blazer, etc)",,,,2017,2017-06-11,1922,19,1755 LAKE SHORE BLVD W,,1.0,Mid-Block,No Control,Clear,Daylight,Dry,Non-Fatal Injury,Sideswipe,-79.4574,43.6378,June,Sunday
7001050075,Passenger,15 to 19,5.0,,Yes,,,2017,2017-06-13,854,8,BATHURST ST,REINER RD,1.0,Intersection,Stop Sign,Clear,Daylight,Dry,Non-Fatal Injury,Turning Movement,-79.4376,43.7523,June,Tuesday
7001052622,Motorcycle Driver,20 to 24,4.0,Motorcycle,,,,2017,2017-06-13,1505,15,BURNHAMTHORPE RD,MARTIN GROVE RD,1.0,Mid-Block,No Control,Clear,Daylight,Dry,Non-Fatal Injury,Rear End,-79.5489,43.6487,June,Tuesday
7001052989,Passenger,40 to 44,4.0,,,,,2017,2017-06-13,1606,16,5085 SHEPPARD AVE E,,1.0,Mid-Block,No Control,Clear,Daylight,Dry,Fatal,Turning Movement,-79.24,43.7935,June,Tuesday
7001053469,Driver,70 to 74,4.0,"Automobile, Station Wagon",,,,2017,2017-06-13,1719,17,SHEPPARD AVE E,DON MILLS RD,1.0,Intersection,Traffic Controller,Clear,Daylight,Dry,Non-Fatal Injury,Rear End,-79.347,43.775,June,Tuesday
7001054440,Motorcycle Driver,25 to 29,4.0,Motorcycle,,,,2017,2017-06-13,2001,20,DON VALLEY PARKWAY  N,EGLINTON AVE E,,Mid-Block,No Control,Clear,Daylight,Dry,Non-Fatal Injury,Sideswipe,-79.3302,43.7252,June,Tuesday
7001065894,Driver,65 to 69,1.0,Municipal Transit Bus (TTC),,,,2017,2017-06-15,1200,12,MORNINGVIEW TRL,BLACKHURST CRT,4.0,Intersection,No Control,Clear,Daylight,Dry,Non-Fatal Injury,Pedestrian Collisions,-79.2002,43.8189,June,Thursday
7001069873,Driver,35 to 39,1.0,"Automobile, Station Wagon",,,,2017,2017-06-16,21,0,LAKE SHORE BLVD E,CARLAW AVE,1.0,Intersection,Traffic Signal,Clear,"Dark, artificial",Dry,Non-Fatal Injury,Turning Movement,-79.3373,43.6548,June,Friday
7001074054,Driver,55 to 59,1.0,Pick Up Truck,,,,2017,2017-06-16,1513,15,DUFFERIN ST,HUNTER AVE,1.0,Mid-Block,No Control,Clear,Daylight,Dry,Non-Fatal Injury,Rear End,-79.4494,43.6936,June,Friday
7001075427,Driver,30 to 34,5.0,"Automobile, Station Wagon",,,,2017,2017-06-16,1820,18,YONGE  ST,ADELAIDE ST W,1.0,Intersection,No Control,Clear,Daylight,Dry,Non-Fatal Injury,Sideswipe,-79.3784,43.6503,June,Friday
7001076312,Driver,70 to 74,1.0,"Automobile, Station Wagon",,,,2017,2017-06-16,2101,21,MARTIN GROVE RD,SILVERSTONE DR,3.0,Mid-Block,No Control,Rain,"Dark, artificial",Wet,Non-Fatal Injury,Pedestrian Collisions,-79.5981,43.75,June,Friday
7001094601,Motorcycle Driver,20 to 24,4.0,Motorcycle,,,,2017,2017-06-19,1543,15,MARKHAM RD,PROGRESS AVE,1.0,Intersection,Traffic Signal,Clear,Daylight,Dry,Non-Fatal Injury,Turning Movement,-79.2338,43.7816,June,Monday
7001100297,Driver,65 to 69,1.0,"Automobile, Station Wagon",,,,2017,2017-06-20,1227,12,5799 YONGE ST,,1.0,Mid-Block,Stop Sign,Clear,Daylight,Dry,Non-Fatal Injury,Pedestrian Collisions,-79.4167,43.7848,June,Tuesday
7001101719,Driver,50 to 54,1.0,"Automobile, Station Wagon",,,,2017,2017-06-20,1550,15,SIMCOE ST,QUEEN ST W,1.0,Intersection,No Control,Clear,Daylight,Dry,Non-Fatal Injury,Pedestrian Collisions,-79.3874,43.6505,June,Tuesday
7001109368,Driver,60 to 64,4.0,"Automobile, Station Wagon",,,,2017,2017-06-21,1700,17,LAWRENCE AVE W,KIMBARK BLVD,1.0,Intersection,No Control,Clear,Daylight,Dry,Non-Fatal Injury,SMV Other,-79.4184,43.7215,June,Wednesday
7001122471,Driver,45 to 49,1.0,"Automobile, Station Wagon",,,,2017,2017-06-23,1510,15,YORKVILLE AVE,YONGE ST,2.0,Mid-Block,No Control,Clear,Daylight,Dry,Non-Fatal Injury,Pedestrian Collisions,-79.3892,43.6714,June,Friday
7001140517,Pedestrian,70 to 74,4.0,,,,,2017,2017-06-26,1045,10,WELLESLEY ST E,CHURCH ST,3.0,Intersection,Traffic Signal,Clear,Daylight,Dry,Non-Fatal Injury,Pedestrian Collisions,-79.3809,43.6656,June,Monday
7001155336,Driver,25 to 29,1.0,Street Car,,,,2017,2017-06-28,1155,11,ST CLAIR AVE W,AVENUE RD,1.0,Mid-Block,No Control,Clear,Daylight,Dry,Non-Fatal Injury,Pedestrian Collisions,-79.4017,43.6865,June,Wednesday
7001157436,Driver,65 to 69,1.0,"Automobile, Station Wagon",,,,2017,2017-06-28,1648,16,MIDDELFIELD ROAD,PEBBLEWOOD AVENUE,3.0,Intersection,No Control,Clear,Daylight,Dry,Non-Fatal Injury,Pedestrian Collisions,-79.2631,43.8232,June,Wednesday
7001157981,Passenger,0 to 4,1.0,,,,,2017,2017-06-28,1800,18,DANFORTH AVE,WOODYCREST AVE,1.0,Mid-Block,No Control,Clear,Daylight,Dry,Non-Fatal Injury,Cyclist Collisions,-79.3421,43.6794,June,Wednesday
7001160269,Pedestrian,30 to 34,4.0,,,,,2017,2017-06-29,248,2,196 DUPONT ST,,1.0,Mid-Block,No Control,Rain,"Dark, artificial",Wet,Non-Fatal Injury,Pedestrian Collisions,-79.4041,43.6753,June,Thursday
7001165135,Passenger,20 to 24,3.0,,,,,2017,2017-06-29,1808,18,THE WEST MALL,CAMBRIAN RD,3.0,Mid-Block,No Control,Clear,Daylight,Dry,Non-Fatal Injury,Angle,-79.5706,43.6519,June,Thursday
7001169974,Cyclist,70 to 74,2.0,Bicycle,,,,2017,2017-06-30,1304,13,847 JANE ST,,2.0,Mid-Block,No Control,Clear,Daylight,Dry,Fatal,Cyclist Collisions,-79.4945,43.6761,June,Friday
7001174505,Motorcycle Driver,35 to 39,4.0,Motorcycle,,,,2017,2017-07-01,306,3,JANE ST,LAWRENCE AVE W,1.0,Intersection,Traffic Signal,Clear,"Dark, artificial",Dry,Non-Fatal Injury,Rear End,-79.5037,43.7028,July,Saturday
7001179140,Driver,40 to 44,1.0,Pick Up Truck,,,,2017,2017-07-01,2240,22,THE WEST MALL,HOLIDAY DR,3.0,Mid-Block,No Control,Clear,"Dark, artificial",Dry,Non-Fatal Injury,Pedestrian Collisions,-79.5689,43.65,July,Saturday
7001187926,Cyclist,55 to 59,4.0,Bicycle,,,,2017,2017-07-03,1312,13,ST CLAIR AVE W,AVENUE RD,1.0,Intersection,Traffic Signal,Clear,Daylight,Dry,Non-Fatal Injury,Cyclist Collisions,-79.4014,43.6865,July,Monday
7001207044,Driver,20 to 24,4.0,"Automobile, Station Wagon",,,,2017,2017-07-06,835,8,DIXON  RD,SKYWAY  AVE,1.0,Intersection,Traffic Signal,Clear,Daylight,Dry,Non-Fatal Injury,Cyclist Collisions,-79.5867,43.6878,July,Thursday
7001209887,Driver,55 to 59,1.0,"Automobile, Station Wagon",,,,2017,2017-07-06,1547,15,DANFORTH AVE,MAIN ST,1.0,Mid-Block,No Control,Clear,Daylight,Dry,Non-Fatal Injury,Cyclist Collisions,-79.3025,43.6879,July,Thursday
7001212407,Driver,60 to 64,1.0,"Automobile, Station Wagon",,,,2017,2017-07-06,2300,23,HIGHWAY 27  N,QUEENS PLATE DR,1.0,Intersection,Traffic Signal,Clear,Dark,Dry,Non-Fatal Injury,Turning Movement,-79.598,43.7227,July,Thursday
7001224557,Driver,75 to 79,5.0,"Automobile, Station Wagon",Yes,,,2017,2017-07-08,1900,19,KIPLING  AVE,CLEMENT RD,1.0,Intersection,Traffic Signal,Clear,Daylight,Dry,Non-Fatal Injury,Turning Movement,-79.5527,43.6813,July,Saturday
7001224899,Motorcycle Driver,35 to 39,2.0,Motorcycle,,,,2017,2017-07-08,2007,20,BAYVIEW AVE,BLOOR W BAYVIEW N RAMP,1.0,Mid-Block,No Control,Clear,Daylight,Dry,Fatal,Turning Movement,-79.368,43.6809,July,Saturday
7001234625,Driver,40 to 44,1.0,"Automobile, Station Wagon",,,,2017,2017-07-10,1200,12,LYNVALLEY CRES,VICTORIA PARK AVE,1.0,Intersection,Traffic Signal,Clear,"Daylight, artificial",Dry,Non-Fatal Injury,Pedestrian Collisions,-79.3117,43.7478,July,Monday
7001234920,Passenger,10 to 14,4.0,,,,,2017,2017-07-10,1250,12,DON MILLS RD,MCNICOLL AVE,1.0,Intersection,Traffic Signal,Clear,Daylight,Dry,Non-Fatal Injury,Turning Movement,-79.354,43.7995,July,Monday
7001250133,Motorcycle Driver,45 to 49,4.0,Motorcycle,,,,2017,2017-07-12,1612,16,BROADVIEW AVE,DUNDAS ST E,3.0,Mid-Block,No Control,Rain,Daylight,Wet,Non-Fatal Injury,SMV Other,-79.3509,43.6614,July,Wednesday
7001269132,Driver,35 to 39,1.0,"Automobile, Station Wagon",,,,2017,2017-07-15,1335,13,538 MCLEVIN AVE,,3.0,Mid-Block,No Control,Clear,Daylight,Dry,Non-Fatal Injury,Pedestrian Collisions,-79.2166,43.8104,July,Saturday
7001274774,Motorcycle Driver,35 to 39,4.0,Motorcycle,Yes,,,2017,2017-07-16,1045,10,HIGHWAY 27  N,BELFIELD RD,1.0,Mid-Block,No Control,Clear,Daylight,Dry,Non-Fatal Injury,SMV Other,-79.5885,43.7025,July,Sunday
7001277580,Motorcycle Driver,25 to 29,4.0,Motorcycle,Yes,,,2017,2017-07-16,2033,20,1450 CASTLEFIELD AVE,,2.0,Mid-Block,No Control,Clear,Daylight,Dry,Non-Fatal Injury,Sideswipe,-79.4669,43.6975,July,Sunday
7001286763,Truck Driver,55 to 59,1.0,Truck - Dump,,,,2017,2017-07-18,737,7,YONGE ST,CAMERON AVE,1.0,Mid-Block,No Control,Clear,Daylight,Dry,Non-Fatal Injury,Cyclist Collisions,-79.4099,43.7576,July,Tuesday
7001286988,Driver,35 to 39,1.0,Delivery Van,,,,2017,2017-07-18,825,8,VICTORIA PARK AVE,FINCH AVE E,1.0,Intersection,Traffic Signal,Clear,Daylight,Dry,Non-Fatal Injury,Pedestrian Collisions,-79.3313,43.793,July,Tuesday
7001287888,Pedestrian,70 to 74,2.0,,,,,2017,2017-07-18,1054,10,EGLINTON AVE E,MIDLAND AVE,1.0,Mid-Block,No Control,Clear,Daylight,Dry,Fatal,Pedestrian Collisions,-79.26,43.734,July,Tuesday
7001289449,Motorcycle Driver,70 to 74,2.0,Motorcycle,,,,2017,2017-07-18,1504,15,BLOOR ST W,JANE ST,1.0,Intersection,Traffic Signal,Clear,Daylight,Dry,Fatal,Rear End,-79.4844,43.6492,July,Tuesday
7001291645,Motorcycle Driver,45 to 49,4.0,Motorcycle,,,,2017,2017-07-18,2115,21,BATHURST ST,BRENTHALL AVE,1.0,Intersection,Stop Sign,Clear,"Daylight, artificial",Dry,Non-Fatal Injury,Turning Movement,-79.4431,43.7744,July,Tuesday
7001296811,Driver,25 to 29,1.0,"Automobile, Station Wagon",,,,2017,2017-07-19,1548,15,SPADINA RD,MACPHERSON AVE,3.0,Intersection,No Control,Clear,Daylight,Dry,Non-Fatal Injury,Turning Movement,-79.4074,43.6757,July,Wednesday
7001297222,Driver,35 to 39,1.0,Municipal Transit Bus (TTC),,,,2017,2017-07-19,1659,16,ELLESMERE RD,KENNEDY RD,1.0,Intersection,Traffic Signal,Clear,Daylight,Dry,Non-Fatal Injury,Other,-79.281,43.7657,July,Wednesday
7001300231,Driver,20 to 24,1.0,"Automobile, Station Wagon",,,,2017,2017-07-20,624,6,BREMNER BLVD,SPADINA AVE,1.0,Intersection,Traffic Signal,Clear,Daylight,Dry,Non-Fatal Injury,Pedestrian Collisions,-79.3929,43.6404,July,Thursday
7001318680,Driver,45 to 49,1.0,"Automobile, Station Wagon",,,,2017,2017-07-22,2134,21,ALBION RD,ISLINGTON AVE,1.0,Intersection,Traffic Signal,Rain,"Dark, artificial",Wet,Non-Fatal Injury,Turning Movement,-79.5652,43.7371,July,Saturday
7001319124,Passenger,45 to 49,1.0,,,,,2017,2017-07-22,2305,23,SCARBOROUGH GOLF CLUB RD,LAWRENCE AVE E,3.0,Mid-Block,No Control,Clear,"Dark, artificial",Dry,Fatal,Pedestrian Collisions,-79.2157,43.7608,July,Saturday
7001320711,Driver,30 to 34,4.0,"Automobile, Station Wagon",Yes,,,2017,2017-07-23,620,6,114 TORYORK  DR,,2.0,Mid-Block,No Control,Clear,Dawn,Dry,Non-Fatal Injury,SMV Other,-79.5513,43.7565,July,Sunday
7001340005,Motorcycle Driver,50 to 54,4.0,Motorcycle,,,,2017,2017-07-26,746,7,LAWRENCE AVE E,CARNFORTH RD,1.0,Intersection,Traffic Signal,Clear,Daylight,Dry,Non-Fatal Injury,Rear End,-79.3142,43.7414,July,Wednesday
7001343625,Cyclist,60 to 64,4.0,Bicycle,,,,2017,2017-07-26,1751,17,DUNDAS ST W,CARLYLE ST,1.0,Intersection,No Control,Clear,Daylight,Dry,Non-Fatal Injury,Cyclist Collisions,-79.4048,43.652,July,Wednesday
7001344660,Pedestrian,65 to 69,4.0,,,,,2017,2017-07-26,2100,21,EGLINTON AVE E,VICTORIA PARK AVE,1.0,Intersection,Traffic Signal,Rain,"Dark, artificial",Wet,Non-Fatal Injury,Pedestrian Collisions,-79.3026,43.7246,July,Wednesday
7001349582,Passenger,65 to 69,4.0,,,,,2017,2017-07-27,1540,15,QUEEN ST W,YONGE  ST,1.0,Intersection,Traffic Signal,Clear,Daylight,Dry,Non-Fatal Injury,Other,-79.3792,43.6523,July,Thursday
7001357624,Driver,55 to 59,1.0,"Automobile, Station Wagon",,,,2017,2017-07-28,1830,18,YONGE ST,BOGERT AVE,1.0,Intersection,No Control,Clear,Daylight,Dry,Non-Fatal Injury,Sideswipe,-79.4107,43.7606,July,Friday
7001366288,Driver,55 to 59,5.0,"Automobile, Station Wagon",Yes,,Yes,2017,2017-07-30,237,2,DUNDAS ST W,KEELE ST,1.0,Intersection,Traffic Signal,Clear,Dark,Dry,Non-Fatal Injury,Angle,-79.4645,43.6653,July,Sunday
7001372110,Passenger,70 to 74,4.0,,,Yes,,2017,2017-07-31,139,1,BATHURST ST,FINCH AVE W,1.0,Intersection,Traffic Signal,Clear,"Daylight, artificial",Dry,Non-Fatal Injury,Angle,-79.4429,43.7737,July,Monday
7001372973,Driver,25 to 29,1.0,"Automobile, Station Wagon",Yes,,,2017,2017-07-31,713,7,SHERBOURNE ST,DUNDAS ST E,1.0,Intersection,Traffic Signal,Clear,Daylight,Dry,Fatal,Pedestrian Collisions,-79.3709,43.6582,July,Monday
7001375273,Passenger,65 to 69,5.0,,,,,2017,2017-07-31,1345,13,MARTIN GROVE RD,WESTHUMBER  BLVD,1.0,Intersection,Traffic Signal,Clear,Daylight,Dry,Non-Fatal Injury,Turning Movement,-79.5866,43.7259,July,Monday
7001383604,Driver,20 to 24,1.0,"Automobile, Station Wagon",,,,2017,2017-08-01,1648,16,YONGE  ST,WEDGEWOOD  DR,1.0,Intersection,No Control,Clear,Daylight,Dry,Non-Fatal Injury,Turning Movement,-79.4177,43.7889,August,Tuesday
7001383874,Driver,60 to 64,1.0,"Automobile, Station Wagon",,,,2017,2017-08-01,1735,17,GRANGE AVE,LARCH ST,4.0,Intersection,No Control,Clear,Daylight,Dry,Non-Fatal Injury,Cyclist Collisions,-79.3965,43.652,August,Tuesday
7001386186,Driver,20 to 24,1.0,"Automobile, Station Wagon",,,,2017,2017-08-02,123,1,BRIMLEY RD,SHEPPARD AVE E,1.0,Intersection,Traffic Signal,Clear,"Dark, artificial",Dry,Non-Fatal Injury,Turning Movement,-79.2682,43.7875,August,Wednesday
7001406926,Driver,50 to 54,1.0,"Automobile, Station Wagon",,,,2017,2017-08-05,225,2,BAY ST,FRONT ST W,1.0,Mid-Block,No Control,Clear,"Dark, artificial",Dry,Non-Fatal Injury,Pedestrian Collisions,-79.3788,43.6454,August,Saturday
7001412145,Driver,15 to 19,1.0,"Automobile, Station Wagon",,,,2017,2017-08-05,2245,22,YORK MILLS RD,YONGE ST,1.0,Intersection,Traffic Signal,Clear,"Dark, artificial",Dry,Non-Fatal Injury,Pedestrian Collisions,-79.4066,43.744,August,Saturday
7001414660,Driver,50 to 54,1.0,"Automobile, Station Wagon",,Yes,,2017,2017-08-06,1125,11,KEELE ST,ANNETTE ST,1.0,Intersection,Traffic Signal,Clear,Daylight,Dry,Non-Fatal Injury,Pedestrian Collisions,-79.4637,43.6635,August,Sunday
7001415080,Motorcycle Driver,40 to 44,4.0,Motorcycle,,,,2017,2017-08-06,1255,12,DUFFERIN ST,BRANDON AVE,1.0,Intersection,No Control,Clear,Daylight,Dry,Non-Fatal Injury,Turning Movement,-79.4398,43.6703,August,Sunday
7001424545,Driver,20 to 24,5.0,"Automobile, Station Wagon",Yes,,,2017,2017-08-08,555,5,JANE ST,ALLIANCE AVE,1.0,Intersection,Traffic Signal,Clear,Dark,Dry,Non-Fatal Injury,Turning Movement,-79.4956,43.6761,August,Tuesday
7001424903,Pedestrian,75 to 79,4.0,,,,,2017,2017-08-08,801,8,MILLIKEN BLVD,FINCH  AVE E,1.0,Intersection,Traffic Signal,Clear,Daylight,Dry,Non-Fatal Injury,Pedestrian Collisions,-79.2942,43.8017,August,Tuesday
7001432218,Driver,25 to 29,4.0,"Automobile, Station Wagon",,,,2017,2017-08-09,923,9,DON VALLEY PARKWAY  S,DUNDAS ST E,,Mid-Block,No Control,Clear,Daylight,Dry,Non-Fatal Injury,Rear End,-79.3546,43.6606,August,Wednesday
7001442419,Driver,50 to 54,2.0,"Automobile, Station Wagon",,,,2017,2017-08-10,1810,18,SHEPPARD AVE E,WATER TOWER GT,1.0,Intersection,Traffic Signal,Clear,Daylight,Dry,Fatal,Rear End,-79.1948,43.803,August,Thursday
7001450084,Passenger,25 to 29,1.0,,,,,2017,2017-08-11,2117,21,STEELES AVE E,MAXOME AVE,1.0,Mid-Block,No Control,Rain,"Dark, artificial",Wet,Non-Fatal Injury,Rear End,-79.4046,43.8013,August,Friday
7001455540,Motorcycle Driver,35 to 39,4.0,Motorcycle,Yes,,,2017,2017-08-12,1917,19,BLACK CREEK DR,PHOTOGRAPHY DR,1.0,Intersection,Traffic Signal,Clear,Daylight,Dry,Non-Fatal Injury,Turning Movement,-79.4816,43.6857,August,Saturday
7001457563,Driver,20 to 24,1.0,"Automobile, Station Wagon",,,Yes,2017,2017-08-13,237,2,JANE ST,SHOREHAM DR,1.0,Intersection,Traffic Signal,Clear,"Dark, artificial",Dry,Non-Fatal Injury,Turning Movement,-79.5203,43.7687,August,Sunday
7001464361,Driver,65 to 69,4.0,"Automobile, Station Wagon",,,,2017,2017-08-14,900,9,VICTORIA PARK AVE,EDGE PARK AVE,1.0,Intersection,No Control,Clear,Daylight,Dry,Non-Fatal Injury,Rear End,-79.2997,43.7177,August,Monday
7001470435,Pedestrian,45 to 49,2.0,,,,,2017,2017-08-15,407,4,DUNDAS ST E,SHERBOURNE ST,1.0,Mid-Block,No Control,Rain,"Dark, artificial",Wet,Fatal,Pedestrian Collisions,-79.3705,43.6583,August,Tuesday
7001474297,Passenger,65 to 69,3.0,,,,,2017,2017-08-15,1700,17,FAYWOOD  BLVD,WILSON AVE,1.0,Intersection,Stop Sign,Clear,Daylight,Dry,Non-Fatal Injury,Turning Movement,-79.4463,43.7346,August,Tuesday
7001489368,Driver,40 to 44,1.0,"Automobile, Station Wagon",,,,2017,2017-08-17,2215,22,DUFFERIN ST,CARTWRIGHT  AVE,1.0,Intersection,No Control,Rain,"Dark, artificial",Wet,Non-Fatal Injury,Pedestrian Collisions,-79.4568,43.7237,August,Thursday
7001489490,Passenger,15 to 19,4.0,,Yes,,Yes,2017,2017-08-17,2245,22,WHITE HEATHER BLVD,LONGSWORD  DR,2.0,Intersection,No Control,Clear,"Dark, artificial",Dry,Non-Fatal Injury,SMV Other,-79.266,43.8154,August,Thursday
7001492041,Driver,45 to 49,1.0,"Automobile, Station Wagon",,,,2017,2017-08-18,1055,10,FAYWOOD  BLVD,WILSON  AVE,1.0,Intersection,Stop Sign,Clear,Daylight,Dry,Non-Fatal Injury,Cyclist Collisions,-79.4463,43.7346,August,Friday
7001493534,Driver,25 to 29,4.0,"Automobile, Station Wagon",,,,2017,2017-08-18,1444,14,NORTH QUEEN ST,NOVA RD,3.0,Mid-Block,Stop Sign,Clear,Daylight,Dry,Non-Fatal Injury,Turning Movement,-79.5573,43.6169,August,Friday
7001494097,Driver,65 to 69,1.0,"Automobile, Station Wagon",,,,2017,2017-08-18,1622,16,MIDLAND AVE,EGLINTON AVE E,1.0,Intersection,No Control,Clear,Daylight,Dry,Non-Fatal Injury,Pedestrian Collisions,-79.258,43.7344,August,Friday
7001496214,Pedestrian,25 to 29,4.0,,,,,2017,2017-08-18,2305,23,FINCH  AVE W,DUNCANWOODS  DR,1.0,Intersection,Traffic Signal,Clear,"Dark, artificial",Dry,Non-Fatal Injury,Pedestrian Collisions,-79.5575,43.7487,August,Friday
7001502233,Motorcycle Driver,30 to 34,4.0,Motorcycle,,,,2017,2017-08-19,2309,23,HINTON RD,KIPLING AVE,4.0,Mid-Block,No Control,Clear,"Dark, artificial",Dry,Non-Fatal Injury,Turning Movement,-79.5718,43.726,August,Saturday
7001508706,Driver,unknown,1.0,"Automobile, Station Wagon",Yes,,,2017,2017-08-21,118,1,FINCH AVE W,WESTON RD,1.0,Mid-Block,No Control,Clear,"Dark, artificial",Dry,Non-Fatal Injury,Turning Movement,-79.5448,43.7514,August,Monday
7001512006,Driver,35 to 39,4.0,"Automobile, Station Wagon",,,,2017,2017-08-21,1414,14,ST CLAIR AVE E,BIRCHMOUNT RD,1.0,Mid-Block,No Control,Clear,Daylight,Dry,Non-Fatal Injury,Angle,-79.2721,43.7138,August,Monday
7001512799,Cyclist,35 to 39,4.0,Bicycle,Yes,,,2017,2017-08-21,1634,16,SPADINA CRES,RUSSELL ST,1.0,Intersection,No Control,Clear,Daylight,Dry,Non-Fatal Injury,Cyclist Collisions,-79.3999,43.6597,August,Monday
7001526213,Driver,35 to 39,4.0,"Automobile, Station Wagon",,,,2017,2017-08-23,1525,15,STEELES AVE E,NINTH LINE,3.0,Mid-Block,No Control,Clear,Daylight,Dry,Non-Fatal Injury,Rear End,-79.2268,43.8422,August,Wednesday
7001528499,Driver,45 to 49,1.0,"Automobile, Station Wagon",,,,2017,2017-08-23,1010,10,MAIN ST,GERRARD  ST E,3.0,Intersection,Traffic Signal,Clear,Daylight,Dry,Non-Fatal Injury,Cyclist Collisions,-79.3001,43.6838,August,Wednesday
7001528578,Driver,45 to 49,1.0,"Automobile, Station Wagon",,,,2017,2017-08-23,2218,22,KING ST W,STRACHAN AVE,1.0,Intersection,Traffic Signal,Clear,"Dark, artificial",Dry,Non-Fatal Injury,Pedestrian Collisions,-79.4119,43.6419,August,Wednesday
7001535588,Driver,40 to 44,1.0,"Automobile, Station Wagon",,,,2017,2017-08-24,2325,23,VICTORIA PARK AVE,CLINTWOOD GT,1.0,Intersection,No Control,Clear,"Dark, artificial",Dry,Fatal,Pedestrian Collisions,-79.312,43.7487,August,Thursday
7001538094,Driver,55 to 59,4.0,"Automobile, Station Wagon",,,,2017,2017-08-25,1204,12,EGLINTON AVE E,TORRANCE RD,1.0,Intersection,Traffic Signal,Clear,Daylight,Dry,Non-Fatal Injury,SMV Other,-79.2352,43.7394,August,Friday
7001542101,Pedestrian,30 to 34,2.0,,,,,2017,2017-08-25,1130,11,DUNDAS ST W,GLADSTONE AVE,3.0,Mid-Block,No Control,Clear,Dark,Dry,Fatal,Pedestrian Collisions,-79.4289,43.6495,August,Friday
7001544325,Driver,30 to 34,2.0,"Automobile, Station Wagon",Yes,,,2017,2017-08-26,1055,10,3738 ST CLAIR AVE E,,3.0,Mid-Block,No Control,Clear,Daylight,Dry,Fatal,SMV Other,-79.243,43.7204,August,Saturday
7001553173,Driver,45 to 49,1.0,"Automobile, Station Wagon",,,,2017,2017-08-27,2054,20,6065 STEELES AVE E,,1.0,Mid-Block,No Control,Clear,Dark,Dry,Fatal,Pedestrian Collisions,-79.249,43.837,August,Sunday
7001553608,Pedestrian,25 to 29,4.0,,,,,2017,2017-08-27,1105,11,LESWYN  RD,CALEDONIA  RD,3.0,Intersection,Stop Sign,Clear,Daylight,Dry,Non-Fatal Injury,Pedestrian Collisions,-79.4675,43.7156,August,Sunday
7001555383,Driver,30 to 34,1.0,"Automobile, Station Wagon",,,,2017,2017-08-28,849,8,5450 DUNDAS ST W,,1.0,Mid-Block,No Control,Clear,Daylight,Dry,Non-Fatal Injury,Pedestrian Collisions,-79.5434,43.6327,August,Monday
7001555657,Passenger,35 to 39,4.0,,,,,2017,2017-08-28,935,9,SHEPPARD  AVE W,CANYON AVE,1.0,Intersection,No Control,Clear,Daylight,Dry,Non-Fatal Injury,Rear End,-79.4369,43.7556,August,Monday
7001556385,Driver,55 to 59,1.0,"Automobile, Station Wagon",,,,2017,2017-08-28,1135,11,215 LONSDALE  RD,,3.0,Mid-Block,No Control,Clear,Daylight,Dry,Non-Fatal Injury,Sideswipe,-79.4036,43.6905,August,Monday
7001559045,Motorcycle Driver,30 to 34,4.0,Motorcycle,,,,2017,2017-08-28,1845,18,OSSINGTON  AVE,HARBORD ST,3.0,Intersection,No Control,Clear,Daylight,Dry,Non-Fatal Injury,Turning Movement,-79.4242,43.6584,August,Monday
7001559583,Driver,25 to 29,4.0,"Automobile, Station Wagon",,,,2017,2017-08-28,2010,20,RENFORTH DR,SILVER DART DR,1.0,Intersection,Traffic Signal,Clear,"Dark, artificial",Dry,Non-Fatal Injury,SMV Other,-79.5931,43.6763,August,Monday