ACCNUM,INVTYPE,INVAGE,INJURY_ID,VEHTYPE,SPEEDING,REDLIGHT,ALCOHOL,YEAR,DATE,TIME,HOUR,STREET1,STREET2,ROAD_CLASS_ID,LOCCOORD,TRAFFCTL,VISIBILITY,LIGHT,RDSFCOND,ACCLASS,IMPACTYPE,Longitude,Latitude,Month,Day_of_Week
7001568713,Passenger,60 to 64,3.0,,,,,2017,2017-08-30,846,8,FINCH AVE W,HUMBER COLLEGE BLVD,1.0,Mid-Block,No Control,Clear,Daylight,Dry,Non-Fatal Injury,Rear End,-79.6098,43.734,August,Wednesday
7001571864,Cyclist,40 to 44,4.0,Bicycle,,,,2017,2017-08-30,1703,17,WELLESLEY ST W,QUEENS PARK CRES E,1.0,Intersection,Traffic Signal,Clear,Daylight,Dry,Non-Fatal Injury,Cyclist Collisions,-79.3906,43.6635,August,Wednesday
7001580093,Driver,20 to 24,1.0,Pick Up Truck,,,,2017,2017-08-31,2141,21,YONGE ST,YONGE BLVD,1.0,Intersection,Traffic Controller,Clear,"Daylight, artificial",Dry,Non-Fatal Injury,Cyclist Collisions,-79.4045,43.7342,August,Thursday
7001604333,Driver,15 to 19,3.0,"Automobile, Station Wagon",,,,2017,2017-09-05,30,0,715 MILNER AVE,,3.0,Mid-Block,No Control,Clear,"Dark, artificial",Dry,Non-Fatal Injury,SMV Other,-79.2101,43.796,September,Tuesday
7001609078,Driver,35 to 39,1.0,"Automobile, Station Wagon",,,,2017,2017-09-05,1735,17,MILLWOOD RD,YONGE  ST,4.0,Mid-Block,No Control,Clear,Daylight,Dry,Non-Fatal Injury,Pedestrian Collisions,-79.3937,43.6999,September,Tuesday
7001609405,Pedestrian,70 to 74,2.0,,,,,2017,2017-09-05,1832,18,CODSELL AVE,MAXWELL ST,4.0,Intersection,Stop Sign,Clear,Daylight,Dry,Fatal,Pedestrian Collisions,-79.4466,43.7563,September,Tuesday
7001616713,Cyclist,30 to 34,4.0,Bicycle,,,,2017,2017-09-06,2040,20,GERRARD ST E,HANNAFORD ST,3.0,Intersection,No Control,Clear,"Dark, artificial",Dry,Non-Fatal Injury,Cyclist Collisions,-79.2934,43.6853,September,Wednesday
7001617319,Driver,50 to 54,1.0,"Automobile, Station Wagon",,,,2017,2017-09-06,2217,22,JARVIS ST,DUNDAS ST E,1.0,Mid-Block,No Control,Clear,"Dark, artificial",Dry,Non-Fatal Injury,Pedestrian Collisions,-79.3743,43.6566,September,Wednesday
7001621842,Passenger,25 to 29,4.0,,,,,2017,2017-09-07,1538,15,EGLINTON AVE E,BIMBROK RD,1.0,Intersection,No Control,Clear,Daylight,Dry,Non-Fatal Injury,Turning Movement,-79.252,43.7357,September,Thursday
7001628368,Driver,35 to 39,1.0,Passenger Van,,,,2017,2017-09-08,1505,15,BALLIOL ST,BAYVIEW AVE,1.0,Intersection,Stop Sign,Clear,Daylight,Dry,Non-Fatal Injury,Cyclist Collisions,-79.3737,43.7019,September,Friday
7001633721,Motorcycle Driver,45 to 49,4.0,Motorcycle,,,,2017,2017-09-09,1221,12,MC CAUL ST,QUEEN ST W,1.0,Intersection,Traffic Controller,Clear,Daylight,Dry,Non-Fatal Injury,Turning Movement,-79.3897,43.6501,September,Saturday
7001651562,Truck Driver,45 to 49,1.0,"Truck - Closed (Blazer, etc)",,,,2017,2017-09-12,844,8,COSBURN AVE,LESMOUNT AVE,3.0,Intersection,No Control,Clear,Daylight,Dry,Non-Fatal Injury,Cyclist Collisions,-79.3406,43.6913,September,Tuesday
7001653729,Driver,35 to 39,5.0,"Automobile, Station Wagon",,,,2017,2017-09-12,1426,14,BIRCHMOUNT RD,WINTERMUTE BLVD,1.0,Mid-Block,No Control,Clear,Daylight,Dry,Non-Fatal Injury,Approaching,-79.3149,43.8171,September,Tuesday
7001656927,Cyclist,20 to 24,4.0,Bicycle,,,,2017,2017-09-13,105,1,BLOOR ST W,BRUNSWICK AVE,1.0,Intersection,Traffic Signal,Clear,"Dark, artificial",Dry,Non-Fatal Injury,Cyclist Collisions,-79.4074,43.6659,September,Wednesday
7001667796,Driver,30 to 34,1.0,"Automobile, Station Wagon",,,,2017,2017-09-14,1601,16,DON MILLS RD,GATEWAY BLVD,1.0,Intersection,Traffic Signal,Clear,Daylight,Dry,Non-Fatal Injury,Turning Movement,-79.3363,43.7143,September,Thursday
7001671435,Truck Driver,30 to 34,5.0,Truck - Dump,Yes,,,2017,2017-09-15,652,6,STEELES AVE W,HIGHWAY 27  N,1.0,Mid-Block,No Control,Clear,Daylight,Dry,Fatal,Turning Movement,-79.6128,43.7556,September,Friday
7001690052,Cyclist,25 to 29,4.0,Bicycle,,,,2017,2017-09-17,2358,23,LAKE SHORE BLVD W,REMEMBRANCE DR,1.0,Intersection,Traffic Signal,Clear,"Dark, artificial",Dry,Non-Fatal Injury,Cyclist Collisions,-79.4197,43.6303,September,Sunday
7001696237,Cyclist,15 to 19,4.0,Bicycle,,,,2017,2017-09-18,2019,20,LAKE SHORE BLVD W,BRITISH COLUMBIA RD,1.0,Intersection,Traffic Signal,Clear,"Dark, artificial",Dry,Non-Fatal Injury,Cyclist Collisions,-79.4291,43.6313,September,Monday
7001709828,Pedestrian,85 to 89,2.0,,,,,2017,2017-09-20,1953,19,BROADVIEW AVE,NEALON AVE,3.0,Intersection,No Control,Clear,Dark,Dry,Fatal,Pedestrian Collisions,-79.3571,43.6828,September,Wednesday
7001722344,Driver,60 to 64,4.0,"Automobile, Station Wagon",,Yes,,2017,2017-09-22,1632,16,SCARLETT  RD,EAST DR,3.0,Intersection,Traffic Signal,Clear,Daylight,Dry,Non-Fatal Injury,Turning Movement,-79.5059,43.6767,September,Friday
7001725049,Passenger,15 to 19,4.0,,Yes,,,2017,2017-09-23,50,0,ROCKCLIFFE BLVD,WOOLNER AVE,2.0,Mid-Block,No Control,Clear,"Dark, artificial",Dry,Non-Fatal Injury,SMV Other,-79.4881,43.6741,September,Saturday
7001731321,Driver,25 to 29,1.0,"Automobile, Station Wagon",,,,2017,2017-09-24,0,0,YONGE ST,CENTRE AVE,1.0,Mid-Block,No Control,Clear,"Dark, artificial",Dry,Non-Fatal Injury,Pedestrian Collisions,-79.4182,43.7909,September,Sunday
7001733942,Driver,60 to 64,1.0,"Automobile, Station Wagon",,,,2017,2017-09-24,1255,12,DUFFERIN ST,HOPEWELL AVE,1.0,Intersection,Stop Sign,Clear,Daylight,Dry,Non-Fatal Injury,Cyclist Collisions,-79.4512,43.6986,September,Sunday
7001742051,Pedestrian,50 to 54,4.0,,,,,2017,2017-09-25,1652,16,EGLINTON  AVE W,CHILTERN HILL RD,1.0,Intersection,Stop Sign,Clear,Daylight,Dry,Non-Fatal Injury,Pedestrian Collisions,-79.4277,43.7004,September,Monday
7001744141,Driver,55 to 59,1.0,"Automobile, Station Wagon",Yes,,,2017,2017-09-25,2330,23,4673 JANE ST,,1.0,Mid-Block,No Control,Clear,"Dark, artificial",Dry,Non-Fatal Injury,Pedestrian Collisions,-79.5206,43.77,September,Monday
7001748240,Driver,60 to 64,1.0,"Automobile, Station Wagon",,Yes,,2017,2017-09-26,1505,15,BURNHAMTHORPE RD,SATURN RD,1.0,Intersection,Traffic Signal,Clear,Daylight,Dry,Non-Fatal Injury,Turning Movement,-79.5758,43.6424,September,Tuesday
7001757365,Driver,unknown,1.0,"Automobile, Station Wagon",Yes,,,2017,2017-09-27,2125,21,WARDEN AVE,CONTINENTAL PL,1.0,Intersection,No Control,Clear,Dark,Dry,Fatal,Pedestrian Collisions,-79.3012,43.7634,September,Wednesday
7001762491,Driver,45 to 49,1.0,Delivery Van,,,Yes,2017,2017-09-28,1630,16,BIRCHMOUNT RD,ZENITH DR,3.0,Intersection,No Control,Clear,Daylight,Dry,Fatal,Pedestrian Collisions,-79.2697,43.711,September,Thursday
7001764156,Pedestrian,70 to 74,2.0,,,,,2017,2017-09-28,2135,21,4322 MCCOWAN RD,,1.0,Mid-Block,No Control,Clear,"Dark, artificial",Dry,Fatal,Pedestrian Collisions,-79.2749,43.8295,September,Thursday
7001771267,Driver,25 to 29,1.0,"Automobile, Station Wagon",,,,2017,2017-09-29,2325,23,YONGE ST,ORCHARD VIEW BLVD,1.0,Intersection,Traffic Signal,Rain,Dark,Wet,Non-Fatal Injury,Pedestrian Collisions,-79.3986,43.7081,September,Friday
7001774140,Passenger,0 to 4,1.0,,,,,2017,2017-09-30,1311,13,ROGERS  RD,MCROBERTS AVE,3.0,Mid-Block,No Control,Clear,Daylight,Dry,Non-Fatal Injury,Rear End,-79.4554,43.6832,September,Saturday
7001781044,Driver,40 to 44,1.0,"Automobile, Station Wagon",,,,2017,2017-10-01,1615,16,DAVENPORT RD,DOVERCOURT ROAD,3.0,Intersection,No Control,Clear,Daylight,Dry,Non-Fatal Injury,Cyclist Collisions,-79.4346,43.6742,October,Sunday
7001781629,Cyclist,20 to 24,4.0,Bicycle,,,,2017,2017-10-01,1815,18,BLOOR ST W,SPADINA AVE,1.0,Intersection,Traffic Signal,Clear,Daylight,Dry,Non-Fatal Injury,Cyclist Collisions,-79.4038,43.6665,October,Sunday
7001784038,Driver,35 to 39,1.0,"Automobile, Station Wagon",Yes,,,2017,2017-10-02,645,6,WHITMORE AVE,DUFFERIN ST,1.0,Intersection,Traffic Signal,Clear,Daylight,Dry,Non-Fatal Injury,Pedestrian Collisions,-79.451,43.6978,October,Monday
7001786322,Driver,35 to 39,4.0,"Automobile, Station Wagon",,,,2017,2017-10-02,1327,13,SEWELLS RD,STEELES AVE E,3.0,Intersection,Stop Sign,Clear,Daylight,Dry,Non-Fatal Injury,Turning Movement,-79.2092,43.8461,October,Monday
7001788522,Driver,25 to 29,4.0,"Automobile, Station Wagon",,,,2017,2017-10-02,1915,19,QUEEN ST E,BROADVIEW AVE,1.0,Mid-Block,No Control,Clear,"Dark, artificial",Dry,Non-Fatal Injury,SMV Unattended Vehicle,-79.3498,43.6588,October,Monday
7001788556,Driver,Over 95,1.0,"Automobile, Station Wagon",,,,2017,2017-10-02,1925,19,STEELES AVE E,LAURELEAF RD S,1.0,Intersection,Traffic Signal,Clear,"Dark, artificial",Dry,Non-Fatal Injury,Pedestrian Collisions,-79.3857,43.8054,October,Monday
7001794171,Pedestrian,20 to 24,2.0,,,,,2017,2017-10-03,1623,16,SENTINEL RD,ASSINIBOINE RD,3.0,Intersection,No Control,Clear,Daylight,Dry,Fatal,Pedestrian Collisions,-79.5016,43.7681,October,Tuesday
7001798069,Driver,80 to 84,1.0,"Automobile, Station Wagon",,,,2017,2017-10-04,830,8,KENNEDY RD,FOXRIDGE DR,1.0,Intersection,No Control,Clear,Daylight,Dry,Non-Fatal Injury,Cyclist Collisions,-79.2644,43.724,October,Wednesday
7001799357,Driver,35 to 39,1.0,"Automobile, Station Wagon",,,,2017,2017-10-04,1147,11,BLOOR ST W,SPADINA RD,1.0,Intersection,Traffic Signal,Clear,Daylight,Dry,Non-Fatal Injury,Cyclist Collisions,-79.4038,43.6665,October,Wednesday
7001803207,Driver,unknown,1.0,"Automobile, Station Wagon",,,Yes,2017,2017-10-04,2308,23,900 YORK MILLS RD,,1.0,Mid-Block,No Control,Clear,Dark,Dry,Fatal,Pedestrian Collisions,-79.3479,43.7555,October,Wednesday
7001803830,Pedestrian,20 to 24,2.0,,,,,2017,2017-10-05,331,3,YONGE ST,LAWRENCE AVE W,1.0,Mid-Block,No Control,Clear,Dark,Dry,Fatal,Pedestrian Collisions,-79.4022,43.7253,October,Thursday
7001806475,Pedestrian,65 to 69,3.0,,,,,2017,2017-10-05,1310,13,WARDEN AVE,CIVIC  RD,1.0,Mid-Block,No Control,Clear,Daylight,Dry,Non-Fatal Injury,Pedestrian Collisions,-79.287,43.7264,October,Thursday
7001806596,Motorcycle Driver,30 to 34,4.0,Motorcycle,,,,2017,2017-10-05,1330,13,QUEEN ST W,PORTLAND ST,1.0,Mid-Block,Traffic Signal,Clear,Daylight,Dry,Non-Fatal Injury,Turning Movement,-79.4013,43.6476,October,Thursday
7001814947,Pedestrian,60 to 64,4.0,,,Yes,,2017,2017-10-06,1825,18,SHEPPARD  AVE E,PROVOST DR,1.0,Intersection,Traffic Signal,Clear,Daylight,Dry,Non-Fatal Injury,Pedestrian Collisions,-79.3712,43.7702,October,Friday
7001821559,Motorcycle Passenger,15 to 19,5.0,,,,,2017,2017-10-07,2025,20,UNIVERSITY AVE,EDWARD ST,1.0,Intersection,No Control,Clear,"Daylight, artificial",Dry,Non-Fatal Injury,Turning Movement,-79.3885,43.6553,October,Saturday
7001824954,Motorcycle Driver,25 to 29,4.0,Motorcycle,,,,2017,2017-10-08,1230,12,F G GARDINER XY  E,GARDINER E LOWER JARVIS RAMP,1.0,Mid-Block,No Control,Clear,Daylight,Dry,Non-Fatal Injury,Rear End,-79.3798,43.6419,October,Sunday
7001831033,Motorcycle Driver,35 to 39,4.0,Motorcycle,,,,2017,2017-10-09,1545,15,TRANSIT RD,WILSON AVE,3.0,Mid-Block,No Control,Clear,Daylight,Dry,Non-Fatal Injury,SMV Other,-79.4521,43.7351,October,Monday
7001831217,Driver,30 to 34,1.0,"Automobile, Station Wagon",,,,2017,2017-10-09,1628,16,YONGE ST,FRICHOT AVE,1.0,Mid-Block,No Control,Clear,Daylight,Dry,Non-Fatal Injury,Sideswipe,-79.3883,43.6739,October,Monday
7001838870,Driver,20 to 24,1.0,"Automobile, Station Wagon",,,,2017,2017-10-10,2100,21,3358 MCCOWAN RD,,1.0,Mid-Block,Traffic Signal,Clear,"Dark, artificial",Dry,Non-Fatal Injury,Pedestrian Collisions,-79.275,43.825,October,Tuesday
7001842185,Passenger,20 to 24,5.0,,,,,2017,2017-10-11,1140,11,KIPLING AVE,THE WESTWAY,1.0,Mid-Block,No Control,Clear,Daylight,Dry,Non-Fatal Injury,Sideswipe,-79.5552,43.6868,October,Wednesday
7001844786,Driver,60 to 64,4.0,"Bus (Other) (Go Bus, Gray Coach)",,,,2017,2017-10-11,1847,18,GERRARD  ST E,SHERBOURNE ST,3.0,Intersection,Traffic Signal,Clear,"Dark, artificial",Dry,Non-Fatal Injury,SMV Other,-79.3721,43.6611,October,Wednesday
7001845018,Pedestrian,80 to 84,4.0,,,,,2017,2017-10-11,1928,19,OLD PARK  RD,WEMBLEY  RD,2.0,Intersection,Stop Sign,Rain,"Dark, artificial",Wet,Non-Fatal Injury,Pedestrian Collisions,-79.4313,43.7006,October,Wednesday
7001855401,Cyclist,35 to 39,2.0,Bicycle,,,,2017,2017-10-18,906,9,COWAN AVE,KING  ST W,1.0,Intersection,Stop Sign,Clear,Daylight,Dry,Fatal,Cyclist Collisions,-79.4318,43.6379,October,Wednesday
7001875614,Passenger,45 to 49,4.0,,,Yes,,2017,2017-10-16,1800,18,LAWRENCE AVE E,GREENCEDAR CRCT,1.0,Intersection,Traffic Signal,Clear,"Dark, artificial",Dry,Non-Fatal Injury,Turning Movement,-79.233,43.7581,October,Monday
7001879752,Driver,65 to 69,1.0,"Automobile, Station Wagon",,,,2017,2017-10-17,1143,11,COXWELL AVE,MORTIMER AVE,3.0,Intersection,Traffic Signal,Clear,Daylight,Dry,Non-Fatal Injury,Pedestrian Collisions,-79.3265,43.6905,October,Tuesday
7001903339,Cyclist,30 to 34,4.0,Bicycle,,,,2017,2017-10-21,2200,22,45 CUMMER  AVE,,3.0,Mid-Block,No Control,Clear,"Dark, artificial",Dry,Non-Fatal Injury,Cyclist Collisions,-79.4155,43.7873,October,Saturday
7001903704,Pedestrian,45 to 49,4.0,,,,,2017,2017-10-20,2318,23,KIPLING  AVE,NORTH QUEEN ST,1.0,Intersection,Traffic Signal,Clear,"Dusk, artificial",Dry,Non-Fatal Injury,Pedestrian Collisions,-79.5285,43.6251,October,Friday
7001905037,Passenger,20 to 24,4.0,,,,,2017,2017-10-21,648,6,EGLINTON AV W,ISLINGTON AV,1.0,Mid-Block,No Control,Clear,"Dark, artificial",Dry,Non-Fatal Injury,SMV Other,-79.5412,43.6792,October,Saturday
7001906466,Passenger,70 to 74,5.0,,,,,2017,2017-10-21,1310,13,LAKE SHORE BLVD W,THIRTY SEVENTH ST,1.0,Intersection,Traffic Signal,Clear,Daylight,Dry,Non-Fatal Injury,Turning Movement,-79.5381,43.5933,October,Saturday
7001909817,Pedestrian,35 to 39,4.0,,,,,2017,2017-10-22,14,0,MARKHAM  RD,PANDORA CRCL,1.0,Intersection,Traffic Signal,Clear,"Dusk, artificial",Dry,Non-Fatal Injury,Pedestrian Collisions,-79.2297,43.7711,October,Sunday
7001912808,Motorcycle Driver,55 to 59,4.0,Motorcycle,,,,2017,2017-10-22,1350,13,AVENUE  RD,WOBURN AVE,1.0,Intersection,No Control,Clear,Daylight,Dry,Non-Fatal Injury,Sideswipe,-79.4168,43.7253,October,Sunday
7001914819,Pedestrian,25 to 29,4.0,,,,,2017,2017-10-22,2007,20,KING  ST W,NIAGARA ST,1.0,Mid-Block,No Control,Clear,"Dark, artificial",Dry,Non-Fatal Injury,Pedestrian Collisions,-79.4081,43.6427,October,Sunday
7001916414,Driver,25 to 29,4.0,"Automobile, Station Wagon",,,,2017,2017-10-23,427,4,AVENUE  RD,WILLOWBANK BLVD,1.0,Intersection,No Control,Clear,"Dark, artificial",Dry,Non-Fatal Injury,SMV Other,-79.4097,43.706,October,Monday
7001917146,Pedestrian,60 to 64,4.0,,Yes,,,2017,2017-10-23,833,8,ELLESMERE RD,PHARMACY AVE,1.0,Intersection,Traffic Signal,Clear,Daylight,Dry,Non-Fatal Injury,Pedestrian Collisions,-79.3101,43.7589,October,Monday
7001941212,Driver,65 to 69,1.0,"Automobile, Station Wagon",,,,2017,2017-10-26,1904,19,HENDON  AVE,ELDORA  AVE,2.0,Intersection,No Control,Clear,"Dark, artificial",Dry,Non-Fatal Injury,Pedestrian Collisions,-79.4199,43.7806,October,Thursday
7001954444,Cyclist,30 to 34,3.0,Bicycle,,,,2017,2017-10-27,2031,20,FINCH  AVE W,KIPLING  AVE,1.0,Intersection,Traffic Signal,Clear,Dark,Dry,Non-Fatal Injury,Cyclist Collisions,-79.582,43.7431,October,Friday
7001964937,Driver,55 to 59,1.0,"Automobile, Station Wagon",,,,2017,2017-10-30,1423,14,KENNEDY RD,ELLESMERE RD,1.0,Mid-Block,No Control,Clear,Daylight,Dry,Non-Fatal Injury,Pedestrian Collisions,-79.2799,43.7626,October,Monday
7001974417,Passenger,45 to 49,2.0,,,,,2017,2017-10-31,2223,22,STEELES AVE W,KEELE ST,1.0,Intersection,Traffic Signal,Other,Dark,Other,Fatal,Turning Movement,-79.4944,43.7815,October,Tuesday
7001980351,Pedestrian,45 to 49,4.0,,,,,2017,2017-11-01,1903,19,KEELE ST,WILSON AVE,1.0,Mid-Block,Traffic Controller,Clear,"Daylight, artificial",Wet,Non-Fatal Injury,Pedestrian Collisions,-79.4818,43.7259,November,Wednesday
7001983024,Driver,35 to 39,3.0,"Automobile, Station Wagon",Yes,,,2017,2017-11-02,840,8,161 THE WEST MALL,,3.0,Mid-Block,No Control,,Daylight,,Fatal,Approaching,-79.5602,43.6212,November,Thursday
7001983803,Pedestrian,60 to 64,4.0,,,,,2017,2017-11-02,1047,10,DUFFERIN ST,ALMA AVE,3.0,Intersection,No Control,Clear,Daylight,Wet,Non-Fatal Injury,Pedestrian Collisions,-79.4295,43.6446,November,Thursday
7001987033,Driver,50 to 54,1.0,"Automobile, Station Wagon",,,,2017,2017-11-02,1100,11,SCARLETT RD,DUNDAS ST W,1.0,Intersection,Yield Sign,Clear,Daylight,Wet,Non-Fatal Injury,Rear End,-79.4991,43.6654,November,Thursday
7001988112,Pedestrian,30 to 34,4.0,,,,,2017,2017-11-02,2215,22,1172 QUEEN ST W,,1.0,Mid-Block,No Control,Rain,Dark,Wet,Non-Fatal Injury,Pedestrian Collisions,-79.4254,43.6428,November,Thursday
7001989464,Pedestrian,60 to 64,4.0,,,,,2017,2017-11-03,649,6,DUFFERIN ST,STEELES  AVE W,1.0,Intersection,Traffic Signal,Rain,"Dark, artificial",Wet,Non-Fatal Injury,Pedestrian Collisions,-79.47,43.7872,November,Friday
7001989594,Pedestrian,50 to 54,4.0,,,,,2017,2017-11-03,725,7,FINCH AVENUE W,ALBION ROAD,1.0,Mid-Block,No Control,Clear,"Dawn, artificial",Wet,Non-Fatal Injury,Pedestrian Collisions,-79.5891,43.741,November,Friday
7001991111,Pedestrian,30 to 34,4.0,,,,,2017,2017-11-03,1202,12,PROGRESS AVE,MIDLAND AVE,1.0,Intersection,Traffic Signal,Clear,Daylight,Dry,Non-Fatal Injury,Pedestrian Collisions,-79.2729,43.7728,November,Friday
7002024168,Pedestrian,15 to 19,4.0,,,,,2017,2017-11-08,1604,16,OAK  ST,WESTON  RD,1.0,Intersection,Traffic Signal,Clear,Daylight,Dry,Non-Fatal Injury,Pedestrian Collisions,-79.5335,43.7077,November,Wednesday
7002025111,Driver,60 to 64,1.0,"Automobile, Station Wagon",,,,2017,2017-11-08,1838,18,TRETHEWEY DR,IRVING RD,3.0,Intersection,No Control,Clear,"Dark, artificial",Dry,Non-Fatal Injury,Cyclist Collisions,-79.4772,43.6923,November,Wednesday
7002025580,Driver,55 to 59,1.0,"Automobile, Station Wagon",,,,2017,2017-11-08,2009,20,KEELE ST,STEELES AVE W,1.0,Intersection,Traffic Signal,Clear,"Dark, artificial",Dry,Non-Fatal Injury,Turning Movement,-79.4944,43.7815,November,Wednesday
7002034653,Driver,25 to 29,1.0,"Automobile, Station Wagon",,,,2017,2017-11-10,900,9,YONGE ST,CHURCH AVE,1.0,Intersection,Traffic Signal,Clear,Daylight,Wet,Non-Fatal Injury,Pedestrian Collisions,-79.4139,43.7737,November,Friday
7002038270,Pedestrian,50 to 54,4.0,,,,,2017,2017-11-10,1850,18,O CONNOR DR,PAPE AVE,1.0,Intersection,Traffic Signal,Clear,"Dark, artificial",Dry,Non-Fatal Injury,Pedestrian Collisions,-79.3502,43.6931,November,Friday
7002039286,Pedestrian,55 to 59,2.0,,,,,2017,2017-11-10,2233,22,WARDEN AVE,WAYNE AVE,1.0,Mid-Block,No Control,Clear,"Dark, artificial",Dry,Fatal,Pedestrian Collisions,-79.2921,43.7389,November,Friday
7002045766,Pedestrian,65 to 69,4.0,,,,,2017,2017-11-12,138,1,BROCK AVE,SEAFORTH  AVE,2.0,Intersection,No Control,Clear,"Dark, artificial",Dry,Non-Fatal Injury,Pedestrian Collisions,-79.4331,43.6436,November,Sunday
7002059893,Driver,40 to 44,4.0,"Automobile, Station Wagon",,,,2017,2017-11-14,1054,10,STEELES AVE E,SHADLOCK ST,1.0,Intersection,Traffic Signal,Clear,Daylight,Dry,Non-Fatal Injury,Rear End,-79.2611,43.8342,November,Tuesday
7003008719,Pedestrian,80 to 84,4.0,,,,,2017,2017-11-16,1120,11,FINCH AVE E,RAVEL RD,1.0,Intersection,No Control,Clear,Daylight,Dry,Non-Fatal Injury,Pedestrian Collisions,-79.3652,43.7902,November,Thursday
7003011875,Pedestrian,15 to 19,4.0,,,,,2017,2017-11-15,2100,21,MURRAY ROSS PKWY,SENTINEL RD,3.0,Intersection,Traffic Signal,Clear,"Dark, artificial",Dry,Non-Fatal Injury,Pedestrian Collisions,-79.5012,43.7647,November,Wednesday
7003025582,Driver,30 to 34,3.0,"Automobile, Station Wagon",,Yes,,2017,2017-11-19,145,1,MARKHAM RD,HIGHWAY 401 C E,1.0,Intersection,Traffic Signal,Rain,"Dark, artificial",Wet,Non-Fatal Injury,Turning Movement,-79.2346,43.7838,November,Sunday
7003035301,Passenger,60 to 64,4.0,,,,,2017,2017-11-20,1809,18,MORNINGSIDE AVE,CASEBRIDGE CRT,1.0,Intersection,Traffic Signal,Clear,"Dark, artificial",Dry,Non-Fatal Injury,Turning Movement,-79.2026,43.8088,November,Monday
7003043829,Driver,55 to 59,1.0,"Automobile, Station Wagon",,,,2017,2017-11-21,2319,23,LAKE SHORE BLVD W,LOWER SIMCOE ST,8.0,Intersection,Traffic Signal,Clear,"Dark, artificial",Dry,Non-Fatal Injury,Pedestrian Collisions,-79.3831,43.6402,November,Tuesday
7003055739,Pedestrian,50 to 54,4.0,,,,,2017,2017-11-23,1630,16,MILNER  AVE,EXECUTIVE CRT,3.0,Intersection,No Control,Clear,Dusk,Dry,Non-Fatal Injury,Pedestrian Collisions,-79.2421,43.7866,November,Thursday
7003056643,Cyclist,55 to 59,4.0,Bicycle,,,,2017,2017-11-23,1856,18,KINGSTON RD,BALSAM AVE,1.0,Intersection,No Control,Clear,Dark,Dry,Non-Fatal Injury,Cyclist Collisions,-79.2891,43.6802,November,Thursday
7003059433,Driver,40 to 44,1.0,Pick Up Truck,,,,2017,2017-11-24,840,8,VEROBEACH BLVD,INDRIO RD,4.0,Intersection,Stop Sign,Clear,Daylight,Dry,Non-Fatal Injury,Pedestrian Collisions,-79.5421,43.7377,November,Friday
7003060621,Truck Driver,25 to 29,1.0,Truck-Tractor,,,,2017,2017-11-24,1148,11,SHEPPARD AVE E,VICTORIA PARK AVE,1.0,Mid-Block,No Control,Clear,Daylight,Dry,Fatal,Pedestrian Collisions,-79.3222,43.7753,November,Friday
7003071478,Cyclist,35 to 39,1.0,Bicycle,,,,2017,2017-11-25,2351,23,DUNDAS ST W,THE EAST MALL,1.0,Mid-Block,No Control,Clear,"Dark, artificial",Dry,Non-Fatal Injury,Cyclist Collisions,-79.5535,43.6292,November,Saturday
7003072414,Passenger,55 to 59,4.0,,,,,2017,2017-11-26,327,3,MARKHAM  RD,MCNICOLL AVE,1.0,Intersection,Traffic Signal,Clear,"Dark, artificial",Dry,Non-Fatal Injury,Turning Movement,-79.2477,43.8239,November,Sunday
7003085452,Driver,20 to 24,1.0,"Automobile, Station Wagon",,,,2017,2017-11-28,558,5,FINCH  AVE W,NORFINCH  DR,1.0,Intersection,Traffic Signal,Clear,"Dark, artificial",Dry,Non-Fatal Injury,Turning Movement,-79.5242,43.7558,November,Tuesday
7003087545,Driver,50 to 54,1.0,Pick Up Truck,,,,2017,2017-11-28,1212,12,EDITH DR,ORCHARD VIEW BLVD,2.0,Intersection,Stop Sign,Clear,Daylight,Dry,Fatal,Pedestrian Collisions,-79.4032,43.7071,November,Tuesday
7003088501,Driver,50 to 54,1.0,"Automobile, Station Wagon",,,,2017,2017-11-28,1431,14,KIPLING AVE,BIRMINGHAM ST,1.0,Intersection,Traffic Signal,Clear,Daylight,Dry,Non-Fatal Injury,Pedestrian Collisions,-79.5179,43.6006,November,Tuesday
7003103184,Cyclist,60 to 64,4.0,Bicycle,,,,2017,2017-11-30,1709,17,WARDEN  AVE,BAMBURGH  CRCL,1.0,Intersection,Traffic Signal,Rain,Dusk,Wet,Non-Fatal Injury,Cyclist Collisions,-79.3233,43.8115,November,Thursday
7003103720,Pedestrian,65 to 69,4.0,,,,,2017,2017-11-30,1825,18,LAWRENCE  AVE W,GLENMOUNT AVE,1.0,Intersection,Traffic Signal,Clear,"Dark, artificial",Dry,Non-Fatal Injury,Pedestrian Collisions,-79.4329,43.7184,November,Thursday
7003112978,Driver,55 to 59,1.0,Passenger Van,,,,2017,2017-12-01,2330,23,BIRCHMOUNT RD,MERRYFIELD DR,1.0,Intersection,No Control,Clear,Dark,Dry,Fatal,Pedestrian Collisions,-79.2866,43.7518,December,Friday