ACCNUM,INVTYPE,INVAGE,INJURY_ID,VEHTYPE,SPEEDING,REDLIGHT,ALCOHOL,YEAR,DATE,TIME,HOUR,STREET1,STREET2,ROAD_CLASS_ID,LOCCOORD,TRAFFCTL,VISIBILITY,LIGHT,RDSFCOND,ACCLASS,IMPACTYPE,Longitude,Latitude,Month,Day_of_Week
7003122371,Pedestrian,75 to 79,2.0,,,,,2017,2017-12-03,1253,12,PRICE ST,YONGE ST,4.0,Mid-Block,No Control,Clear,Daylight,Dry,Fatal,Pedestrian Collisions,-79.3898,43.6799,December,Sunday
7003133766,Driver,35 to 39,1.0,"Automobile, Station Wagon",,,,2017,2017-12-05,557,5,DUFFERIN ST,COLLEGE ST,1.0,Intersection,Traffic Signal,Rain,"Dark, artificial",Wet,Non-Fatal Injury,Angle,-79.4325,43.6524,December,Tuesday
7003136062,Pedestrian,55 to 59,4.0,,Yes,,,2017,2017-12-05,1232,12,SHEPPARD AVE E,LESLIE ST,1.0,Intersection,Traffic Signal,Clear,Daylight,Dry,Non-Fatal Injury,Pedestrian Collisions,-79.364,43.7715,December,Tuesday
7003137830,Driver,35 to 39,1.0,"Automobile, Station Wagon",,,,2017,2017-12-05,1646,16,BIRCHMOUNT RD,SHEPPARD AVE E,1.0,Mid-Block,Traffic Signal,Clear,"Dark, artificial",Dry,Non-Fatal Injury,Turning Movement,-79.2989,43.7825,December,Tuesday
7003147948,Pedestrian,40 to 44,4.0,,,,,2017,2017-12-07,705,7,PARLIAMENT ST,HOWARD ST,3.0,Mid-Block,No Control,Clear,"Dark, artificial",Dry,Non-Fatal Injury,Pedestrian Collisions,-79.3706,43.6708,December,Thursday
7003148024,Driver,unknown,1.0,,,,,2017,2017-12-07,700,7,WESTON RD,TORYORK  DR,1.0,Intersection,Traffic Signal,Clear,Dawn,Dry,Non-Fatal Injury,Pedestrian Collisions,-79.5426,43.7532,December,Thursday
7003173302,Pedestrian,70 to 74,4.0,,,,,2017,2017-12-11,854,8,4975 DUNDAS ST W,,1.0,Mid-Block,No Control,Clear,Daylight,Dry,Non-Fatal Injury,Pedestrian Collisions,-79.5297,43.6475,December,Monday
7003197919,Pedestrian,15 to 19,4.0,,,,,2017,2017-12-14,2307,23,ST CLAIR  AVE W,MONDOVI  GT,1.0,Mid-Block,No Control,Clear,"Dark, artificial",Wet,Non-Fatal Injury,Pedestrian Collisions,-79.4756,43.6706,December,Thursday
7003199347,Driver,85 to 89,1.0,"Automobile, Station Wagon",,,,2017,2017-12-15,757,7,BAMBURGH CRCL,FUNDY BAY  BLVD,2.0,Mid-Block,No Control,Clear,Daylight,Wet,Non-Fatal Injury,Cyclist Collisions,-79.3213,43.8127,December,Friday
7003200949,Truck Driver,55 to 59,1.0,Truck (other),,,,2017,2017-12-15,1237,12,CHURCH ST,WELLINGTON ST E,3.0,Intersection,Traffic Signal,Other,Daylight,Other,Fatal,Pedestrian Collisions,-79.3738,43.6485,December,Friday
7003202275,Pedestrian,35 to 39,4.0,,,,,2017,2017-12-15,1605,16,COSBURN  AVE,LOGAN AVE,3.0,Intersection,Pedestrian Crossover,Snow,"Dusk, artificial",Loose Snow,Non-Fatal Injury,Pedestrian Collisions,-79.3532,43.6884,December,Friday
7003203834,Pedestrian,55 to 59,4.0,,,,,2017,2017-12-15,2005,20,ADELAIDE ST W,YORK ST,1.0,Intersection,Traffic Signal,Clear,"Dark, artificial",Wet,Non-Fatal Injury,Pedestrian Collisions,-79.384,43.6491,December,Friday
7003211588,Driver,50 to 54,2.0,,Yes,,,2017,2017-12-17,41,0,KINGSTON RD,GUILDWOOD PKWY,1.0,Intersection,Traffic Signal,Other,Dark,Other,Fatal,SMV Other,-79.2059,43.7495,December,Sunday
7003222099,Pedestrian,85 to 89,2.0,,,,,2017,2017-12-18,1735,17,EGLINTON AVE W,WESTON RD,1.0,Mid-Block,No Control,Clear,Daylight,Wet,Fatal,Pedestrian Collisions,-79.4951,43.6854,December,Monday
7003223464,Pedestrian,35 to 39,4.0,,,Yes,,2017,2017-12-18,2151,21,FINCH AVE W,SIGNET  DR,1.0,Intersection,Traffic Signal,Clear,"Dark, artificial",Dry,Non-Fatal Injury,Pedestrian Collisions,-79.5362,43.7532,December,Monday
7003224827,Pedestrian,70 to 74,4.0,,,,,2017,2017-12-19,603,6,COXWELL AVE,QUEEN ST E,3.0,Intersection,Traffic Signal,Clear,Dark,Wet,Non-Fatal Injury,Pedestrian Collisions,-79.3165,43.6662,December,Tuesday
7003228725,Passenger,0 to 4,5.0,,,Yes,,2017,2017-12-19,1651,16,MARTIN GROVE RD,BETHRIDGE RD,1.0,Intersection,Traffic Signal,Clear,"Dark, artificial",Dry,Non-Fatal Injury,Angle,-79.5781,43.7074,December,Tuesday
7003233329,Truck Driver,50 to 54,1.0,Truck (other),,,,2017,2017-12-20,1139,11,COLLEGE ST,OSSINGTON AVE,1.0,Intersection,Traffic Signal,Other,Daylight,Other,Fatal,Cyclist Collisions,-79.4226,43.6543,December,Wednesday
7003236001,Pedestrian,55 to 59,2.0,,,,,2017,2017-12-20,1845,18,PASSMORE AVE,MAYBROOK DR,2.0,Mid-Block,No Control,Other,Daylight,Other,Fatal,Pedestrian Collisions,-79.2627,43.8278,December,Wednesday
7003241293,Pedestrian,40 to 44,2.0,,Yes,Yes,Yes,2017,2017-12-21,1528,15,KINGSTON RD,WARDEN AVE,1.0,Intersection,Traffic Signal,Other,Daylight,Other,Fatal,Pedestrian Collisions,-79.2708,43.6876,December,Thursday
7003278373,Pedestrian,unknown,4.0,,,,,2017,2017-12-28,1138,11,DUNDAS ST W,CORDOVA AVE,1.0,Intersection,Traffic Signal,Clear,Daylight,Wet,Non-Fatal Injury,Pedestrian Collisions,-79.5287,43.6486,December,Thursday
7003279287,Pedestrian,25 to 29,4.0,,,,,2017,2017-12-28,1418,14,KING  ST W,COWAN AVE,1.0,Intersection,No Control,Clear,Daylight,Dry,Non-Fatal Injury,Pedestrian Collisions,-79.4318,43.6379,December,Thursday
7003285352,Passenger,65 to 69,4.0,,,,,2017,2017-12-29,1515,15,ST CLAIR AVE E,KENNEDY  RD,1.0,Intersection,Traffic Signal,Snow,Daylight,Loose Snow,Non-Fatal Injury,Other,-79.2613,43.7164,December,Friday
7003291964,Driver,70 to 74,1.0,"Automobile, Station Wagon",,,,2017,2017-12-30,1745,17,3825 SHEPPARD AVE E,,1.0,Mid-Block,No Control,Clear,"Daylight, artificial",Wet,Non-Fatal Injury,Pedestrian Collisions,-79.2917,43.7824,December,Saturday
8000000539,Driver,35 to 39,2.0,"Automobile, Station Wagon",Yes,,,2018,2018-01-01,125,1,BAYVIEW AVE,POTTERY RD,1.0,Mid-Block,No Control,Clear,"Dark, artificial",Dry,Fatal,SMV Other,-79.3619,43.692,January,Monday
8000000595,Passenger,20 to 24,4.0,,Yes,Yes,,2018,2018-01-01,137,1,NEILSON RD,401 C W NEILSON RAMP RD,3.0,Intersection,Traffic Signal,Clear,"Dark, artificial",Dry,Non-Fatal Injury,Angle,-79.2163,43.795,January,Monday
8000009665,Pedestrian,70 to 74,2.0,,,,,2018,2018-01-02,1718,17,BRIMLEY RD,HEATHER RD,1.0,Intersection,No Control,Clear,"Dusk, artificial",Dry,Fatal,Pedestrian Collisions,-79.2699,43.7905,January,Tuesday
8000010377,Driver,30 to 34,1.0,Passenger Van,,,,2018,2018-01-02,1900,19,FINCH AVE E,TRUDY RD,1.0,Mid-Block,No Control,Clear,"Dark, artificial",Dry,Non-Fatal Injury,Approaching,-79.3621,43.7909,January,Tuesday
8000026643,Driver,50 to 54,1.0,Delivery Van,,,,2018,2018-01-05,1145,11,SHEPPARD ST,ADELAIDE ST W,1.0,Intersection,Traffic Signal,Other,Daylight,Other,Fatal,Pedestrian Collisions,-79.382,43.6495,January,Friday
8000027630,Driver,25 to 29,1.0,"Automobile, Station Wagon",,,,2018,2018-01-05,1412,14,AVENUE RD,DUNBLAINE AVE,1.0,Intersection,Traffic Controller,Clear,Daylight,Dry,Non-Fatal Injury,Pedestrian Collisions,-79.42,43.7358,January,Friday
8000027863,Driver,20 to 24,4.0,"Automobile, Station Wagon",,,,2018,2018-01-05,1455,14,SUNRISE AVE,BERMONDSEY RD,2.0,Mid-Block,No Control,Clear,Daylight,Dry,Non-Fatal Injury,Turning Movement,-79.3082,43.718,January,Friday
8000040229,Driver,25 to 29,1.0,"Automobile, Station Wagon",,,Yes,2018,2018-01-07,1816,18,EGLINTON AVE W,ROYAL YORK RD,1.0,Mid-Block,Traffic Signal,Other,Daylight,Other,Fatal,Approaching,-79.5297,43.6816,January,Sunday
8000041197,Driver,60 to 64,1.0,"Automobile, Station Wagon",,,,2018,2018-01-07,2151,21,STEELES AVE E,EASTVALE  DR,1.0,Intersection,No Control,Other,Dark,Other,Fatal,Pedestrian Collisions,-79.2451,43.8379,January,Sunday
8000053420,Driver,45 to 49,1.0,Delivery Van,,,,2018,2018-01-09,1817,18,EGLINTON AVE E,ROSEMOUNT DR,1.0,Mid-Block,No Control,Clear,Dark,Wet,Fatal,Pedestrian Collisions,-79.275,43.7304,January,Tuesday
8000063695,Pedestrian,70 to 74,4.0,,,,,2018,2018-01-11,923,9,YONGE ST,RANLEIGH AVE,1.0,Intersection,Traffic Signal,Clear,Daylight,Wet,Non-Fatal Injury,Pedestrian Collisions,-79.4029,43.7277,January,Thursday
8000066808,Pedestrian,60 to 64,4.0,,,,,2018,2018-01-11,1727,17,YONGE ST,EGLINTON AVE E,1.0,Intersection,Traffic Signal,Rain,"Dark, artificial",Wet,Non-Fatal Injury,Pedestrian Collisions,-79.3983,43.7066,January,Thursday
8000066887,Pedestrian,70 to 74,4.0,,,,,2018,2018-01-11,1740,17,BRIDLETOWNE CRCL,FINCH AVE E,1.0,Intersection,Traffic Signal,Clear,"Dark, artificial",Dry,Non-Fatal Injury,Pedestrian Collisions,-79.3192,43.7957,January,Thursday
8000074113,Passenger,50 to 54,3.0,,,,,2018,2018-01-12,1901,19,MCCOWAN RD,ELLESMERE RD,1.0,Intersection,Traffic Signal,Freezing Rain,"Dark, artificial",Ice,Non-Fatal Injury,SMV Other,-79.2514,43.772,January,Friday
8000083490,Driver,25 to 29,1.0,"Automobile, Station Wagon",,,,2018,2018-01-14,1059,10,THE QUEENSWAY,ALDGATE AVE,1.0,Mid-Block,No Control,Clear,Daylight,Dry,Non-Fatal Injury,Approaching,-79.4875,43.6295,January,Sunday
8000090859,,unknown,1.0,"Automobile, Station Wagon",,,,2018,2018-01-15,1520,15,23 IANHALL RD,,4.0,Mid-Block,No Control,Snow,Daylight,Loose Snow,Fatal,Pedestrian Collisions,-79.4882,43.7279,January,Monday
8000091274,Pedestrian,45 to 49,4.0,,,,,2018,2018-01-15,1623,16,YONGE ST,MELINDA ST,1.0,Intersection,No Control,Snow,Daylight,Loose Snow,Non-Fatal Injury,Pedestrian Collisions,-79.3776,43.6484,January,Monday
8000118334,Driver,85 to 89,1.0,"Automobile, Station Wagon",,,,2018,2018-01-19,1800,18,FINCH AVE E,DUDLEY AVE,1.0,Intersection,Stop Sign,Clear,"Dark, artificial",Dry,Non-Fatal Injury,Angle,-79.4096,43.7809,January,Friday
8000125710,Pedestrian,45 to 49,4.0,,,,,2018,2018-01-20,2105,21,MORNINGSIDE AVE,CINEMART DR,1.0,Mid-Block,No Control,Clear,"Dark, artificial",Dry,Non-Fatal Injury,Pedestrian Collisions,-79.1974,43.7973,January,Saturday
8000134975,Cyclist,65 to 69,4.0,Bicycle,,,,2018,2018-01-22,1130,11,THURMAN  RD,STEELES  AVE W,1.0,Intersection,Traffic Signal,Rain,Daylight,Wet,Non-Fatal Injury,Cyclist Collisions,-79.4529,43.7907,January,Monday
8000136344,Driver,40 to 44,1.0,"Automobile, Station Wagon",,,,2018,2018-01-22,1525,15,HANNA RD,SUTHERLAND DR,4.0,Intersection,Stop Sign,Rain,Daylight,Wet,Non-Fatal Injury,Cyclist Collisions,-79.3655,43.7014,January,Monday
8000139002,Pedestrian,30 to 34,4.0,,,,,2018,2018-01-22,2316,23,483 DUNDAS ST W,,1.0,Mid-Block,No Control,Rain,"Dark, artificial",Wet,Non-Fatal Injury,Pedestrian Collisions,-79.3974,43.6529,January,Monday
8000147254,Pedestrian,25 to 29,4.0,,,,,2018,2018-01-24,725,7,QUEEN ST W,NIAGARA ST,1.0,Intersection,Traffic Signal,Clear,Daylight,Dry,Non-Fatal Injury,Pedestrian Collisions,-79.4099,43.6459,January,Wednesday
8000148881,Pedestrian,60 to 64,2.0,,,Yes,,2018,2018-01-24,1150,11,WARDEN AVE,BAMBURGH CRCL,1.0,Mid-Block,Traffic Signal,Clear,Daylight,Dry,Fatal,Pedestrian Collisions,-79.3245,43.8142,January,Wednesday
8000162835,Pedestrian,20 to 24,4.0,,,,,2018,2018-01-26,1430,14,QUEENS QUAY W,YORK ST,3.0,Mid-Block,No Control,Clear,Daylight,Dry,Non-Fatal Injury,Pedestrian Collisions,-79.381,43.6397,January,Friday
8000165108,Driver,35 to 39,4.0,"Automobile, Station Wagon",Yes,,Yes,2018,2018-01-26,2055,20,TAPSCOTT RD,MCLEVIN AVE,3.0,Mid-Block,No Control,Clear,"Dark, artificial",Dry,Non-Fatal Injury,Approaching,-79.2257,43.8046,January,Friday
8000166254,Truck Driver,45 to 49,1.0,Truck - Dump,,,,2018,2018-01-27,116,1,EGLINTON AVE E,VICTORIA PARK AVE,1.0,Intersection,Traffic Signal,Clear,"Dark, artificial",Dry,Non-Fatal Injury,Turning Movement,-79.3026,43.7246,January,Saturday
8000172626,Pedestrian,50 to 54,4.0,,,,,2018,2018-01-28,140,1,BATHURST ST,RIDGE HILL DR,1.0,Intersection,Traffic Signal,Clear,"Dark, artificial",Dry,Non-Fatal Injury,Pedestrian Collisions,-79.4258,43.7032,January,Sunday
8000206699,Pedestrian,70 to 74,2.0,,,,,2018,2018-02-02,943,9,FINCH AVE W,ARDWICK BLVD,1.0,Intersection,Traffic Signal,Clear,Daylight,Dry,Fatal,Pedestrian Collisions,-79.5622,43.7477,February,Friday
8000212340,Pedestrian,60 to 64,4.0,,,,,2018,2018-02-03,403,4,PARLIAMENT ST,CARLTON ST,3.0,Intersection,Traffic Signal,Clear,"Dark, artificial",Dry,Non-Fatal Injury,Pedestrian Collisions,-79.3679,43.6642,February,Saturday
8000214982,Other,unknown,1.0,,,,,2018,2018-02-03,1525,15,8 HERTFORD AVE,,4.0,Mid-Block,No Control,Clear,"Daylight, artificial",Dry,Non-Fatal Injury,Cyclist Collisions,-79.4773,43.6887,February,Saturday
8000231465,Driver,35 to 39,3.0,"Automobile, Station Wagon",Yes,,,2018,2018-02-06,913,9,CARL HALL RD,CHESSWOOD DR,4.0,Mid-Block,No Control,Clear,Daylight,Wet,Non-Fatal Injury,Approaching,-79.4688,43.7485,February,Tuesday
8000243481,Driver,40 to 44,1.0,"Automobile, Station Wagon",,Yes,,2018,2018-02-08,313,3,SPADINA AVE,QUEEN ST W,1.0,Intersection,Traffic Signal,Clear,"Dark, artificial",Slush,Non-Fatal Injury,Pedestrian Collisions,-79.3963,43.6486,February,Thursday
8000244860,Pedestrian,25 to 29,4.0,,,,,2018,2018-02-08,943,9,HALLAM ST,OSSINGTON AVE,3.0,Intersection,Traffic Signal,Clear,Daylight,Wet,Non-Fatal Injury,Pedestrian Collisions,-79.4281,43.6678,February,Thursday
8000252171,Driver,25 to 29,1.0,"Automobile, Station Wagon",,,,2018,2018-02-09,1125,11,LOWER JARVIS ST,FRONT ST E,1.0,Mid-Block,No Control,Snow,Daylight,Loose Snow,Non-Fatal Injury,Pedestrian Collisions,-79.3711,43.6486,February,Friday
8000256570,Pedestrian,40 to 44,4.0,,Yes,,Yes,2018,2018-02-10,34,0,BATHURST ST,DUNDAS ST W,1.0,Intersection,No Control,Drifting Snow,"Dark, artificial",Wet,Non-Fatal Injury,Pedestrian Collisions,-79.4059,43.6522,February,Saturday
8000264811,Driver,55 to 59,1.0,Municipal Transit Bus (TTC),,,,2018,2018-02-11,1225,12,JANE ST,JOHN ST,1.0,Intersection,Traffic Signal,Rain,Daylight,Wet,Non-Fatal Injury,Other,-79.5047,43.7065,February,Sunday
8000265152,Passenger,40 to 44,3.0,,,,,2018,2018-02-11,1330,13,YONGE ST,MCGLASHAN RD,1.0,Intersection,No Control,Freezing Rain,Daylight,Slush,Non-Fatal Injury,SMV Other,-79.4062,43.7417,February,Sunday
8000275432,Driver,50 to 54,1.0,"Automobile, Station Wagon",Yes,,,2018,2018-02-13,247,2,DUFFERIN ST,BANK ST,3.0,Intersection,No Control,Clear,"Dark, artificial",Dry,Non-Fatal Injury,SMV Unattended Vehicle,-79.4306,43.6476,February,Tuesday
8000286363,Pedestrian,85 to 89,4.0,,,,,2018,2018-02-14,1545,15,KIPLING AVE,MOUNT OLIVE DR,1.0,Intersection,Traffic Signal,Clear,Daylight,Dry,Non-Fatal Injury,Pedestrian Collisions,-79.5837,43.7467,February,Wednesday
8000300733,Passenger,35 to 39,4.0,,,Yes,,2018,2018-02-16,1800,18,DON MILLS RD,BARBER GREENE RD,1.0,Intersection,Traffic Signal,Clear,"Dark, artificial",Dry,Non-Fatal Injury,Turning Movement,-79.3408,43.7275,February,Friday
8000301907,Driver,50 to 54,1.0,"Automobile, Station Wagon",,,Yes,2018,2018-02-16,2130,21,LAKE SHORE BLVD W,ROYAL YORK RD,1.0,Mid-Block,No Control,Clear,"Dark, artificial",Dry,Non-Fatal Injury,SMV Other,-79.4931,43.6035,February,Friday
8000303628,Driver,45 to 49,2.0,"Automobile, Station Wagon",Yes,,,2018,2018-02-17,2319,23,3230 BAYVIEW AVE,,1.0,Mid-Block,No Control,,Dark,,Fatal,SMV Other,-79.3927,43.7882,February,Saturday
8000311536,Driver,35 to 39,1.0,"Automobile, Station Wagon",,Yes,,2018,2018-02-18,1442,14,401 C E WESTON RD RAMP,WESTON RD,1.0,Intersection,Traffic Signal,Clear,Daylight,Dry,Non-Fatal Injury,Turning Movement,-79.5354,43.7117,February,Sunday
8000312731,Driver,40 to 44,1.0,"Automobile, Station Wagon",,,,2018,2018-02-18,1827,18,YONGE ST,ROSELAWN AVE,1.0,Intersection,No Control,Clear,"Dusk, artificial",Dry,Non-Fatal Injury,Pedestrian Collisions,-79.3992,43.7108,February,Sunday
8000315155,Driver,25 to 29,4.0,"Automobile, Station Wagon",,,Yes,2018,2018-02-19,602,6,704 BRIMORTON DR,,2.0,Mid-Block,No Control,Clear,"Dark, artificial",Dry,Non-Fatal Injury,SMV Other,-79.2277,43.7749,February,Monday
8000315190,Driver,60 to 64,3.0,"Automobile, Station Wagon",,,,2018,2018-02-19,617,6,537 FINCH AVE W,,1.0,Mid-Block,No Control,Clear,"Dark, artificial",Dry,Non-Fatal Injury,Approaching,-79.4475,43.7729,February,Monday
8000324261,Driver,65 to 69,1.0,Pick Up Truck,,,,2018,2018-02-20,1640,16,QUEEN ST E,ONTARIO ST,1.0,Intersection,Pedestrian Crossover,Clear,"Dusk, artificial",Wet,Non-Fatal Injury,Pedestrian Collisions,-79.3671,43.6549,February,Tuesday
8000324266,Pedestrian,65 to 69,2.0,,,,,2018,2018-02-20,1645,16,BATHURST ST,ELLERSLIE AVE,1.0,Intersection,Traffic Signal,Rain,Daylight,Wet,Fatal,Pedestrian Collisions,-79.4408,43.7653,February,Tuesday
8000332004,Pedestrian,40 to 44,2.0,,,,,2018,2018-02-21,1838,18,37 WILLIAM KITCHEN RD,,2.0,Mid-Block,No Control,Clear,"Dark, artificial",Dry,Fatal,Pedestrian Collisions,-79.2827,43.7733,February,Wednesday
8000337135,Driver,60 to 64,1.0,"Automobile, Station Wagon",,,,2018,2018-02-22,1430,14,AVENUE RD,BRIAR HILL AVE,1.0,Intersection,Stop Sign,Clear,Daylight,Dry,Non-Fatal Injury,Angle,-79.4114,43.7111,February,Thursday
8000340465,Passenger,20 to 24,4.0,,,,Yes,2018,2018-02-23,118,1,931 PROGRESS AVE,,3.0,Intersection,Traffic Signal,Clear,"Dark, artificial",Dry,Non-Fatal Injury,SMV Other,-79.2318,43.7838,February,Friday
8000341044,Driver,50 to 54,1.0,"Automobile, Station Wagon",,,,2018,2018-02-23,612,6,EGLINTON AVE W,SCARLETT RD,1.0,Intersection,Traffic Signal,Clear,Dark,Dry,Non-Fatal Injury,Pedestrian Collisions,-79.5114,43.6838,February,Friday
8000348646,Pedestrian,65 to 69,4.0,,,,,2018,2018-02-24,849,8,ROYAL YORK RD,STRATH HUMBER CRT,3.0,Intersection,No Control,Clear,Daylight,Dry,Non-Fatal Injury,Pedestrian Collisions,-79.5175,43.6613,February,Saturday
8000352220,Pedestrian,80 to 84,4.0,,,,,2018,2018-02-24,1950,19,ROYAL YORK RD,BLOOR ST W,1.0,Intersection,Traffic Signal,Clear,Dark,Dry,Non-Fatal Injury,Pedestrian Collisions,-79.5113,43.6472,February,Saturday
8000361053,Other,60 to 64,4.0,"Automobile, Station Wagon",,,,2018,2018-02-26,842,8,COLLIER ST,CHURCH ST,4.0,Intersection,Stop Sign,Clear,Daylight,Dry,Non-Fatal Injury,SMV Unattended Vehicle,-79.3861,43.6723,February,Monday
8000370625,Pedestrian,10 to 14,2.0,,,,,2018,2018-02-27,1530,15,CANONGATE TRL,OCKWELL MANOR  DR,2.0,Intersection,No Control,Clear,Daylight,Dry,Fatal,Pedestrian Collisions,-79.3068,43.8185,February,Tuesday
8000372713,Driver,55 to 59,3.0,"Automobile, Station Wagon",,,Yes,2018,2018-02-27,2128,21,ALBION RD,CARRIER DR,1.0,Mid-Block,No Control,Clear,"Dark, artificial",Dry,Non-Fatal Injury,Rear End,-79.6134,43.7452,February,Tuesday
8000379612,Passenger,0 to 4,1.0,,,,,2018,2018-02-28,2117,21,FINCH AVE W,HUMBERLINE DR,1.0,Intersection,Traffic Signal,Clear,"Dusk, artificial",Dry,Non-Fatal Injury,Pedestrian Collisions,-79.6178,43.7349,February,Wednesday
8000388134,Passenger,50 to 54,1.0,,,,,2018,2018-03-02,649,6,DON VALLEY PARKWAY  S,LAWRENCE AVE E,8.0,Mid-Block,No Control,Clear,Daylight,Wet,Non-Fatal Injury,Rear End,-79.3322,43.7375,March,Friday
8000390730,Pedestrian,20 to 24,4.0,,,,,2018,2018-03-02,1435,14,2083 LAWRENCE AVE W,,1.0,Mid-Block,No Control,Clear,Daylight,Dry,Non-Fatal Injury,Pedestrian Collisions,-79.5175,43.6997,March,Friday
8000392366,Pedestrian,65 to 69,2.0,,,,,2018,2018-03-02,1914,19,GREENCEDAR CRCT,DAPHNE RD,2.0,Intersection,No Control,Other,Dark,Other,Fatal,Pedestrian Collisions,-79.2293,43.7568,March,Friday
8000395977,Driver,15 to 19,4.0,"Automobile, Station Wagon",,,,2018,2018-03-03,1111,11,WELLINGTON ST W,YORK ST,3.0,Mid-Block,No Control,Clear,Daylight,Dry,Non-Fatal Injury,Turning Movement,-79.3822,43.6466,March,Saturday
8000397220,Driver,45 to 49,1.0,Passenger Van,,,,2018,2018-03-03,1515,15,BATHURST ST,STEELES AVE W,1.0,Intersection,Traffic Signal,Clear,Daylight,Dry,Non-Fatal Injury,Angle,-79.4457,43.7923,March,Saturday
8000407023,Pedestrian,75 to 79,4.0,,,,,2018,2018-03-05,820,8,DUFFERIN ST,CASTLEFIELD AVE,1.0,Intersection,Traffic Signal,Clear,Daylight,Dry,Non-Fatal Injury,Pedestrian Collisions,-79.4517,43.7006,March,Monday
8000409756,Driver,70 to 74,5.0,"Automobile, Station Wagon",,,,2018,2018-03-05,1505,15,BATHURST ST,DEWBOURNE AVE,1.0,Mid-Block,No Control,Clear,Daylight,Dry,Non-Fatal Injury,Rear End,-79.4244,43.6983,March,Monday
8000409848,Driver,20 to 24,4.0,"Automobile, Station Wagon",Yes,,,2018,2018-03-05,1525,15,EGLINTON AVE W,KIPLING AVE,1.0,Mid-Block,No Control,Clear,Daylight,Dry,Non-Fatal Injury,Approaching,-79.5531,43.6766,March,Monday
8000432892,Driver,20 to 24,1.0,"Automobile, Station Wagon",,,,2018,2018-03-08,2240,22,STEELES AVE E,FOUNDERS RD,1.0,Mid-Block,No Control,Clear,"Dark, artificial",Dry,Non-Fatal Injury,Pedestrian Collisions,-79.5021,43.7796,March,Thursday
8000438104,Motorcycle Driver,35 to 39,4.0,Motorcycle,,,,2018,2018-03-09,1745,17,WESTON RD,DENISON RD W,3.0,Intersection,Traffic Signal,Clear,Daylight,Dry,Non-Fatal Injury,Turning Movement,-79.5081,43.6961,March,Friday
8000443959,Driver,50 to 54,1.0,Municipal Transit Bus (TTC),,,,2018,2018-03-10,1555,15,COXWELL AVE,EASTWOOD RD,3.0,Mid-Block,No Control,Clear,Daylight,Dry,Non-Fatal Injury,Pedestrian Collisions,-79.3196,43.6737,March,Saturday
8000460505,Pedestrian,70 to 74,4.0,,,,,2018,2018-03-13,1130,11,DUNDAS ST W,HURON ST,1.0,Intersection,No Control,Clear,Daylight,Dry,Non-Fatal Injury,Pedestrian Collisions,-79.3961,43.6532,March,Tuesday
8000471582,Driver,15 to 19,1.0,"Automobile, Station Wagon",Yes,,Yes,2018,2018-03-15,226,2,COLLEGE ST,HURON ST,1.0,Intersection,Traffic Signal,Clear,"Dark, artificial",Dry,Fatal,Pedestrian Collisions,-79.3981,43.6581,March,Thursday
8000477164,Driver,50 to 54,1.0,"Automobile, Station Wagon",,,,2018,2018-03-15,2150,21,DOVERCOURT RD,DUPONT ST,1.0,Intersection,Traffic Signal,Clear,"Dark, artificial",Dry,Non-Fatal Injury,Pedestrian Collisions,-79.4327,43.6696,March,Thursday
8000479172,Pedestrian,70 to 74,4.0,,,,,2018,2018-03-16,907,9,RUNNYMEDE RD,DEFOREST RD,2.0,Intersection,Stop Sign,Clear,"Daylight, artificial",Dry,Non-Fatal Injury,Pedestrian Collisions,-79.4753,43.6486,March,Friday
8000498049,Pedestrian,0 to 4,4.0,,,,,2018,2018-03-19,1032,10,GEORGE ST,DUNDAS ST E,1.0,Intersection,Stop Sign,Clear,Daylight,Dry,Non-Fatal Injury,Pedestrian Collisions,-79.3734,43.6572,March,Monday
8000501010,Driver,50 to 54,1.0,Passenger Van,,,,2018,2018-03-19,1741,17,RENFORTH DR,EGLINTON AVE W,3.0,Intersection,No Control,Clear,Daylight,Dry,Non-Fatal Injury,Rear End,-79.5876,43.666,March,Monday
8000509644,Driver,35 to 39,4.0,"Automobile, Station Wagon",Yes,,Yes,2018,2018-03-21,232,2,KEELE ST,WANDLE AVE,1.0,Mid-Block,No Control,Clear,"Dark, artificial",Dry,Non-Fatal Injury,Sideswipe,-79.4832,43.7317,March,Wednesday
8000510129,Passenger,25 to 29,2.0,,Yes,,,2018,2018-03-21,331,3,F G GARDINER XY  W,ROYAL YORK RD,,Mid-Block,No Control,Clear,"Dark, artificial",Dry,Fatal,Rear End,-79.4999,43.6231,March,Wednesday
8000514399,Driver,40 to 44,1.0,"Automobile, Station Wagon",,Yes,,2018,2018-03-21,1720,17,LAWRENCE AVE W,BENTON RD,1.0,Intersection,Traffic Signal,Clear,Daylight,Dry,Non-Fatal Injury,Angle,-79.4718,43.7102,March,Wednesday
8000516187,Pedestrian,45 to 49,4.0,,,,,2018,2018-03-21,2305,23,QUEENS QUAY W,YORK ST,3.0,Mid-Block,No Control,Clear,"Dark, artificial",Dry,Non-Fatal Injury,Pedestrian Collisions,-79.381,43.6397,March,Wednesday