ACCNUM,INVTYPE,INVAGE,INJURY_ID,VEHTYPE,SPEEDING,REDLIGHT,ALCOHOL,YEAR,DATE,TIME,HOUR,STREET1,STREET2,ROAD_CLASS_ID,LOCCOORD,TRAFFCTL,VISIBILITY,LIGHT,RDSFCOND,ACCLASS,IMPACTYPE,Longitude,Latitude,Month,Day_of_Week
8000535071,Driver,35 to 39,4.0,"Automobile, Station Wagon",Yes,,,2018,2018-03-24,1914,19,JANE ST,SHOREHAM DR,1.0,Mid-Block,No Control,Clear,Daylight,Dry,Non-Fatal Injury,Approaching,-79.5201,43.7677,March,Saturday
8000546560,Pedestrian,80 to 84,4.0,,,,,2018,2018-03-26,1604,16,BRIDLETOWNE CRCL,BEVERLY GLEN BLVD,3.0,Intersection,Traffic Signal,Clear,Daylight,Dry,Non-Fatal Injury,Pedestrian Collisions,-79.32,43.7994,March,Monday
8000560882,Driver,15 to 19,1.0,"Automobile, Station Wagon",Yes,,,2018,2018-03-28,1749,17,MOUNT PLEASANT RD,CARSTOWE RD,1.0,Mid-Block,No Control,Clear,Daylight,Dry,Fatal,Turning Movement,-79.3836,43.6843,March,Wednesday
8000565585,Passenger,90 to 94,1.0,,,,,2018,2018-03-29,1221,12,WILSON AVE,JULIAN RD,1.0,Intersection,Traffic Signal,Rain,Daylight,Wet,Fatal,Pedestrian Collisions,-79.491,43.7245,March,Thursday
8000569238,Pedestrian,35 to 39,4.0,,,,,2018,2018-03-29,2226,22,DON MILLS RD,SHEPPARD AVE E,1.0,Intersection,Traffic Controller,Rain,"Daylight, artificial",Wet,Non-Fatal Injury,Pedestrian Collisions,-79.347,43.775,March,Thursday
8000589211,Pedestrian,50 to 54,4.0,,,,,2018,2018-04-02,1310,13,STEELES AVE E,DUMONT ST,1.0,Intersection,No Control,Clear,Daylight,Dry,Non-Fatal Injury,Pedestrian Collisions,-79.417,43.7986,April,Monday
8000599048,Pedestrian,40 to 44,4.0,,,,,2018,2018-04-03,2220,22,FLEET ST,BATHURST ST,1.0,Mid-Block,No Control,Rain,"Dark, artificial",Wet,Non-Fatal Injury,Pedestrian Collisions,-79.4004,43.6361,April,Tuesday
8000604278,Motorcycle Driver,30 to 34,4.0,Motorcycle,,,,2018,2018-04-04,1630,16,BATHURST ST,CEDARCROFT BLVD,1.0,Mid-Block,No Control,Clear,Daylight,Dry,Non-Fatal Injury,SMV Other,-79.4452,43.7826,April,Wednesday
8000630918,Passenger,10 to 14,4.0,,,,,2018,2018-04-08,2030,20,FINCH AVE W,ARROW RD,1.0,Intersection,Traffic Signal,Clear,"Dark, artificial",Dry,Non-Fatal Injury,Rear End,-79.5362,43.7532,April,Sunday
8000645053,Driver,60 to 64,1.0,"Automobile, Station Wagon",,,,2018,2018-04-10,2256,22,DUNDAS ST W,GOOCH AVE,1.0,Intersection,No Control,Clear,"Dark, artificial",Dry,Non-Fatal Injury,Pedestrian Collisions,-79.4985,43.6655,April,Tuesday
8000655701,Pedestrian,10 to 14,3.0,,,Yes,,2018,2018-04-12,1425,14,625 FINCH AVE W,,1.0,Intersection,Traffic Signal,Clear,Daylight,Wet,Non-Fatal Injury,Pedestrian Collisions,-79.4543,43.7715,April,Thursday
8000657737,Passenger,20 to 24,1.0,,,Yes,,2018,2018-04-12,2000,20,WILSON AVE,LEXFIELD AVE,1.0,Intersection,Traffic Signal,Clear,Dark,Dry,Non-Fatal Injury,Turning Movement,-79.4967,43.7232,April,Thursday
8000662467,Driver,55 to 59,3.0,Passenger Van,Yes,,,2018,2018-04-13,1512,15,JANE ST,BEVERLY HILLS DR,1.0,Intersection,Traffic Signal,,Daylight,,Fatal,Pedestrian Collisions,-79.5081,43.719,April,Friday
8000663907,Driver,50 to 54,1.0,"Automobile, Station Wagon",,,,2018,2018-04-13,1918,19,THE WESTWAY,KIPLING AVE,1.0,Intersection,Traffic Signal,Rain,"Dark, artificial",Wet,Non-Fatal Injury,Cyclist Collisions,-79.5546,43.6855,April,Friday
8000710389,Passenger,50 to 54,1.0,,Yes,,,2018,2018-04-21,1,0,HIGHWAY 2A  E,LAWSON RD,8.0,Mid-Block,No Control,Clear,Dark,Dry,Non-Fatal Injury,Rear End,-79.164,43.7851,April,Saturday
8000716427,Driver,25 to 29,2.0,"Automobile, Station Wagon",Yes,,,2018,2018-04-21,2341,23,SEWELLS RD,HUPFIELD TRL,3.0,Mid-Block,No Control,Clear,"Dark, artificial",Dry,Fatal,SMV Other,-79.2135,43.8141,April,Saturday
8000720463,Pedestrian,60 to 64,4.0,,Yes,,,2018,2018-04-22,1706,17,1854 KEELE ST,,1.0,Mid-Block,No Control,Clear,"Dark, artificial",Dry,Non-Fatal Injury,Pedestrian Collisions,-79.4748,43.6895,April,Sunday
8000722475,Driver,15 to 19,3.0,"Automobile, Station Wagon",Yes,Yes,,2018,2018-04-23,20,0,FINCH AVE W,SIGNET DR,1.0,Intersection,Traffic Signal,Clear,"Dark, artificial",Dry,Fatal,Angle,-79.5362,43.7532,April,Monday
8000723660,Driver,25 to 29,1.0,"Automobile, Station Wagon",,,,2018,2018-04-23,801,8,HORNER AVE,BETA ST,3.0,Intersection,No Control,Clear,Daylight,Dry,Non-Fatal Injury,Pedestrian Collisions,-79.5384,43.6031,April,Monday
8000725279,Driver,35 to 39,1.0,"Automobile, Station Wagon",,,,2018,2018-04-23,1220,12,BAY ST,GROSVENOR ST,1.0,Intersection,Traffic Signal,Clear,Daylight,Dry,Non-Fatal Injury,Pedestrian Collisions,-79.3863,43.6623,April,Monday
8000732809,Driver,45 to 49,1.0,"Automobile, Station Wagon",,,,2018,2018-04-24,1401,14,VICTORIA PARK AVE,JONESVILLE CRES,1.0,Intersection,Traffic Signal,Clear,Daylight,Dry,Non-Fatal Injury,Turning Movement,-79.3034,43.7266,April,Tuesday
8000738388,Pedestrian,75 to 79,4.0,,,,,2018,2018-04-25,1100,11,BATHURST ST,VERWOOD AVE,1.0,Intersection,Stop Sign,Rain,Daylight,Wet,Non-Fatal Injury,Pedestrian Collisions,-79.4374,43.7514,April,Wednesday
8000743164,Pedestrian,60 to 64,4.0,,,,,2018,2018-04-23,2358,23,BLOOR ST W,STERLING RD,1.0,Intersection,Traffic Signal,Rain,"Dark, artificial",Wet,Non-Fatal Injury,Pedestrian Collisions,-79.4477,43.6572,April,Monday
8000743389,Driver,20 to 24,4.0,"Automobile, Station Wagon",Yes,,,2018,2018-04-26,105,1,SCARLETT RD,LAWRENCE AVE W,1.0,Intersection,Traffic Signal,Rain,"Dark, artificial",Wet,Non-Fatal Injury,Turning Movement,-79.5232,43.6981,April,Thursday
8000749115,Driver,25 to 29,1.0,"Automobile, Station Wagon",,,,2018,2018-04-26,1942,19,ISLINGTON AVE,ALBION RD,1.0,Intersection,Traffic Signal,Clear,"Dusk, artificial",Dry,Non-Fatal Injury,Turning Movement,-79.5652,43.7371,April,Thursday
8000757049,Pedestrian,60 to 64,4.0,,,,,2018,2018-04-27,2300,23,STEELES AVE W,ROSSDEAN DR,1.0,Intersection,Traffic Signal,Rain,"Dark, artificial",Wet,Non-Fatal Injury,Pedestrian Collisions,-79.5406,43.7714,April,Friday
8000781512,Motorcycle Driver,50 to 54,1.0,Motorcycle,Yes,,,2018,2018-05-01,1905,19,DANFORTH AVE,BIRCHMOUNT RD,3.0,Mid-Block,No Control,Clear,Daylight,Dry,Non-Fatal Injury,Rear End,-79.2618,43.6977,May,Tuesday
8000787702,Motorcycle Driver,15 to 19,4.0,Motorcycle,,,,2018,2018-05-02,1616,16,KINGSTON RD,RYLANDER BLVD,1.0,Intersection,Traffic Signal,Clear,Daylight,Dry,Non-Fatal Injury,Turning Movement,-79.1491,43.7969,May,Wednesday
8000806863,Driver,25 to 29,5.0,"Automobile, Station Wagon",,,,2018,2018-05-05,407,4,LAWRENCE AVE E,KENNEDY RD,1.0,Intersection,Traffic Signal,Clear,"Dark, artificial",Dry,Non-Fatal Injury,Angle,-79.2748,43.7494,May,Saturday
8000810853,Pedestrian,80 to 84,4.0,,,,,2018,2018-05-05,1803,18,KEELE ST,COLVILLE RD,1.0,Mid-Block,Stop Sign,Clear,Daylight,Dry,Non-Fatal Injury,Pedestrian Collisions,-79.4778,43.7078,May,Saturday
8000812418,Passenger,5 to 9,4.0,,,,,2018,2018-05-05,2215,22,MARKHAM RD,ELLESMERE RD,1.0,Intersection,Traffic Signal,Clear,"Dark, artificial",Dry,Non-Fatal Injury,Turning Movement,-79.2317,43.7763,May,Saturday
8000824301,Driver,50 to 54,1.0,"Automobile, Station Wagon",,,,2018,2018-05-07,1746,17,DANFORTH AVE,WOODINGTON AVE,1.0,Intersection,Traffic Signal,Clear,Daylight,Dry,Non-Fatal Injury,Pedestrian Collisions,-79.3208,43.6838,May,Monday
8000825405,Pedestrian,60 to 64,4.0,,,,,2018,2018-05-07,2050,20,JARVIS ST,RICHMOND ST E,1.0,Intersection,No Control,Clear,"Dark, artificial",Dry,Non-Fatal Injury,Pedestrian Collisions,-79.3727,43.6526,May,Monday
8000832716,Driver,55 to 59,4.0,"Automobile, Station Wagon",,,,2018,2018-05-08,2140,21,YONGE ST,ANNDALE DR,1.0,Intersection,Traffic Signal,Clear,"Dark, artificial",Dry,Non-Fatal Injury,Sideswipe,-79.4105,43.7599,May,Tuesday
8000842221,Driver,55 to 59,1.0,"Automobile, Station Wagon",,,,2018,2018-05-10,955,9,111 BOND ST,,4.0,Mid-Block,No Control,Clear,Daylight,Dry,Non-Fatal Injury,Pedestrian Collisions,-79.3785,43.6568,May,Thursday
8000845725,Driver,25 to 29,1.0,"Automobile, Station Wagon",,,,2018,2018-05-10,1845,18,EASTERN AVE,COXWELL AVE,3.0,Intersection,Traffic Signal,Clear,Daylight,Dry,Non-Fatal Injury,Turning Movement,-79.3161,43.6654,May,Thursday
8000847454,Passenger,25 to 29,3.0,,Yes,,,2018,2018-05-11,209,2,2955 KIPLING AVE,,4.0,Mid-Block,No Control,Clear,Dark,Dry,Non-Fatal Injury,SMV Other,-79.5901,43.7601,May,Friday
8000874551,Driver,85 to 89,1.0,"Automobile, Station Wagon",,,,2018,2018-05-15,935,9,YONGE ST,LAWRENCE AVE E,1.0,Intersection,Traffic Signal,,Daylight,,Fatal,Pedestrian Collisions,-79.4021,43.725,May,Tuesday
8000877104,Driver,25 to 29,1.0,"Automobile, Station Wagon",,Yes,,2018,2018-05-15,1558,15,LAKE SHORE BV W,COLBORNE LODGE DR,1.0,Intersection,Traffic Signal,Clear,Daylight,Dry,Fatal,Cyclist Collisions,-79.4588,43.6377,May,Tuesday
8000879182,Driver,20 to 24,1.0,"Automobile, Station Wagon",Yes,,Yes,2018,2018-05-15,2237,22,LAKE SHORE BLVD W,THIRTEENTH ST,1.0,Intersection,No Control,,Dark,,Fatal,Sideswipe,-79.5128,43.599,May,Tuesday
8000879667,Driver,55 to 59,1.0,Intercity Bus,,,,2018,2018-05-16,55,0,QUEEN ST E,JARVIS ST,1.0,Intersection,Traffic Signal,Clear,"Dark, artificial",Dry,Non-Fatal Injury,Cyclist Collisions,-79.3732,43.6536,May,Wednesday
8000880741,Truck Driver,25 to 29,1.0,"Truck - Closed (Blazer, etc)",,,,2018,2018-05-16,800,8,JONES AVE,DUNDAS ST E,3.0,Intersection,Traffic Signal,Clear,Daylight,Dry,Fatal,Cyclist Collisions,-79.3342,43.666,May,Wednesday
8000903951,Driver,25 to 29,1.0,"Automobile, Station Wagon",,,,2018,2018-05-19,1550,15,STANLEY  AVE,VICTOR AVE,4.0,Intersection,No Control,Clear,Daylight,Dry,Non-Fatal Injury,Pedestrian Collisions,-79.4902,43.6158,May,Saturday
8000909501,Driver,40 to 44,4.0,"Automobile, Station Wagon",Yes,,,2018,2018-05-20,1434,14,TAPSCOTT RD,FINCH AVE E,3.0,Mid-Block,No Control,Clear,Daylight,Dry,Non-Fatal Injury,SMV Other,-79.2359,43.8116,May,Sunday
8000911603,Pedestrian,80 to 84,5.0,,,,,2018,2018-05-20,2117,21,WINTERMUTE BLVD,SANDYHOOK SQ,2.0,Intersection,No Control,Clear,"Dusk, artificial",Dry,Non-Fatal Injury,Pedestrian Collisions,-79.3221,43.818,May,Sunday
8000912175,Driver,40 to 44,2.0,"Automobile, Station Wagon",Yes,,,2018,2018-05-20,2307,23,WILSON AVE,401 C W WILSON AV RAMP,1.0,Mid-Block,No Control,Clear,"Dark, artificial",Dry,Fatal,Approaching,-79.4385,43.7363,May,Sunday
8000916945,Passenger,20 to 24,3.0,,Yes,,,2018,2018-05-21,2020,20,STEELES AVE W,HIGHWAY 27  N,1.0,Mid-Block,No Control,Clear,"Dark, artificial",Dry,Non-Fatal Injury,Rear End,-79.6155,43.755,May,Monday
8000921444,Pedestrian,50 to 54,4.0,,,,,2018,2018-05-22,1325,13,4800 LESLIE ST,,1.0,Mid-Block,No Control,Clear,"Daylight, artificial",Dry,Non-Fatal Injury,Pedestrian Collisions,-79.3656,43.7796,May,Tuesday
8000922403,Passenger,65 to 69,1.0,,,,,2018,2018-05-22,1552,15,DUNDAS ST W,CHELSEA AVE,3.0,Mid-Block,No Control,Clear,Daylight,Dry,Non-Fatal Injury,Cyclist Collisions,-79.4531,43.6587,May,Tuesday
8000931824,Motorcycle Driver,25 to 29,4.0,Motorcycle,,,,2018,2018-05-23,2325,23,KINGSTON RD,DANFORTH AVE,1.0,Mid-Block,No Control,Clear,"Dark, artificial",Dry,Non-Fatal Injury,SMV Other,-79.2541,43.7023,May,Wednesday
8000954337,Driver,55 to 59,1.0,"Automobile, Station Wagon",,,,2018,2018-05-27,1010,10,BENSON AVE,CHRISTIE ST,3.0,Intersection,No Control,Clear,Daylight,Dry,Non-Fatal Injury,Pedestrian Collisions,-79.425,43.68,May,Sunday
8000956490,Driver,50 to 54,1.0,"Automobile, Station Wagon",,,,2018,2018-05-27,1700,17,YONGE ST,ISABELLA ST,1.0,Intersection,No Control,Clear,Daylight,Dry,Non-Fatal Injury,Turning Movement,-79.3856,43.6674,May,Sunday
8000957140,Driver,20 to 24,1.0,"Automobile, Station Wagon",,,,2018,2018-05-27,1907,19,STAINES RD,HEPATICA ST,4.0,Intersection,Stop Sign,Clear,Daylight,Dry,Non-Fatal Injury,Pedestrian Collisions,-79.2299,43.8348,May,Sunday
8000967424,Passenger,80 to 84,2.0,,,,,2018,2018-05-29,934,9,STEELES AVE E,KENNEDY RD,1.0,Intersection,No Control,Clear,Daylight,Dry,Fatal,Other,-79.307,43.8235,May,Tuesday
8000970456,Driver,35 to 39,1.0,"Automobile, Station Wagon",,,,2018,2018-05-29,1700,17,QUEENS QUAY E,DOCKSIDE  DR,3.0,Intersection,Traffic Signal,Clear,Daylight,Dry,Non-Fatal Injury,Cyclist Collisions,-79.3654,43.645,May,Tuesday
8000973371,Truck Driver,50 to 54,1.0,"Truck - Closed (Blazer, etc)",Yes,,,2018,2018-05-30,329,3,MARTIN GROVE RD,VULCAN ST,1.0,Intersection,Traffic Signal,,Dark,,Fatal,Turning Movement,-79.5771,43.7051,May,Wednesday
8000979295,Cyclist,20 to 24,4.0,Bicycle,,,,2018,2018-05-30,2103,21,WOODBINE AVE,MERRILL AVE E,1.0,Intersection,No Control,Clear,"Dark, artificial",Dry,Non-Fatal Injury,Cyclist Collisions,-79.3118,43.6833,May,Wednesday
8000981318,Truck Driver,20 to 24,1.0,Truck - Dump,,,,2018,2018-05-31,755,7,BLOOR ST W,SOUTH KINGSWAY,1.0,Intersection,Traffic Signal,Clear,Daylight,Dry,Non-Fatal Injury,Pedestrian Collisions,-79.4857,43.6482,May,Thursday
8000986648,Driver,35 to 39,1.0,"Automobile, Station Wagon",,,,2018,2018-05-31,2054,20,LAWRENCE AVE E,MORNINGSIDE AVE,3.0,Intersection,No Control,Clear,Daylight,Wet,Non-Fatal Injury,Pedestrian Collisions,-79.1861,43.7683,May,Thursday
8001000021,Driver,55 to 59,1.0,"Automobile, Station Wagon",,,,2018,2018-06-02,1845,18,BADEN ST,LAKEVIEW AVE,4.0,Intersection,Stop Sign,Clear,Daylight,Dry,Non-Fatal Injury,Pedestrian Collisions,-79.4228,43.6495,June,Saturday
8001000138,Motorcycle Driver,50 to 54,2.0,Motorcycle,,,,2018,2018-06-02,1903,19,LAKE SHORE BLVD W,BRITISH COLUMBIA RD,1.0,Mid-Block,No Control,Clear,Daylight,Dry,Fatal,Approaching,-79.4271,43.6305,June,Saturday
8001004322,Passenger,55 to 59,1.0,,,,,2018,2018-06-03,1235,12,SHEPPARD AVE E,GATEFORTH DR,1.0,Mid-Block,No Control,Clear,Daylight,Dry,Non-Fatal Injury,Rear End,-79.2311,43.7953,June,Sunday
8001005899,Driver,85 to 89,4.0,"Automobile, Station Wagon",,,,2018,2018-06-03,1730,17,YONGE ST,FRANKLIN AVE,1.0,Intersection,No Control,Clear,Daylight,Dry,Non-Fatal Injury,SMV Other,-79.4095,43.7564,June,Sunday
8001007364,Driver,30 to 34,1.0,"Automobile, Station Wagon",,,,2018,2018-06-03,2238,22,DANFORTH AVE,GLEDHILL AVE,1.0,Intersection,Traffic Signal,Clear,Dark,Dry,Non-Fatal Injury,Pedestrian Collisions,-79.3085,43.6865,June,Sunday
8001028038,Motorcycle Driver,30 to 34,4.0,Motorcycle,,,,2018,2018-06-06,2257,22,KINGSTON RD,RIDGEMOOR AVE,1.0,Mid-Block,Traffic Controller,Clear,"Daylight, artificial",Dry,Non-Fatal Injury,Rear End,-79.2515,43.7058,June,Wednesday
8001034649,Driver,50 to 54,3.0,Pick Up Truck,,,,2018,2018-06-07,2128,21,BLACKTHORN AVE,ST CLAIR AVE W,4.0,Mid-Block,No Control,Clear,"Dark, artificial",Dry,Non-Fatal Injury,Cyclist Collisions,-79.4587,43.6747,June,Thursday
8001058392,Driver,25 to 29,1.0,Pick Up Truck,Yes,Yes,,2018,2018-06-11,1500,15,DUFFERIN ST,BRIAR HILL AVE,1.0,Intersection,Traffic Signal,Clear,Daylight,Dry,Fatal,Pedestrian Collisions,-79.452,43.7022,June,Monday
8001058650,Driver,80 to 84,1.0,"Automobile, Station Wagon",,,,2018,2018-06-11,1537,15,MCROBERTS AVE,INNES AVE,4.0,Intersection,Stop Sign,Clear,Daylight,Dry,Non-Fatal Injury,Pedestrian Collisions,-79.4558,43.6812,June,Monday
8001059223,Motorcycle Driver,unknown,1.0,Motorcycle,,,,2018,2018-06-11,1700,17,ROYAL YORK  RD,DARTMOUTH  CRES,3.0,Mid-Block,No Control,Clear,Daylight,Dry,Non-Fatal Injury,Cyclist Collisions,-79.4938,43.6053,June,Monday
8001064286,Truck Driver,65 to 69,1.0,Truck - Open,,,,2018,2018-06-12,1204,12,ST GEORGE ST,BLOOR ST W,1.0,Intersection,Traffic Signal,Clear,Daylight,Dry,Fatal,Cyclist Collisions,-79.3997,43.6674,June,Tuesday
8001067265,Driver,70 to 74,4.0,"Automobile, Station Wagon",,,,2018,2018-06-12,1945,19,LAWRENCE AVE E,GALLOWAY RD,1.0,Mid-Block,No Control,Clear,Daylight,Dry,Non-Fatal Injury,Pedestrian Collisions,-79.1955,43.7662,June,Tuesday
8001071783,Driver,45 to 49,1.0,Municipal Transit Bus (TTC),,,,2018,2018-06-13,1241,12,CRESCENT RD,MOUNT PLEASANT RD,1.0,Mid-Block,No Control,Clear,Daylight,Dry,Non-Fatal Injury,Other,-79.3805,43.6782,June,Wednesday
8001076637,Driver,55 to 59,1.0,Municipal Transit Bus (TTC),,,,2018,2018-06-14,154,1,430 ROYAL YORK RD,,3.0,Intersection,No Control,Clear,"Dark, artificial",Dry,Non-Fatal Injury,Pedestrian Collisions,-79.5002,43.6206,June,Thursday
8001077165,Motorcycle Driver,55 to 59,2.0,Motorcycle,,,,2018,2018-06-14,558,5,ST CLAIR AVE E,DANFORTH RD,1.0,Intersection,Traffic Signal,Clear,Daylight,Dry,Fatal,Turning Movement,-79.2598,43.7167,June,Thursday
8001078053,Driver,50 to 54,1.0,"Automobile, Station Wagon",,,,2018,2018-06-14,905,9,CAMERON AVE,YONGE ST,1.0,Intersection,Stop Sign,Clear,Daylight,Dry,Non-Fatal Injury,Pedestrian Collisions,-79.4098,43.7572,June,Thursday
8001081100,Motorcycle Driver,25 to 29,4.0,Motorcycle,,Yes,,2018,2018-06-14,1645,16,EGLINTON AVE W,JANE ST,1.0,Intersection,Traffic Signal,Clear,Daylight,Dry,Non-Fatal Injury,Turning Movement,-79.4987,43.6844,June,Thursday
8001089353,Driver,20 to 24,1.0,"Automobile, Station Wagon",,,,2018,2018-06-15,1928,19,5951 STEELES AVE E,,1.0,Intersection,Traffic Signal,Clear,Daylight,Dry,Non-Fatal Injury,Pedestrian Collisions,-79.257,43.8351,June,Friday
8001095116,Cyclist,20 to 24,4.0,Bicycle,,,,2018,2018-06-16,1550,15,LEA AVE,LAIRD DR,1.0,Intersection,No Control,Clear,Daylight,Dry,Non-Fatal Injury,Cyclist Collisions,-79.3617,43.706,June,Saturday
8001102397,Driver,45 to 49,1.0,"Automobile, Station Wagon",,,,2018,2018-06-17,1810,18,285 OAKWOOD AVE,,3.0,Mid-Block,No Control,Clear,Daylight,Dry,Non-Fatal Injury,Turning Movement,-79.4376,43.6844,June,Sunday
8001105642,Driver,65 to 69,4.0,Pick Up Truck,,,,2018,2018-06-18,844,8,KIPLING  AVE,BLOOR ST W,1.0,Mid-Block,No Control,Clear,Daylight,Dry,Non-Fatal Injury,Approaching,-79.5355,43.6422,June,Monday
8001108986,Driver,25 to 29,4.0,"Automobile, Station Wagon",,,,2018,2018-06-18,1720,17,26 HOMEWOOD AVE,,4.0,Mid-Block,No Control,Clear,Daylight,Dry,Non-Fatal Injury,SMV Other,-79.4198,43.7907,June,Monday
8001113536,Motorcycle Driver,55 to 59,4.0,Motorcycle,,,,2018,2018-06-19,1105,11,STEELES AVE W,HIGHWAY 400  S,1.0,Mid-Block,No Control,Clear,Daylight,Dry,Non-Fatal Injury,Rear End,-79.5383,43.7718,June,Tuesday
8001115863,Driver,45 to 49,4.0,"Automobile, Station Wagon",,,,2018,2018-06-19,1700,17,MADAWASKA AVE,WILLOWDALE AVE,3.0,Intersection,Stop Sign,Clear,Daylight,Dry,Non-Fatal Injury,Angle,-79.4127,43.795,June,Tuesday
8001115979,Driver,55 to 59,5.0,"Automobile, Station Wagon",Yes,,,2018,2018-06-19,1717,17,ANNETTE ST,QUEBEC AVE,3.0,Intersection,Stop Sign,Clear,Daylight,Dry,Non-Fatal Injury,Angle,-79.4707,43.6624,June,Tuesday
8001118177,Driver,20 to 24,1.0,"Automobile, Station Wagon",,,,2018,2018-06-20,12,0,HIGHWAY 27  N,ALBION RD,1.0,Mid-Block,No Control,Clear,"Dark, artificial",Dry,Non-Fatal Injury,Pedestrian Collisions,-79.6069,43.7429,June,Wednesday
8001122394,Passenger,20 to 24,1.0,,,,,2018,2018-06-20,1535,15,3930 LAWRENCE AVE E,,1.0,Intersection,No Control,Clear,Daylight,Dry,Non-Fatal Injury,Pedestrian Collisions,-79.2056,43.7639,June,Wednesday
8001135358,Motorcycle Driver,60 to 64,4.0,Motorcycle,,,,2018,2018-06-22,1240,12,1196 WILSON AVE,,1.0,Mid-Block,No Control,Clear,Daylight,Dry,Non-Fatal Injury,Turning Movement,-79.4886,43.725,June,Friday
8001139262,Driver,25 to 29,4.0,"Automobile, Station Wagon",Yes,,,2018,2018-06-22,2314,23,RICHMOND ST E,PARLIAMENT ST,1.0,Intersection,Traffic Signal,Rain,"Dark, artificial",Wet,Non-Fatal Injury,Angle,-79.3639,43.6544,June,Friday
8001139580,Driver,35 to 39,4.0,"Automobile, Station Wagon",,,,2018,2018-06-23,15,0,MORNINGSIDE AVE,MILNER AVE,1.0,Intersection,Traffic Signal,Clear,Dark,Wet,Non-Fatal Injury,Turning Movement,-79.199,43.8002,June,Saturday
8001139682,Driver,30 to 34,1.0,"Automobile, Station Wagon",,,Yes,2018,2018-06-23,36,0,MARKHAM RD,BRIMORTON DR,1.0,Intersection,Traffic Signal,Rain,"Dark, artificial",Wet,Non-Fatal Injury,SMV Other,-79.2306,43.7734,June,Saturday
8001140010,Driver,unknown,1.0,"Automobile, Station Wagon",Yes,,,2018,2018-06-23,205,2,FINCH AVE W,TOBERMORY DR,1.0,Intersection,Traffic Signal,Rain,"Dark, artificial",Wet,Non-Fatal Injury,Pedestrian Collisions,-79.5078,43.7592,June,Saturday
8001142339,Driver,50 to 54,1.0,"Automobile, Station Wagon",,,,2018,2018-06-23,1259,12,EGLINTON AVE W,CASTLE KNOCK RD,1.0,Intersection,Traffic Signal,Rain,Daylight,Wet,Fatal,Pedestrian Collisions,-79.4116,43.7038,June,Saturday
8001149979,Driver,25 to 29,1.0,Delivery Van,,,,2018,2018-06-24,1740,17,WELLINGTON ST E,YONGE ST,1.0,Intersection,Traffic Signal,Clear,"Daylight, artificial",Dry,Non-Fatal Injury,Pedestrian Collisions,-79.3773,43.6477,June,Sunday
8001165906,Driver,45 to 49,1.0,"Automobile, Station Wagon",,,,2018,2018-06-27,100,1,DUFFERIN ST,JANE OSLER BLVD,1.0,Intersection,No Control,Clear,"Dark, artificial",Dry,Non-Fatal Injury,Pedestrian Collisions,-79.457,43.7246,June,Wednesday
8001174329,Driver,70 to 74,1.0,"Automobile, Station Wagon",,,,2018,2018-06-28,1024,10,BAYVIEW S 401 C W RAMP,BAYVIEW AVE,9.0,Mid-Block,No Control,Clear,Daylight,Dry,Non-Fatal Injury,Pedestrian Collisions,-79.3879,43.7636,June,Thursday
8001177346,Motorcycle Driver,50 to 54,4.0,Motorcycle,,,,2018,2018-06-28,1803,18,MOUNT PLEASANT RD,CRESCENT RD,1.0,Intersection,Traffic Controller,Clear,Daylight,Dry,Non-Fatal Injury,SMV Other,-79.3806,43.6782,June,Thursday
8001178233,Driver,35 to 39,4.0,"Automobile, Station Wagon",,,,2018,2018-06-28,2020,20,811 DANFORTH AVE,,1.0,Mid-Block,No Control,Clear,Daylight,Dry,Non-Fatal Injury,Cyclist Collisions,-79.341,43.6796,June,Thursday
8001178927,Cyclist,55 to 59,4.0,Bicycle,,,,2018,2018-06-28,2234,22,VICTORIA PARK AVE,FARMCREST  DR,1.0,Intersection,No Control,Clear,"Dark, artificial",Dry,Non-Fatal Injury,Cyclist Collisions,-79.3211,43.771,June,Thursday
8001179636,Driver,25 to 29,3.0,"Automobile, Station Wagon",Yes,,,2018,2018-06-29,123,1,STEELES AVE W,KIPLING AVE,1.0,Intersection,Traffic Signal,Clear,"Dark, artificial",Dry,Fatal,Pedestrian Collisions,-79.5898,43.7595,June,Friday
8001185934,Driver,55 to 59,5.0,"Automobile, Station Wagon",,,Yes,2018,2018-06-29,2215,22,PACIFIC AVE,DUNDAS ST W,1.0,Intersection,Traffic Signal,Clear,"Dark, artificial",Dry,Non-Fatal Injury,Pedestrian Collisions,-79.4685,43.6653,June,Friday
8001217493,Driver,70 to 74,4.0,"Automobile, Station Wagon",Yes,,,2018,2018-07-04,1720,17,DANFORTH RD,CARSLAKE CRES,1.0,Intersection,No Control,Clear,Daylight,Dry,Non-Fatal Injury,Approaching,-79.2445,43.7462,July,Wednesday
8001218664,Driver,25 to 29,1.0,"Automobile, Station Wagon",,,,2018,2018-07-04,2043,20,RAVENCLIFF CRES,BATTERSWOOD DR,4.0,Mid-Block,No Control,Clear,"Daylight, artificial",Wet,Non-Fatal Injury,Other,-79.3176,43.7789,July,Wednesday
8001221845,Driver,20 to 24,1.0,Street Car,,,,2018,2018-07-05,1030,10,917 QUEEN ST W,,1.0,Mid-Block,No Control,Clear,Daylight,Dry,Non-Fatal Injury,Cyclist Collisions,-79.4123,43.6454,July,Thursday