ACCNUM,INVTYPE,INVAGE,INJURY_ID,VEHTYPE,SPEEDING,REDLIGHT,ALCOHOL,YEAR,DATE,TIME,HOUR,STREET1,STREET2,ROAD_CLASS_ID,LOCCOORD,TRAFFCTL,VISIBILITY,LIGHT,RDSFCOND,ACCLASS,IMPACTYPE,Longitude,Latitude,Month,Day_of_Week
8001223082,Pedestrian,30 to 34,4.0,,,,,2018,2018-07-05,830,8,WESTON RD,KING ST,3.0,Mid-Block,No Control,Clear,Daylight,Dry,Non-Fatal Injury,Pedestrian Collisions,-79.52,43.7011,July,Thursday
8001226350,Truck Driver,75 to 79,1.0,Truck-Tractor,Yes,,,2018,2018-07-05,2235,22,RENFORTH DR,HWY 401 WB ON RAMP AVE,1.0,Intersection,Traffic Signal,Clear,"Dark, artificial",Dry,Non-Fatal Injury,Turning Movement,-79.5915,43.6693,July,Thursday
8001252382,Passenger,20 to 24,4.0,,Yes,,,2018,2018-07-09,2148,21,LN W HURON N BERNARD,BERNARD AVE,7.0,Mid-Block,No Control,Clear,"Dark, artificial",Dry,Non-Fatal Injury,Pedestrian Collisions,-79.4045,43.6731,July,Monday
8001252744,Driver,50 to 54,1.0,"Automobile, Station Wagon",,,,2018,2018-07-09,2302,23,LAWRENCE AVE E,KENNEDY RD,1.0,Intersection,Traffic Signal,Clear,"Dark, artificial",Dry,Non-Fatal Injury,Pedestrian Collisions,-79.2748,43.7494,July,Monday
8001264786,Driver,45 to 49,1.0,"Automobile, Station Wagon",,,,2018,2018-07-11,1720,17,RATHBURN  RD,RENFORTH DR,3.0,Intersection,Traffic Signal,Clear,Daylight,Dry,Non-Fatal Injury,Turning Movement,-79.5794,43.6513,July,Wednesday
8001265172,Motorcycle Driver,55 to 59,1.0,Motorcycle,,,,2018,2018-07-11,1820,18,WILSON AVE,AVENUE RD,1.0,Intersection,Traffic Signal,Clear,Daylight,Dry,Non-Fatal Injury,Pedestrian Collisions,-79.4216,43.7397,July,Wednesday
8001275127,Driver,75 to 79,1.0,"Automobile, Station Wagon",,,,2018,2018-07-13,740,7,FRITH RD,ROSEGLEN CRES,4.0,Mid-Block,No Control,Clear,Daylight,Dry,Non-Fatal Injury,Pedestrian Collisions,-79.5157,43.7461,July,Friday
8001280273,Motorcycle Driver,30 to 34,4.0,Motorcycle,,,,2018,2018-07-13,2121,21,TRETHEWEY DR,YORKTOWN  DR,3.0,Intersection,Stop Sign,Clear,"Dark, artificial",Dry,Non-Fatal Injury,Angle,-79.4772,43.6923,July,Friday
8001284576,Driver,25 to 29,1.0,Pick Up Truck,,,,2018,2018-07-14,1457,14,LAWRENCE AVE W,BENTON RD,1.0,Intersection,Traffic Signal,Clear,Daylight,Dry,Non-Fatal Injury,Pedestrian Collisions,-79.4718,43.7102,July,Saturday
8001299322,Cyclist,35 to 39,4.0,Bicycle,,,,2018,2018-07-16,1928,19,DUNDAS ST E,PARLIAMENT ST,1.0,Intersection,Traffic Signal,Clear,Daylight,Dry,Non-Fatal Injury,Cyclist Collisions,-79.3659,43.6593,July,Monday
8001304642,Cyclist,60 to 64,4.0,Bicycle,,,,2018,2018-07-17,1506,15,WARDEN AVE,CIVIC RD,1.0,Intersection,Stop Sign,Clear,Daylight,Dry,Non-Fatal Injury,Cyclist Collisions,-79.2872,43.7268,July,Tuesday
8001315456,Driver,unknown,1.0,"Automobile, Station Wagon",,,,2018,2018-07-18,259,2,JOHN ST,STEPHANIE ST,4.0,Intersection,No Control,Clear,"Dark, artificial",Dry,Non-Fatal Injury,Pedestrian Collisions,-79.3916,43.6511,July,Wednesday
8001315928,Driver,45 to 49,1.0,"Automobile, Station Wagon",,,,2018,2018-07-19,711,7,BROADVIEW AVE,TORRENS AVE,3.0,Intersection,Pedestrian Crossover,Clear,Daylight,Dry,Non-Fatal Injury,Pedestrian Collisions,-79.3551,43.6902,July,Thursday
8001330497,Driver,65 to 69,4.0,"Automobile, Station Wagon",Yes,,,2018,2018-07-21,529,5,DUPONT ST,OSLER ST,1.0,Intersection,No Control,Clear,"Dawn, artificial",Dry,Non-Fatal Injury,SMV Other,-79.4565,43.6644,July,Saturday
8001333226,Passenger,70 to 74,3.0,,,,,2018,2018-07-21,1548,15,DON MILLS  RD,THE DONWAY W,1.0,Intersection,Traffic Signal,Clear,Daylight,Dry,Non-Fatal Injury,Turning Movement,-79.342,43.7321,July,Saturday
8001340896,Motorcycle Driver,20 to 24,4.0,Motorcycle,,,,2018,2018-07-22,2046,20,ELLESMERE RD,SCARBOROUGH GOLF CLUB RD,1.0,Intersection,No Control,Clear,"Dark, artificial",Dry,Non-Fatal Injury,SMV Other,-79.2221,43.7784,July,Sunday
8001352624,Driver,60 to 64,1.0,"Automobile, Station Wagon",,,,2018,2018-07-24,1505,15,ELIZABETH ST,GERRARD ST W,3.0,Intersection,Traffic Signal,Clear,Daylight,Dry,Non-Fatal Injury,Pedestrian Collisions,-79.3863,43.6581,July,Tuesday
8001355778,Driver,20 to 24,2.0,"Automobile, Station Wagon",Yes,,,2018,2018-07-25,45,0,DORIS AVE,HOLMES AVE,3.0,Mid-Block,No Control,Clear,"Dark, artificial",Wet,Fatal,SMV Other,-79.413,43.7776,July,Wednesday
8001362922,Truck Driver,35 to 39,1.0,Truck - Dump,,,,2018,2018-07-26,58,0,EGLINTON AVE W,MARLEE AVE,1.0,Intersection,Traffic Signal,Clear,Dark,Dry,Fatal,Pedestrian Collisions,-79.4393,43.6979,July,Thursday
8001367293,Driver,45 to 49,1.0,"Automobile, Station Wagon",,,,2018,2018-07-26,1515,15,OSSINGTON  AVE,GEARY AVE,3.0,Intersection,No Control,Rain,"Daylight, artificial",Wet,Non-Fatal Injury,Cyclist Collisions,-79.4295,43.6713,July,Thursday
8001384948,Driver,unknown,1.0,"Automobile, Station Wagon",,,,2018,2018-07-29,330,3,KEELE ST,FINCH AVE W,1.0,Intersection,Traffic Signal,Clear,Daylight,Dry,Non-Fatal Injury,Pedestrian Collisions,-79.491,43.7634,July,Sunday
8001386062,Motorcycle Driver,45 to 49,2.0,Motorcycle,,,,2018,2018-07-29,1029,10,144 NORSEMAN ST,,2.0,Mid-Block,No Control,Clear,Daylight,Dry,Fatal,SMV Other,-79.52,43.6338,July,Sunday
8001389602,Driver,60 to 64,1.0,"Automobile, Station Wagon",,,,2018,2018-07-29,2122,21,LAKE SHORE BLVD E,WINNERS CRCL,1.0,Mid-Block,No Control,Clear,Dark,Dry,Non-Fatal Injury,Pedestrian Collisions,-79.3077,43.6637,July,Sunday
8001393342,Driver,40 to 44,4.0,"Automobile, Station Wagon",,,,2018,2018-07-30,1238,12,100 MCLEVIN AVE,,3.0,Mid-Block,No Control,Clear,Daylight,Dry,Non-Fatal Injury,Turning Movement,-79.2363,43.8007,July,Monday
8001394045,Driver,35 to 39,1.0,Delivery Van,,,,2018,2018-07-30,1427,14,WARDEN AVE,FAIRFAX CRES,1.0,Intersection,Traffic Signal,Clear,Daylight,Dry,Fatal,Pedestrian Collisions,-79.2827,43.7161,July,Monday
8001395482,Driver,40 to 44,1.0,"Automobile, Station Wagon",,,,2018,2018-07-30,1755,17,STEELES AVE W,YONGE ST,1.0,Mid-Block,No Control,Clear,Daylight,Dry,Non-Fatal Injury,Pedestrian Collisions,-79.4226,43.7973,July,Monday
8001397714,Motorcycle Driver,25 to 29,4.0,Motorcycle,Yes,,,2018,2018-07-31,150,1,WESTON RD,WRIGHT AVE,3.0,Mid-Block,No Control,Clear,"Dark, artificial",Dry,Non-Fatal Injury,SMV Unattended Vehicle,-79.5103,43.6979,July,Tuesday
8001410781,Driver,15 to 19,1.0,"Automobile, Station Wagon",,,,2018,2018-08-01,2100,21,JANE ST,GRANDRAVINE DR,1.0,Intersection,Traffic Signal,Clear,"Dark, artificial",Dry,Non-Fatal Injury,Pedestrian Collisions,-79.515,43.747,August,Wednesday
8001423637,Driver,50 to 54,1.0,"Automobile, Station Wagon",,,,2018,2018-08-03,1653,16,MORECAMBE GT,VICTORIA PARK AVE,1.0,Intersection,Traffic Signal,Clear,Daylight,Dry,Non-Fatal Injury,Pedestrian Collisions,-79.3335,43.7979,August,Friday
8001425154,Driver,45 to 49,1.0,"Automobile, Station Wagon",,,,2018,2018-08-03,2127,21,SHEPPARD AVE E,SHAUGHNESSY BLVD,1.0,Intersection,Traffic Signal,Clear,"Dark, artificial",Dry,Non-Fatal Injury,Pedestrian Collisions,-79.3532,43.7736,August,Friday
8001429448,Motorcycle Driver,20 to 24,4.0,Motorcycle,,,,2018,2018-08-04,1425,14,FINCHDENE SQ,FINCH AVE E,3.0,Intersection,Traffic Signal,Clear,Daylight,Dry,Non-Fatal Injury,SMV Other,-79.2314,43.8153,August,Saturday
8001431981,Driver,55 to 59,1.0,Delivery Van,,,,2018,2018-08-04,2137,21,123 CALEDONIA  RD,,3.0,Mid-Block,No Control,Clear,"Dark, artificial",Dry,Non-Fatal Injury,Pedestrian Collisions,-79.4562,43.6788,August,Saturday
8001440552,Driver,65 to 69,1.0,"Automobile, Station Wagon",,,,2018,2018-08-06,914,9,CLAREMORE AVE,CRAIGLEE DR,4.0,Intersection,Stop Sign,Clear,Daylight,Dry,Fatal,Pedestrian Collisions,-79.2547,43.7061,August,Monday
8001441387,Truck Driver,50 to 54,1.0,"Truck - Closed (Blazer, etc)",,,,2018,2018-08-06,1207,12,QUEEN ST W,DUNN AVE,1.0,Intersection,Traffic Signal,Clear,Daylight,Dry,Non-Fatal Injury,Pedestrian Collisions,-79.4344,43.6409,August,Monday
8001446568,Driver,50 to 54,3.0,"Automobile, Station Wagon",,,,2018,2018-08-07,900,9,DOVERCOURT RD,BLOOR ST W,1.0,Intersection,Traffic Signal,Clear,Daylight,Dry,Non-Fatal Injury,Turning Movement,-79.4293,43.661,August,Tuesday
8001453091,Driver,45 to 49,1.0,Fire Vehicle,,,,2018,2018-08-08,244,2,QUEEN ST W,BELLWOODS AVE,1.0,Intersection,No Control,Rain,"Dark, artificial",Wet,Non-Fatal Injury,Pedestrian Collisions,-79.4107,43.6457,August,Wednesday
8001460468,Driver,55 to 59,1.0,"Automobile, Station Wagon",,,,2018,2018-08-09,50,0,HIGHWAY 2A  W,HIGHLAND CREEK OVERPASS,8.0,Mid-Block,No Control,Clear,Dark,Dry,Fatal,Pedestrian Collisions,-79.1646,43.7849,August,Thursday
8001463987,Driver,30 to 34,1.0,"Automobile, Station Wagon",,,,2018,2018-08-09,1415,14,REXDALE BLVD,BERGAMOT AVE,1.0,Intersection,Traffic Signal,Clear,Daylight,Dry,Non-Fatal Injury,Turning Movement,-79.5596,43.7132,August,Thursday
8001469544,Driver,20 to 24,1.0,"Automobile, Station Wagon",,,,2018,2018-08-10,1038,10,KINGSTON RD,SOUTHWOOD DR,1.0,Intersection,Traffic Signal,Clear,Daylight,Dry,Non-Fatal Injury,Pedestrian Collisions,-79.2979,43.6788,August,Friday
8001473575,Motorcycle Driver,70 to 74,2.0,Motorcycle,,Yes,,2018,2018-08-10,2055,20,BELLAMY RD N,BRIMORTON DR,3.0,Intersection,Traffic Signal,Clear,Daylight,Dry,Fatal,Angle,-79.2391,43.7673,August,Friday
8001478093,Driver,45 to 49,3.0,"Automobile, Station Wagon",,,,2018,2018-08-11,1420,14,EGLINTON AVE W,SCARLETT RD,1.0,Intersection,Traffic Signal,Clear,Daylight,Dry,Non-Fatal Injury,Pedestrian Collisions,-79.5114,43.6838,August,Saturday
8001481293,Motorcycle Driver,30 to 34,4.0,Motorcycle,Yes,,,2018,2018-08-12,26,0,DUFFERIN ST,GIBSON ST,1.0,Mid-Block,No Control,Clear,"Dark, artificial",Dry,Non-Fatal Injury,Approaching,-79.4478,43.6897,August,Sunday
8001484332,Cyclist,30 to 34,4.0,Bicycle,,,,2018,2018-08-12,1430,14,CHUDLEIGH RD,HARVIE AVE,4.0,Intersection,Stop Sign,Clear,Daylight,Dry,Non-Fatal Injury,Cyclist Collisions,-79.4548,43.6886,August,Sunday
8001489549,Driver,50 to 54,5.0,"Automobile, Station Wagon",,,,2018,2018-08-13,1039,10,PETHERHILL  AVE,WILSON AVE,4.0,Mid-Block,No Control,Clear,Daylight,Dry,Non-Fatal Injury,SMV Unattended Vehicle,-79.4908,43.7233,August,Monday
8001494074,Pedestrian,45 to 49,4.0,,,,,2018,2018-08-13,2301,23,NINTH ST,TENTH ST,4.0,Intersection,No Control,Clear,Dark,Dry,Non-Fatal Injury,Pedestrian Collisions,-79.5079,43.601,August,Monday
8001498021,Driver,30 to 34,4.0,"Automobile, Station Wagon",Yes,,,2018,2018-08-14,1443,14,KNOB HILL DR,OAK ST,2.0,Mid-Block,No Control,Clear,Daylight,Dry,Non-Fatal Injury,Turning Movement,-79.5323,43.7092,August,Tuesday
8001506875,Driver,70 to 74,4.0,"Automobile, Station Wagon",,,,2018,2018-08-15,1914,19,DUFFERIN ST,DUFFERIN PARK AVE,1.0,Mid-Block,No Control,Clear,Daylight,Dry,Non-Fatal Injury,SMV Other,-79.4339,43.6561,August,Wednesday
8001512528,Driver,85 to 89,2.0,Passenger Van,,,,2018,2018-08-16,1555,15,LESLIE ST,EGLINTON AVE E,1.0,Intersection,Stop Sign,Clear,Daylight,Dry,Fatal,Turning Movement,-79.3503,43.7185,August,Thursday
8001518550,Motorcycle Driver,50 to 54,4.0,Motorcycle,,,,2018,2018-08-17,1410,14,QUEEN ST W,SIMCOE ST,1.0,Intersection,No Control,Clear,Daylight,Wet,Non-Fatal Injury,SMV Other,-79.3874,43.6505,August,Friday
8001522708,Driver,25 to 29,1.0,"Automobile, Station Wagon",,,,2018,2018-08-18,223,2,315 UNWIN AVE,,4.0,Mid-Block,No Control,Clear,"Dark, artificial",Wet,Non-Fatal Injury,Pedestrian Collisions,-79.3402,43.6425,August,Saturday
8001529236,Driver,30 to 34,1.0,"Automobile, Station Wagon",,,,2018,2018-08-19,459,4,DANFORTH AVE,ROSEHEATH AVE,1.0,Intersection,No Control,Clear,"Dark, artificial",Dry,Non-Fatal Injury,Turning Movement,-79.3181,43.6844,August,Sunday
8001531985,Driver,20 to 24,1.0,"Automobile, Station Wagon",,,,2018,2018-08-19,1543,15,DUNDAS ST W,AUGUSTA AVE,1.0,Intersection,No Control,Clear,Daylight,Dry,Non-Fatal Injury,Cyclist Collisions,-79.4011,43.6522,August,Sunday
8001538973,Passenger,45 to 49,1.0,,Yes,Yes,,2018,2018-08-20,1616,16,THE WESTWAY,WINCOTT DR,3.0,Intersection,Traffic Signal,Clear,Daylight,Dry,Non-Fatal Injury,Angle,-79.5497,43.6873,August,Monday
8001540104,Driver,55 to 59,1.0,Municipal Transit Bus (TTC),,,,2018,2018-08-20,1918,19,O CONNOR DR,WOODMOUNT AVE,1.0,Intersection,No Control,Clear,Daylight,Dry,Non-Fatal Injury,Pedestrian Collisions,-79.3213,43.6994,August,Monday
8001542376,Driver,unknown,1.0,"Automobile, Station Wagon",,,,2018,2018-08-21,630,6,KEELE STREET,STEELES AVENUE WEST,1.0,Intersection,Traffic Signal,Clear,"Dawn, artificial",Dry,Non-Fatal Injury,Pedestrian Collisions,-79.4944,43.7815,August,Tuesday
8001547811,Driver,30 to 34,1.0,"Automobile, Station Wagon",,,,2018,2018-08-21,2300,23,BLOOR ST W,MADISON AVE,1.0,Intersection,No Control,Clear,"Dark, artificial",Dry,Non-Fatal Injury,Turning Movement,-79.4026,43.6668,August,Tuesday
8001547856,Driver,15 to 19,4.0,"Automobile, Station Wagon",Yes,,,2018,2018-08-21,2311,23,109 DOWNSVIEW  AVE,,4.0,Mid-Block,No Control,Rain,"Dark, artificial",Wet,Non-Fatal Injury,SMV Other,-79.5002,43.72,August,Tuesday
8001556477,Driver,unknown,1.0,"Automobile, Station Wagon",,,,2018,2018-08-23,909,9,WARWICK AVE,CHILTERN HILL RD,4.0,Mid-Block,No Control,Clear,Daylight,Dry,Non-Fatal Injury,Rear End,-79.4258,43.6951,August,Thursday
8001558608,Driver,70 to 74,1.0,"Automobile, Station Wagon",,,,2018,2018-08-23,1455,14,FIRGROVE CRES,JANE ST,1.0,Intersection,Traffic Signal,Clear,Daylight,Dry,Non-Fatal Injury,Pedestrian Collisions,-79.517,43.7547,August,Thursday
8001561276,Driver,55 to 59,1.0,"Automobile, Station Wagon",,,,2018,2018-08-23,2235,22,ISLINGTON AVE,EVANS AVE,1.0,Intersection,Traffic Signal,Clear,"Dark, artificial",Dry,Non-Fatal Injury,Turning Movement,-79.5112,43.6183,August,Thursday
8001565696,Driver,55 to 59,1.0,"Automobile, Station Wagon",,,,2018,2018-08-24,1520,15,4331 KINGSTON RD,,1.0,Mid-Block,No Control,Clear,Daylight,Dry,Non-Fatal Injury,Pedestrian Collisions,-79.1922,43.7646,August,Friday
8001570901,Driver,35 to 39,5.0,"Automobile, Station Wagon",,,,2018,2018-08-25,1100,11,DIXON RD,MARTIN GROVE RD,1.0,Intersection,Traffic Signal,Clear,Daylight,Dry,Non-Fatal Injury,Turning Movement,-79.5707,43.6915,August,Saturday
8001571012,Driver - Not Hit,unknown,,"Automobile, Station Wagon",,,,2018,2018-08-25,1112,11,5825 YONGE ST,,1.0,Mid-Block,No Control,Clear,Daylight,Dry,Non-Fatal Injury,Other,-79.417,43.7858,August,Saturday
8001574808,Driver,45 to 49,1.0,Passenger Van,,,,2018,2018-08-25,2300,23,CHURCH ST,CROSS ST,2.0,Intersection,No Control,Clear,"Dark, artificial",Dry,Non-Fatal Injury,Cyclist Collisions,-79.5239,43.7037,August,Saturday
8001595104,Driver,30 to 34,1.0,"Automobile, Station Wagon",,,,2018,2018-08-28,2341,23,KEELE ST,GLENLAKE AVE,1.0,Mid-Block,No Control,Clear,"Dark, artificial",Dry,Non-Fatal Injury,Pedestrian Collisions,-79.4617,43.6589,August,Tuesday
8001595420,Driver,20 to 24,4.0,"Automobile, Station Wagon",Yes,,,2018,2018-08-29,115,1,PHARMACY AVE,DORINE CRES,3.0,Mid-Block,No Control,Clear,"Dark, artificial",Dry,Non-Fatal Injury,SMV Other,-79.2922,43.713,August,Wednesday
8001600081,Motorcycle Driver,unknown,1.0,Motorcycle,,,,2018,2018-08-29,1725,17,ISLINGTON AVE,AYLESBURY RD,1.0,Intersection,No Control,Clear,Daylight,Dry,Non-Fatal Injury,Pedestrian Collisions,-79.5329,43.6663,August,Wednesday
8001610788,Driver,70 to 74,4.0,Delivery Van,,,,2018,2018-08-31,852,8,330 KINGSTON RD,,1.0,Mid-Block,No Control,Clear,Daylight,Dry,Non-Fatal Injury,Rear End,-79.3069,43.6746,August,Friday
8001610872,Driver,85 to 89,5.0,"Automobile, Station Wagon",,,,2018,2018-08-31,911,9,EGLINTON AVE W,ROYAL YORK RD,1.0,Intersection,Traffic Signal,Clear,Daylight,Dry,Non-Fatal Injury,Turning Movement,-79.5265,43.6822,August,Friday
8001616700,Driver,20 to 24,5.0,Pick Up Truck,,,Yes,2018,2018-09-01,319,3,KEELE ST,DOVEHOUSE AV,1.0,Mid-Block,No Control,Clear,"Dark, artificial",Dry,Non-Fatal Injury,Approaching,-79.4875,43.7496,September,Saturday
8001625092,Driver,55 to 59,1.0,Pick Up Truck,Yes,,,2018,2018-09-02,1346,13,DUPONT ST,LANSDOWNE AVE,1.0,Intersection,Traffic Signal,Clear,Daylight,Dry,Non-Fatal Injury,Turning Movement,-79.4464,43.6666,September,Sunday
8001626185,Driver,40 to 44,1.0,"Automobile, Station Wagon",,,,2018,2018-09-02,1712,17,MARKHAM RD,STEELES AVE E,1.0,Intersection,No Control,Clear,"Daylight, artificial",Wet,Non-Fatal Injury,Rear End,-79.2511,43.8365,September,Sunday
8001631452,Driver,30 to 34,3.0,"Automobile, Station Wagon",,Yes,,2018,2018-09-03,1522,15,AVENUE RD,CHAPLIN CRES,1.0,Intersection,Traffic Signal,Clear,Daylight,Dry,Non-Fatal Injury,Angle,-79.4061,43.6987,September,Monday
8001632520,Motorcycle Driver,45 to 49,4.0,Motorcycle,,,,2018,2018-09-03,1902,19,SHEPPARD AVE E,WATER TOWER GT,1.0,Mid-Block,No Control,Clear,Daylight,Dry,Non-Fatal Injury,SMV Other,-79.1913,43.8038,September,Monday
8001644149,,unknown,,"Truck - Closed (Blazer, etc)",,,,2018,2018-09-05,1405,14,TWENTY SIXTH ST,LABURNHAM AVE,4.0,Mid-Block,No Control,Clear,Daylight,Dry,Fatal,Pedestrian Collisions,-79.5256,43.5993,September,Wednesday
8001644533,Driver,40 to 44,1.0,Pick Up Truck,,,,2018,2018-09-05,1500,15,OLD WESTON RD,JUNCTION RD,2.0,Intersection,No Control,Clear,Daylight,Dry,Non-Fatal Injury,Pedestrian Collisions,-79.4616,43.6687,September,Wednesday
8001647335,Driver,40 to 44,4.0,Passenger Van,,,,2018,2018-09-05,2218,22,2592 FINCH AVE W,,1.0,Mid-Block,No Control,Clear,"Dark, artificial",Dry,Non-Fatal Injury,Angle,-79.5615,43.7478,September,Wednesday
8001649781,Driver,65 to 69,1.0,"Automobile, Station Wagon",,,,2018,2018-09-06,1027,10,POST RD,BAYVIEW AVE,2.0,Mid-Block,No Control,Clear,Daylight,Dry,Non-Fatal Injury,Rear End,-79.381,43.7364,September,Thursday
8001650518,Driver,20 to 24,1.0,"Automobile, Station Wagon",,,,2018,2018-09-06,1225,12,DUPONT ST,DUFFERIN ST,1.0,Mid-Block,No Control,Clear,Daylight,Dry,Non-Fatal Injury,Turning Movement,-79.4402,43.6683,September,Thursday
8001650785,Cyclist,30 to 34,4.0,Bicycle,,,,2018,2018-09-06,1310,13,ANTHONY RD,NAJIB ABBOUD LANE,4.0,Mid-Block,No Control,Clear,Daylight,Dry,Non-Fatal Injury,Cyclist Collisions,-79.4593,43.7306,September,Thursday
8001653005,Driver,unknown,1.0,Pick Up Truck,,,,2018,2018-08-02,1300,13,BLOOR ST W,OSSINGTON AVE,1.0,Mid-Block,No Control,Clear,Daylight,Dry,Non-Fatal Injury,Cyclist Collisions,-79.425,43.6619,August,Thursday
8001655857,Pedestrian,35 to 39,4.0,,,,,2018,2018-09-07,729,7,DON MILLS RD,SHEPPARD AVE E,1.0,Intersection,Traffic Signal,Clear,Daylight,Dry,Non-Fatal Injury,Pedestrian Collisions,-79.347,43.775,September,Friday
8001667999,Driver,30 to 34,1.0,Street Car,,,,2018,2018-09-08,2317,23,QUEEN ST E,GRANT ST,3.0,Intersection,No Control,Clear,"Dark, artificial",Dry,Non-Fatal Injury,Pedestrian Collisions,-79.3484,43.6591,September,Saturday
8001668494,Driver,unknown,1.0,"Automobile, Station Wagon",,,,2018,2018-09-09,105,1,1035 SHEPPARD AVE W,,1.0,Intersection,No Control,Clear,"Dark, artificial",Dry,Non-Fatal Injury,Pedestrian Collisions,-79.4627,43.7502,September,Sunday
8001672359,Driver,40 to 44,1.0,Pick Up Truck,,,,2018,2018-09-09,1823,18,MARKHAM RD,MCNICOLL AVE,1.0,Mid-Block,No Control,Clear,Daylight,Dry,Non-Fatal Injury,Pedestrian Collisions,-79.2483,43.825,September,Sunday
8001677447,Driver,40 to 44,1.0,"Automobile, Station Wagon",,,,2018,2018-09-10,1455,14,THE QUEENSWAY,LOMA RD,1.0,Intersection,Stop Sign,Rain,Daylight,Wet,Non-Fatal Injury,Pedestrian Collisions,-79.5088,43.6249,September,Monday
8001679287,Cyclist,55 to 59,4.0,Bicycle,,,,2018,2018-09-10,1957,19,MIDDLEFIELD RD,MCNICOLL AVE,3.0,Intersection,Traffic Signal,Rain,"Dusk, artificial",Wet,Non-Fatal Injury,Cyclist Collisions,-79.262,43.82,September,Monday
8001683748,Driver,45 to 49,3.0,Street Car,,,,2018,2018-09-11,1339,13,RONCESVALLES AVE,MARION ST,3.0,Intersection,No Control,Clear,Daylight,Dry,Non-Fatal Injury,Other,-79.4469,43.641,September,Tuesday
8001685122,Pedestrian,70 to 74,2.0,Other,,,,2018,2018-09-11,1708,17,LAKE SHORE BLVD W,SIXTH ST,1.0,Intersection,No Control,Clear,Daylight,Dry,Fatal,Pedestrian Collisions,-79.504,43.6009,September,Tuesday
8001686841,Driver,50 to 54,4.0,"Automobile, Station Wagon",,,,2018,2018-09-11,2200,22,DUNDAS ST W,BEVERLEY ST,1.0,Intersection,Traffic Signal,Clear,"Dark, artificial",Dry,Non-Fatal Injury,Angle,-79.3938,43.6537,September,Tuesday
8001689735,Driver,80 to 84,1.0,"Automobile, Station Wagon",,Yes,,2018,2018-09-12,1115,11,LAWRENCE AVE E,THE DONWAY  W,1.0,Intersection,Traffic Signal,Clear,Daylight,Dry,Non-Fatal Injury,Pedestrian Collisions,-79.3465,43.7364,September,Wednesday
8001690114,Driver,60 to 64,5.0,"Automobile, Station Wagon",,Yes,,2018,2018-09-12,1205,12,DUFFERIN ST,ROGERS RD,1.0,Intersection,Traffic Signal,Clear,Daylight,Dry,Non-Fatal Injury,Pedestrian Collisions,-79.446,43.6854,September,Wednesday
8001693998,Driver,30 to 34,1.0,"Automobile, Station Wagon",,,,2018,2018-09-12,2300,23,MCCOWAN RD,TOWN CENTRE CRT,1.0,Intersection,Traffic Signal,Clear,"Dark, artificial",Dry,Non-Fatal Injury,Pedestrian Collisions,-79.2522,43.7745,September,Wednesday
8001708273,Driver,45 to 49,1.0,"Automobile, Station Wagon",,,,2018,2018-09-15,50,0,DUFFERIN ST,LAPPIN AVE,1.0,Intersection,No Control,Clear,"Dark, artificial",Dry,Non-Fatal Injury,Cyclist Collisions,-79.4382,43.6663,September,Saturday
8001708692,Driver,25 to 29,1.0,"Automobile, Station Wagon",,,,2018,2018-09-15,240,2,PARKSIDE DR,INDIAN VALLEY CRES,1.0,Mid-Block,No Control,Clear,Dark,Dry,Fatal,Approaching,-79.4582,43.6504,September,Saturday
8001711357,Driver,35 to 39,1.0,"Automobile, Station Wagon",,,,2018,2018-09-15,1400,14,ST CLAIR AVE W,NORTHCLIFFE BLVD,1.0,Intersection,Traffic Signal,Clear,Daylight,Dry,Non-Fatal Injury,Pedestrian Collisions,-79.4408,43.6783,September,Saturday
8001712147,Driver,50 to 54,1.0,"Automobile, Station Wagon",,,,2018,2018-09-15,1625,16,DIXON RD,KIPLING AVE,1.0,Mid-Block,No Control,Clear,Daylight,Dry,Non-Fatal Injury,Turning Movement,-79.5567,43.6945,September,Saturday
8001713771,Driver,55 to 59,1.0,"Automobile, Station Wagon",,,,2018,2018-09-15,2130,21,JARVIS ST,QUEEN ST E,1.0,Mid-Block,No Control,Clear,"Dark, artificial",Dry,Non-Fatal Injury,Turning Movement,-79.3736,43.6546,September,Saturday
8001715339,Driver,unknown,1.0,"Automobile, Station Wagon",,,,2018,2018-09-16,408,4,LAWSON RD,ST MAGNUS DR,2.0,Mid-Block,No Control,Clear,"Dark, artificial",Dry,Non-Fatal Injury,SMV Other,-79.15,43.7875,September,Sunday
8001716162,Driver,50 to 54,1.0,"Automobile, Station Wagon",,Yes,,2018,2018-09-16,936,9,WILLOWDALE AVE,BISHOP AVE,3.0,Intersection,Traffic Signal,Clear,Daylight,Dry,Non-Fatal Injury,Angle,-79.4078,43.7833,September,Sunday
8001717185,Driver,unknown,1.0,,,,,2018,2018-09-16,1329,13,DUNDAS ST W,ST JOHNS PL,1.0,Mid-Block,No Control,Clear,Daylight,Dry,Non-Fatal Injury,Pedestrian Collisions,-79.4766,43.6654,September,Sunday