ACCNUM,INVTYPE,INVAGE,INJURY_ID,VEHTYPE,SPEEDING,REDLIGHT,ALCOHOL,YEAR,DATE,TIME,HOUR,STREET1,STREET2,ROAD_CLASS_ID,LOCCOORD,TRAFFCTL,VISIBILITY,LIGHT,RDSFCOND,ACCLASS,IMPACTYPE,Longitude,Latitude,Month,Day_of_Week
8001722145,Truck Driver,55 to 59,1.0,Truck-Tractor,,,,2018,2018-09-17,1001,10,STEELES AVE W,KEELE ST,1.0,Intersection,Traffic Signal,Clear,Daylight,Dry,Non-Fatal Injury,Cyclist Collisions,-79.4944,43.7815,September,Monday
8001722956,Driver,55 to 59,1.0,"Bus (Other) (Go Bus, Gray Coach)",,,,2018,2018-09-17,1204,12,BAY ST,WELLINGTON ST W,1.0,Intersection,Traffic Signal,Clear,Daylight,Dry,Non-Fatal Injury,Cyclist Collisions,-79.3796,43.6472,September,Monday
8001732179,Motorcycle Driver,40 to 44,2.0,Motorcycle,Yes,,,2018,2018-09-18,1850,18,KEELE ST,AILEEN AVE,1.0,Intersection,No Control,Clear,Daylight,Dry,Fatal,Turning Movement,-79.472,43.6831,September,Tuesday
8001736723,Motorcycle Driver,25 to 29,4.0,Motorcycle,Yes,,Yes,2018,2018-09-19,1242,12,F G GARDINER XY  E,LOWER JARVIS ST,8.0,Mid-Block,No Control,Clear,Daylight,Dry,Non-Fatal Injury,SMV Other,-79.3717,43.6452,September,Wednesday
8001744519,Pedestrian,90 to 94,2.0,,,,,2018,2018-09-20,1600,16,DUFFERIN ST,CASTLEFIELD AVE,1.0,Intersection,Traffic Signal,Clear,Daylight,Dry,Fatal,Pedestrian Collisions,-79.4517,43.7006,September,Thursday
8001751421,Driver,35 to 39,1.0,"Automobile, Station Wagon",,,,2018,2018-09-21,1600,16,NUTHATCH LANE,DOCTOR O LANE,7.0,Intersection,No Control,Clear,Daylight,Dry,Fatal,Pedestrian Collisions,-79.3696,43.6633,September,Friday
8001752003,Driver,40 to 44,1.0,"Automobile, Station Wagon",,,,2018,2018-09-21,1723,17,WOODBINE TRACK ACCESS,REXDALE BLVD,4.0,Mid-Block,No Control,Rain,Daylight,Wet,Non-Fatal Injury,Turning Movement,-79.6034,43.7176,September,Friday
8001753831,Driver,unknown,1.0,"Automobile, Station Wagon",,,,2018,2018-09-21,2227,22,2265 MIDLAND AVE,,1.0,Mid-Block,No Control,Clear,Dark,Dry,Non-Fatal Injury,Pedestrian Collisions,-79.274,43.7755,September,Friday
8001758272,Driver,40 to 44,1.0,"Automobile, Station Wagon",,,,2018,2018-09-22,1635,16,EGLINTON AVE E,MARKHAM RD,1.0,Mid-Block,Stop Sign,Clear,Daylight,Dry,Non-Fatal Injury,Turning Movement,-79.2172,43.7434,September,Saturday
8001758367,Motorcycle Driver,35 to 39,4.0,Motorcycle,,,,2018,2018-09-22,1655,16,EGLINTON AVE W,ROYAL YORK RD,1.0,Mid-Block,Stop Sign,Clear,Daylight,Dry,Non-Fatal Injury,Turning Movement,-79.5206,43.6832,September,Saturday
8001764546,Driver,45 to 49,1.0,"Automobile, Station Wagon",,,,2018,2018-09-23,1735,17,DANFORTH AVE,GREENWOOD AVE,1.0,Intersection,No Control,Clear,Daylight,Dry,Non-Fatal Injury,Cyclist Collisions,-79.3323,43.6814,September,Sunday
8001765943,Driver,55 to 59,1.0,"Automobile, Station Wagon",,,,2018,2018-09-23,2228,22,CENTENNIAL PARK BLVD,EGLINTON AVE W,1.0,Intersection,Traffic Signal,Clear,"Dark, artificial",Dry,Non-Fatal Injury,Cyclist Collisions,-79.5983,43.6557,September,Sunday
8001768874,Driver,30 to 34,4.0,Pick Up Truck,,,,2018,2018-09-24,1143,11,DEWHURST BLVD,DANFORTH AVE,1.0,Intersection,No Control,Clear,Daylight,Dry,Non-Fatal Injury,Rear End,-79.3393,43.6799,September,Monday
8001771158,Driver,unknown,1.0,"Automobile, Station Wagon",,,,2018,2018-09-23,1430,14,YONGE ST,WELLINGTON ST E,1.0,Intersection,Traffic Signal,Clear,Daylight,Dry,Non-Fatal Injury,Cyclist Collisions,-79.3773,43.6477,September,Sunday
8001780816,Driver,55 to 59,1.0,"Automobile, Station Wagon",,,,2018,2018-09-26,645,6,DUNDAS ST W,CHESTNUT ST,1.0,Intersection,Traffic Signal,Clear,"Dawn, artificial",Dry,Non-Fatal Injury,Pedestrian Collisions,-79.386,43.6551,September,Wednesday
8001780907,Pedestrian,60 to 64,2.0,,,Yes,,2018,2018-09-26,709,7,ST CLAIR AVE E,JEANETTE ST,3.0,Intersection,Traffic Signal,Clear,Daylight,Dry,Fatal,Pedestrian Collisions,-79.247,43.7195,September,Wednesday
8001781427,Driver,35 to 39,1.0,"Automobile, Station Wagon",,,,2018,2018-09-26,900,9,MELITA AVE,CHRISTIE ST,3.0,Intersection,No Control,Clear,Daylight,Dry,Non-Fatal Injury,Cyclist Collisions,-79.4225,43.6743,September,Wednesday
8001784875,Cyclist,30 to 34,4.0,Bicycle,,,,2018,2018-09-26,1755,17,BRIMLEY RD,BRIMWOOD BLVD,1.0,Intersection,Traffic Signal,Clear,Daylight,Dry,Non-Fatal Injury,Cyclist Collisions,-79.2797,43.8109,September,Wednesday
8001785891,Pedestrian,75 to 79,2.0,,,,,2018,2018-09-26,2053,20,3850 SHEPPARD AVE E,,1.0,Mid-Block,No Control,Clear,"Dark, artificial",Dry,Fatal,Pedestrian Collisions,-79.2924,43.7822,September,Wednesday
8001794335,Driver,unknown,1.0,Delivery Van,,,,2018,2018-09-28,806,8,EGLINTON AVE E,ROSEMOUNT DR,1.0,Intersection,Traffic Signal,Clear,Daylight,Dry,Non-Fatal Injury,Pedestrian Collisions,-79.2738,43.7307,September,Friday
8001795037,Driver,40 to 44,1.0,Pick Up Truck,,,,2018,2018-09-28,1018,10,1277 JANE ST,,1.0,Intersection,No Control,Clear,Daylight,Dry,Non-Fatal Injury,Pedestrian Collisions,-79.5009,43.6914,September,Friday
8001797776,Driver,25 to 29,3.0,"Automobile, Station Wagon",Yes,,,2018,2018-09-28,1723,17,AVENUE RD,FARNHAM AVE,1.0,Intersection,Stop Sign,Clear,Daylight,Dry,Non-Fatal Injury,Turning Movement,-79.4001,43.6834,September,Friday
8001801273,Driver,unknown,1.0,"Automobile, Station Wagon",,,,2018,2018-09-29,820,8,ESQUIRE RD,VICTORIA PARK AVE,1.0,Intersection,No Control,Clear,Daylight,Dry,Non-Fatal Injury,Pedestrian Collisions,-79.3221,43.7734,September,Saturday
8001803881,Pedestrian,25 to 29,4.0,,,,,2018,2018-09-29,1730,17,161 BATHURST ST,,1.0,Intersection,Traffic Signal,Clear,Daylight,Dry,Non-Fatal Injury,Pedestrian Collisions,-79.4037,43.6463,September,Saturday
8001806381,Driver,75 to 79,1.0,"Automobile, Station Wagon",,,,2018,2018-09-30,310,3,BATHURST ST,FRONT ST W,1.0,Intersection,Traffic Signal,Clear,"Dark, artificial",Dry,Non-Fatal Injury,Pedestrian Collisions,-79.4013,43.6406,September,Sunday
8001812158,Motorcycle Driver,25 to 29,4.0,Motorcycle,,,,2018,2018-10-01,600,6,STEELES AVE E,FIREBRACE RD,1.0,Intersection,Traffic Signal,Rain,"Dark, artificial",Wet,Non-Fatal Injury,Sideswipe,-79.332,43.8178,October,Monday
8001812203,Driver,35 to 39,1.0,Street Car,,,,2018,2018-10-01,622,6,THE QUEENSWAY,WINDERMERE AVE,1.0,Mid-Block,No Control,Rain,"Daylight, artificial",Wet,Fatal,Pedestrian Collisions,-79.4692,43.6372,October,Monday
8001832356,Driver,25 to 29,1.0,"Automobile, Station Wagon",,,,2018,2018-10-04,700,7,DUNDAS ST E,LOGAN AVE,3.0,Mid-Block,No Control,Rain,Dawn,Wet,Non-Fatal Injury,Cyclist Collisions,-79.343,43.664,October,Thursday
8001836170,Truck Driver,55 to 59,1.0,Truck - Open,,,,2018,2018-10-04,1630,16,5690 STEELES AVE W,,1.0,Mid-Block,No Control,Clear,Daylight,Dry,Non-Fatal Injury,Pedestrian Collisions,-79.5605,43.7673,October,Thursday
8001842377,Driver,30 to 34,1.0,Pick Up Truck,Yes,,,2018,2018-10-05,1515,15,GERRARD ST E,COXWELL AVE,3.0,Intersection,Traffic Signal,Clear,Daylight,Dry,Non-Fatal Injury,SMV Other,-79.3202,43.6753,October,Friday
8001843657,Driver,45 to 49,1.0,"Automobile, Station Wagon",,,,2018,2018-10-05,1852,18,708 SCARLETT RD,,1.0,Mid-Block,No Control,Clear,Daylight,Dry,Fatal,Turning Movement,-79.52,43.6953,October,Friday
8001845570,Driver,20 to 24,4.0,"Automobile, Station Wagon",Yes,,,2018,2018-10-06,125,1,LAWRENCE AVE E,EAST AVE,2.0,Intersection,Traffic Signal,Clear,"Dark, artificial",Dry,Non-Fatal Injury,SMV Other,-79.1315,43.7806,October,Saturday
8001846413,Driver,70 to 74,1.0,"Automobile, Station Wagon",,,,2018,2018-10-06,635,6,VICTORIA PARK AVE,CRESCENT TOWN RD,1.0,Intersection,Traffic Signal,Rain,"Dawn, artificial",Wet,Non-Fatal Injury,Pedestrian Collisions,-79.2904,43.6964,October,Saturday
8001848907,Driver,30 to 34,4.0,"Automobile, Station Wagon",Yes,,,2018,2018-10-06,1630,16,ANTIBES DR,DON LAKE GATE,2.0,Intersection,No Control,Clear,Daylight,Dry,Non-Fatal Injury,SMV Other,-79.4462,43.7805,October,Saturday
8001849626,Motorcycle Driver,15 to 19,4.0,Motorcycle,Yes,,,2018,2018-10-06,1850,18,KINGSTON RD,GALLOWAY RD,1.0,Intersection,Traffic Signal,Clear,Daylight,Dry,Non-Fatal Injury,Turning Movement,-79.1947,43.7619,October,Saturday
8001851733,Driver,20 to 24,4.0,"Automobile, Station Wagon",Yes,,,2018,2018-10-07,305,3,DON VALLEY PARKWAY  N,EASTERN AV E DVP N RAMP,8.0,Mid-Block,No Control,Rain,"Dark, artificial",Wet,Non-Fatal Injury,Sideswipe,-79.3517,43.6561,October,Sunday
8001856890,Pedestrian,30 to 34,2.0,,,,,2018,2018-10-08,117,1,SHEPPARD AVE E,BONNINGTON PL,1.0,Mid-Block,No Control,Clear,"Dark, artificial",Dry,Fatal,Pedestrian Collisions,-79.4062,43.7624,October,Monday
8001860748,Cyclist,60 to 64,2.0,Bicycle,,,,2018,2018-10-08,2015,20,685 QUEEN ST E,,1.0,Intersection,No Control,Clear,"Dusk, artificial",Dry,Fatal,Cyclist Collisions,-79.3509,43.6585,October,Monday
8001870911,Driver,45 to 49,1.0,Pick Up Truck,,,,2018,2018-10-10,939,9,OSSINGTON AVE,COLLEGE ST,1.0,Intersection,Traffic Signal,Clear,Daylight,Dry,Non-Fatal Injury,Pedestrian Collisions,-79.4226,43.6543,October,Wednesday
8001881817,Driver,20 to 24,1.0,"Automobile, Station Wagon",,,,2018,2018-10-11,2009,20,RUNNYMEDE RD,BLOOR ST W,1.0,Intersection,Traffic Controller,Clear,"Daylight, artificial",Dry,Non-Fatal Injury,Turning Movement,-79.4762,43.651,October,Thursday
8001885947,Driver,15 to 19,1.0,"Automobile, Station Wagon",Yes,,,2018,2018-10-12,1335,13,GERRARD ST E,LAWLOR AVE,3.0,Intersection,No Control,Clear,Daylight,Dry,Non-Fatal Injury,Pedestrian Collisions,-79.2907,43.6859,October,Friday
8001891156,Driver,45 to 49,1.0,"Automobile, Station Wagon",,,,2018,2018-10-13,907,9,BIRCHMOUNT RD,KINGSTON RD,1.0,Intersection,Traffic Signal,Clear,Daylight,Dry,Non-Fatal Injury,Pedestrian Collisions,-79.2622,43.6929,October,Saturday
8001903113,Driver,75 to 79,1.0,"Automobile, Station Wagon",,,,2018,2018-09-15,940,9,555 ST CLAIR AVE W,,1.0,Mid-Block,No Control,Rain,Daylight,Wet,Non-Fatal Injury,Pedestrian Collisions,-79.421,43.6825,September,Saturday
8001903233,Driver,45 to 49,1.0,"Automobile, Station Wagon",,,,2018,2018-10-15,1000,10,YONGE ST,CARLTON ST,1.0,Mid-Block,No Control,Clear,Daylight,Wet,Non-Fatal Injury,Pedestrian Collisions,-79.3825,43.6601,October,Monday
8001918049,Driver,75 to 79,1.0,"Automobile, Station Wagon",,,,2018,2018-10-12,1630,16,BLOOR ST W,RUNNYMEDE RD,1.0,Intersection,Traffic Controller,Clear,Daylight,Dry,Non-Fatal Injury,Cyclist Collisions,-79.4762,43.651,October,Friday
8001922622,Driver,25 to 29,4.0,"Automobile, Station Wagon",Yes,,,2018,2018-10-18,840,8,1491 LAKE SHORE BLVD W,,1.0,Mid-Block,No Control,Clear,Daylight,Dry,Non-Fatal Injury,Approaching,-79.444,43.6363,October,Thursday
8001923925,Driver,30 to 34,1.0,"Automobile, Station Wagon",,,,2018,2018-10-18,1217,12,OSSINGTON AVE,NORTHUMBERLAND ST,3.0,Mid-Block,No Control,Clear,Daylight,Dry,Fatal,Pedestrian Collisions,-79.4262,43.6632,October,Thursday
8001927322,Driver,45 to 49,1.0,"Automobile, Station Wagon",,,,2018,2018-10-18,2208,22,GODSTONE RD,FAIRVIEW MALL DR,3.0,Intersection,Traffic Signal,Clear,"Dark, artificial",Dry,Non-Fatal Injury,Pedestrian Collisions,-79.3456,43.7795,October,Thursday
8001928612,Driver,25 to 29,1.0,Pick Up Truck,,,,2018,2018-10-19,630,6,BATHURST ST,BRIAR HILL AVE,1.0,Intersection,Traffic Signal,Clear,"Dark, artificial",Dry,Non-Fatal Injury,Pedestrian Collisions,-79.427,43.7078,October,Friday
8001932871,Driver,65 to 69,1.0,"Automobile, Station Wagon",,,,2018,2018-10-19,1844,18,KING ST W,DUNN AVE,1.0,Intersection,Traffic Signal,Clear,"Dark, artificial",Dry,Non-Fatal Injury,Pedestrian Collisions,-79.4332,43.6376,October,Friday
8001933015,Driver,30 to 34,1.0,"Automobile, Station Wagon",,,,2018,2018-10-19,1904,19,ELLESMERE RD,MIDLAND AVE,1.0,Intersection,Traffic Signal,Clear,"Dark, artificial",Dry,Non-Fatal Injury,Pedestrian Collisions,-79.271,43.7678,October,Friday
8001943043,Motorcycle Driver,35 to 39,4.0,Motorcycle,,,,2018,2018-10-21,1213,12,BREMNER BLVD,LOWER SIMCOE ST,3.0,Mid-Block,No Control,Clear,Daylight,Dry,Non-Fatal Injury,Turning Movement,-79.3832,43.6424,October,Sunday
8001947521,Pedestrian,20 to 24,4.0,,,,,2018,2018-10-22,755,7,PHARMACY AVE,CAMILLA CRES,3.0,Intersection,No Control,Clear,Daylight,Dry,Non-Fatal Injury,Pedestrian Collisions,-79.2924,43.7134,October,Monday
8001951781,Truck Driver,60 to 64,1.0,"Truck - Closed (Blazer, etc)",,,,2018,2018-10-22,1840,18,DUNDAS ST W,WINDERMERE AVE,1.0,Intersection,No Control,Clear,"Dark, artificial",Dry,Non-Fatal Injury,Pedestrian Collisions,-79.4858,43.6655,October,Monday
8001961813,Driver,unknown,1.0,"Automobile, Station Wagon",Yes,,,2018,2018-10-24,1026,10,1315 LAWRENCE AVE E,,1.0,Mid-Block,No Control,Clear,Daylight,Dry,Non-Fatal Injury,SMV Other,-79.3237,43.7407,October,Wednesday
8001963580,Driver,25 to 29,1.0,"Automobile, Station Wagon",,,,2018,2018-10-24,1455,14,MARLEE AVE,DELL PARK AVE,3.0,Intersection,No Control,Clear,Daylight,Dry,Non-Fatal Injury,Cyclist Collisions,-79.4458,43.714,October,Wednesday
8001966302,Driver,35 to 39,1.0,"Automobile, Station Wagon",,,,2018,2018-10-24,2238,22,SIMCOE ST,ADELAIDE ST W,1.0,Intersection,Traffic Signal,Clear,"Dark, artificial",Dry,Non-Fatal Injury,Pedestrian Collisions,-79.3865,43.6485,October,Wednesday
8001972538,Driver,unknown,1.0,,,,,2018,2018-10-25,2020,20,WILFRED AVE,OLIVE AVE,2.0,Intersection,No Control,Clear,"Dark, artificial",Dry,Non-Fatal Injury,Pedestrian Collisions,-79.4014,43.7816,October,Thursday
8001972979,Driver,50 to 54,1.0,"Automobile, Station Wagon",,,,2018,2018-10-25,2209,22,BROWNS LINE,VALERMO DR,1.0,Intersection,Traffic Signal,Clear,"Dark, artificial",Dry,Non-Fatal Injury,Turning Movement,-79.547,43.6059,October,Thursday
8001975971,Driver,unknown,1.0,"Automobile, Station Wagon",,,,2018,2018-10-26,1157,11,DANFORTH AVE,BROADVIEW AVE,1.0,Intersection,Traffic Signal,Clear,Daylight,Dry,Non-Fatal Injury,Sideswipe,-79.3588,43.6761,October,Friday
8001993193,Driver,20 to 24,1.0,"Automobile, Station Wagon",,,,2018,2018-10-29,535,5,ST CLAIR AVE W,OLD WESTON RD,1.0,Intersection,Traffic Signal,Clear,"Dark, artificial",Dry,Non-Fatal Injury,Pedestrian Collisions,-79.463,43.6734,October,Monday
8002001180,Cyclist,80 to 84,4.0,Bicycle,,,,2018,2018-10-30,1037,10,STEELES AVE E,WARDEN AVE,1.0,Intersection,Traffic Signal,Clear,Daylight,Dry,Non-Fatal Injury,Cyclist Collisions,-79.3243,43.8195,October,Tuesday
8002006621,Driver,30 to 34,4.0,"Automobile, Station Wagon",,,,2018,2018-10-31,609,6,CARLAW AVE,LAKE SHORE BLVD E,1.0,Intersection,Traffic Signal,Rain,"Dark, artificial",Wet,Non-Fatal Injury,Pedestrian Collisions,-79.3373,43.6548,October,Wednesday
8002006909,Driver,40 to 44,1.0,"Automobile, Station Wagon",,,,2018,2018-10-31,727,7,DUNDAS ST E,SHERBOURNE ST,1.0,Intersection,No Control,Rain,Dark,Wet,Non-Fatal Injury,Pedestrian Collisions,-79.3709,43.6582,October,Wednesday
8002008114,Driver,40 to 44,4.0,"Automobile, Station Wagon",,,,2018,2018-10-31,1100,11,1491 LAKE SHORE BLVD W,,1.0,Mid-Block,No Control,Rain,"Daylight, artificial",Wet,Non-Fatal Injury,Sideswipe,-79.4453,43.6369,October,Wednesday
8002016979,Driver,45 to 49,1.0,Taxi,,,,2018,2018-11-01,1712,17,AVENUE RD,GLENGARRY AVE,1.0,Intersection,No Control,Rain,Dark,Dry,Fatal,Rear End,-79.4158,43.7229,November,Thursday
8002017467,Driver,75 to 79,4.0,"Automobile, Station Wagon",,,,2018,2018-11-01,1835,18,DANFORTH AVE,WESTLAKE AVE,1.0,Intersection,Traffic Signal,Rain,"Dark, artificial",Wet,Non-Fatal Injury,Pedestrian Collisions,-79.3049,43.6874,November,Thursday
8002018204,Driver,70 to 74,1.0,"Automobile, Station Wagon",,,,2018,2018-11-01,2043,20,KIPLING  AVE,ANNABELLE  DR,1.0,Intersection,Traffic Signal,Clear,Dark,Dry,Fatal,Pedestrian Collisions,-79.5857,43.7508,November,Thursday
8002018629,Driver,50 to 54,1.0,"Automobile, Station Wagon",,,,2018,2018-11-01,2215,22,WILSON AVE,DUBRAY AVE,1.0,Intersection,Traffic Signal,Rain,"Daylight, artificial",Wet,Non-Fatal Injury,Turning Movement,-79.4777,43.728,November,Thursday
8002018661,Pedestrian,30 to 34,4.0,,,,,2018,2018-11-01,2222,22,ALBION RD,HUMBERLINE DR,1.0,Intersection,Traffic Signal,Rain,Dark,Wet,Non-Fatal Injury,Pedestrian Collisions,-79.6219,43.7468,November,Thursday
8002024697,Driver,30 to 34,4.0,"Automobile, Station Wagon",,,,2018,2018-11-02,1940,19,MCNICOLL AVE,VICTORIA PARK AVE,3.0,Mid-Block,No Control,Clear,"Dark, artificial",Wet,Non-Fatal Injury,SMV Other,-79.3349,43.8042,November,Friday
8002039812,Driver,30 to 34,1.0,"Automobile, Station Wagon",,,,2018,2018-11-05,912,9,BIRCHMOUNT RD,ALLANFORD RD,1.0,Intersection,Traffic Signal,Rain,Daylight,Wet,Non-Fatal Injury,Pedestrian Collisions,-79.295,43.7741,November,Monday
8002043584,Driver,70 to 74,1.0,"Automobile, Station Wagon",,,,2018,2018-11-05,1855,18,DUFFERIN ST,WINGOLD AVE,1.0,Intersection,No Control,Clear,"Dark, artificial",Wet,Non-Fatal Injury,Pedestrian Collisions,-79.4524,43.7037,November,Monday
8002051381,Driver,20 to 24,1.0,"Automobile, Station Wagon",,,,2018,2018-11-06,2315,23,STEELES AVE W,ALNESS ST,1.0,Intersection,Traffic Signal,Rain,"Dark, artificial",Wet,Non-Fatal Injury,Cyclist Collisions,-79.481,43.7846,November,Tuesday
8002056791,Driver,80 to 84,1.0,"Automobile, Station Wagon",,,,2018,2018-11-07,1850,18,MIDDLEFIELD RD,ARBOR LOW GT,3.0,Intersection,No Control,Clear,"Dark, artificial",Dry,Non-Fatal Injury,Pedestrian Collisions,-79.2585,43.8117,November,Wednesday
8002061586,Driver,30 to 34,1.0,Delivery Van,,,,2018,2018-11-08,1400,14,LA ROSE AVE,ROYAL YORK RD,3.0,Intersection,Traffic Signal,Clear,"Daylight, artificial",Dry,Non-Fatal Injury,Pedestrian Collisions,-79.5273,43.684,November,Thursday
8002063591,Cyclist,20 to 24,4.0,Bicycle,,,,2018,2018-11-08,1900,19,LOWTHER AVE,SPADINA RD,3.0,Intersection,Traffic Signal,Clear,Dark,Dry,Non-Fatal Injury,Cyclist Collisions,-79.4047,43.6688,November,Thursday
8002065935,Driver,unknown,1.0,,,,,2018,2018-11-09,650,6,ELLESMERE RD,BIRCHMOUNT RD,1.0,Mid-Block,No Control,Clear,"Dawn, artificial",Dry,Fatal,Pedestrian Collisions,-79.2919,43.7632,November,Friday
8002080527,Driver,unknown,1.0,"Automobile, Station Wagon",Yes,,,2018,2018-11-11,1420,14,235 POPLAR RD,,2.0,Intersection,No Control,Clear,"Daylight, artificial",Dry,Non-Fatal Injury,Pedestrian Collisions,-79.191,43.7658,November,Sunday
8002088057,Driver,75 to 79,1.0,Pick Up Truck,,,,2018,2018-11-12,1754,17,WESTON RD,LAWRENCE AVE W,1.0,Intersection,Traffic Signal,Clear,Dark,Dry,Non-Fatal Injury,Pedestrian Collisions,-79.5161,43.7,November,Monday
8002088211,Driver,75 to 79,1.0,"Automobile, Station Wagon",,,,2018,2018-11-12,1822,18,ELLESMERE  RD,NEILSON  RD,1.0,Mid-Block,No Control,Clear,"Dark, artificial",Dry,Fatal,Pedestrian Collisions,-79.2022,43.7831,November,Monday
8002097783,Driver,20 to 24,5.0,"Automobile, Station Wagon",,Yes,,2018,2018-11-14,827,8,KEELE ST,FOUR WINDS DR,1.0,Intersection,Traffic Signal,Clear,Daylight,Dry,Non-Fatal Injury,Pedestrian Collisions,-79.4916,43.7656,November,Wednesday
8002098708,Truck Driver,45 to 49,1.0,"Truck - Closed (Blazer, etc)",,,,2018,2018-11-14,1107,11,YORK MILLS RD,SCARSDALE RD,1.0,Intersection,Traffic Signal,Clear,Daylight,Dry,Non-Fatal Injury,Pedestrian Collisions,-79.3574,43.7534,November,Wednesday
8002111291,Driver,25 to 29,1.0,Pick Up Truck,,,,2018,2018-11-16,1011,10,BRUCEWOOD CRES,COVINGTON RD,2.0,Intersection,Stop Sign,Snow,Daylight,Slush,Non-Fatal Injury,Pedestrian Collisions,-79.4336,43.7201,November,Friday
8002114840,Driver,20 to 24,1.0,"Automobile, Station Wagon",,,,2018,2018-11-16,2016,20,STEELES AVE E,BAYVIEW AVE,1.0,Intersection,Traffic Signal,Snow,"Dark, artificial",Wet,Non-Fatal Injury,Pedestrian Collisions,-79.3961,43.8031,November,Friday
8002123284,Driver,20 to 24,3.0,"Automobile, Station Wagon",,Yes,,2018,2018-11-18,720,7,BLOOR ST W,AVENUE RD,1.0,Intersection,Traffic Signal,Clear,Daylight,Dry,Non-Fatal Injury,Angle,-79.394,43.6686,November,Sunday
8002128352,Driver,60 to 64,1.0,"Automobile, Station Wagon",,,,2018,2018-11-19,617,6,MCCOWAN RD,ALTON TOWERS CRCL,1.0,Intersection,Traffic Signal,Clear,Dark,Dry,Non-Fatal Injury,Pedestrian Collisions,-79.2739,43.8224,November,Monday
8002129020,Driver,60 to 64,1.0,"Automobile, Station Wagon",,,,2018,2018-11-19,847,8,WALPOLE AVE,GLENSIDE AVE,2.0,Intersection,Stop Sign,Clear,Daylight,Dry,Non-Fatal Injury,Pedestrian Collisions,-79.3272,43.6744,November,Monday
8002130924,Driver,65 to 69,4.0,"Automobile, Station Wagon",,,,2018,2018-11-19,1353,13,828 DUNDAS ST W,,1.0,Intersection,No Control,Clear,Daylight,Dry,Non-Fatal Injury,SMV Other,-79.4096,43.6514,November,Monday
8002132961,Driver,65 to 69,1.0,"Automobile, Station Wagon",,,,2018,2018-11-19,1837,18,ST CLAIR AVE W,WINONA DR,1.0,Intersection,Traffic Controller,Clear,"Dark, artificial",Dry,Non-Fatal Injury,Pedestrian Collisions,-79.4324,43.6802,November,Monday
8002134677,Driver,20 to 24,1.0,"Automobile, Station Wagon",,,,2018,2018-11-20,130,1,MCCOWAN RD,LAWRENCE AVE E,1.0,Mid-Block,No Control,Clear,"Dark, artificial",Dry,Non-Fatal Injury,Pedestrian Collisions,-79.2452,43.7549,November,Tuesday
8002138681,Driver,60 to 64,1.0,"Automobile, Station Wagon",,,,2018,2018-11-20,1606,16,DUFFERIN ST,STEEPROCK DR,1.0,Mid-Block,No Control,Clear,"Dusk, artificial",Dry,Non-Fatal Injury,Pedestrian Collisions,-79.4653,43.7618,November,Tuesday
8002139374,Driver,50 to 54,3.0,Municipal Transit Bus (TTC),,,,2018,2018-11-20,1804,18,665 LAWRENCE AVE W,,1.0,Intersection,Traffic Signal,Clear,"Dark, artificial",Dry,Fatal,Pedestrian Collisions,-79.4449,43.7158,November,Tuesday
8002144295,Driver,45 to 49,1.0,Construction Equipment,,,,2018,2018-11-21,1306,13,EGLINTON  AVE W,WESTON RD,1.0,Intersection,No Control,Clear,Daylight,Loose Sand or Gravel,Non-Fatal Injury,Sideswipe,-79.4894,43.6869,November,Wednesday
8002146919,Driver,unknown,1.0,"Automobile, Station Wagon",,,,2018,2018-11-21,1952,19,DANFORTH RD,KENNEDY RD,3.0,Intersection,Traffic Signal,Clear,Dark,Wet,Non-Fatal Injury,Pedestrian Collisions,-79.2608,43.7147,November,Wednesday
8002149511,Driver,45 to 49,1.0,"Automobile, Station Wagon",,,,2018,2018-11-22,900,9,STEELES AVE E,SILVER STAR BLVD,1.0,Intersection,Traffic Signal,Clear,Daylight,Dry,Non-Fatal Injury,Cyclist Collisions,-79.3,43.8252,November,Thursday
8002159261,Driver,unknown,1.0,Pick Up Truck,,,,2018,2018-11-23,1739,17,DUNDALK DR,GLAMORGAN AVE,2.0,Mid-Block,No Control,Clear,Daylight,Dry,Non-Fatal Injury,Pedestrian Collisions,-79.285,43.7678,November,Friday
8002165186,Driver,50 to 54,1.0,"Automobile, Station Wagon",,,,2018,2018-11-24,1731,17,WARDEN AVE,HUNTINGWOOD DR,1.0,Intersection,Traffic Signal,Rain,"Dark, artificial",Wet,Non-Fatal Injury,Pedestrian Collisions,-79.3109,43.7854,November,Saturday
8002165675,Driver,55 to 59,1.0,"Automobile, Station Wagon",,,,2018,2018-11-24,1855,18,KING ST E,SACKVILLE ST,1.0,Intersection,Pedestrian Crossover,Rain,"Dark, artificial",Wet,Non-Fatal Injury,Pedestrian Collisions,-79.3603,43.6543,November,Saturday