ACCNUM,INVTYPE,INVAGE,INJURY_ID,VEHTYPE,SPEEDING,REDLIGHT,ALCOHOL,YEAR,DATE,TIME,HOUR,STREET1,STREET2,ROAD_CLASS_ID,LOCCOORD,TRAFFCTL,VISIBILITY,LIGHT,RDSFCOND,ACCLASS,IMPACTYPE,Longitude,Latitude,Month,Day_of_Week
8002171142,Pedestrian,80 to 84,2.0,,,,,2018,2018-11-25,1750,17,BELLAMY RD N,CEDAR BRAE BLVD,3.0,Intersection,Stop Sign,Clear,"Dark, artificial",Dry,Fatal,Pedestrian Collisions,-79.2325,43.7415,November,Sunday
8002177170,Driver,30 to 34,1.0,"Automobile, Station Wagon",,,,2018,2018-11-26,1651,16,EDWARD ST,BAY ST,2.0,Mid-Block,No Control,Rain,"Dark, artificial",Wet,Non-Fatal Injury,Pedestrian Collisions,-79.3828,43.6566,November,Monday
8002190612,Driver,20 to 24,4.0,"Automobile, Station Wagon",,,,2018,2018-11-28,1812,18,DON MILLS RD,DVP S DON MILLS RD N RAMP,1.0,Mid-Block,No Control,Clear,Dark,Dry,Non-Fatal Injury,Approaching,-79.3359,43.7021,November,Wednesday
8002192666,Driver,20 to 24,4.0,"Automobile, Station Wagon",,,Yes,2018,2018-11-29,253,2,MCNICOLL AVE,MARKHAM RD,3.0,Mid-Block,No Control,Clear,"Dark, artificial",Dry,Non-Fatal Injury,SMV Other,-79.2467,43.8241,November,Thursday
8002196256,Driver,75 to 79,5.0,"Automobile, Station Wagon",,,,2018,2018-11-29,1538,15,3120 STEELES AVE E,,1.0,Mid-Block,No Control,Clear,Daylight,Dry,Non-Fatal Injury,SMV Other,-79.3451,43.8146,November,Thursday
8002197002,Driver,60 to 64,1.0,"Automobile, Station Wagon",,,,2018,2018-11-29,1705,17,KENNEDY RD,PASSMORE AVE,1.0,Mid-Block,No Control,Clear,Dusk,Dry,Non-Fatal Injury,Cyclist Collisions,-79.304,43.8168,November,Thursday
8002198438,Driver,25 to 29,1.0,"Automobile, Station Wagon",,,,2018,2018-11-29,2232,22,HIGH PARK BLVD,RONCESVALLES AVE,3.0,Intersection,Traffic Signal,Clear,Dark,Dry,Non-Fatal Injury,Pedestrian Collisions,-79.449,43.6462,November,Thursday
8002202544,Driver,55 to 59,1.0,"Automobile, Station Wagon",,,,2018,2018-11-30,1440,14,KEELE ST,ROTHERHAM AVE,1.0,Intersection,Stop Sign,Clear,Daylight,Dry,Non-Fatal Injury,Angle,-79.4731,43.6857,November,Friday
8002203656,Driver,35 to 39,1.0,"Automobile, Station Wagon",,,,2018,2018-11-30,1720,17,EGLINTON AVE W,JANE ST,1.0,Intersection,Traffic Signal,Clear,Dusk,Dry,Non-Fatal Injury,Turning Movement,-79.4987,43.6844,November,Friday
8002203899,Driver,45 to 49,1.0,"Automobile, Station Wagon",,,,2018,2018-11-30,1750,17,KIPLING AVE,BELFIELD RD,1.0,Intersection,Traffic Signal,Clear,Dark,Dry,Non-Fatal Injury,Pedestrian Collisions,-79.5634,43.7047,November,Friday
8002209662,Driver,15 to 19,4.0,"Automobile, Station Wagon",Yes,,,2018,2018-12-01,1555,15,BIRCHMOUNT RD,FOXRIDGE DR,3.0,Intersection,Traffic Signal,Clear,Daylight,Dry,Non-Fatal Injury,Turning Movement,-79.2744,43.7217,December,Saturday
8002229899,Driver,50 to 54,1.0,"Automobile, Station Wagon",,,,2018,2018-12-04,1932,19,MIDLAND AVE,DORCOT AVE,1.0,Mid-Block,No Control,Clear,Dark,Dry,Fatal,Pedestrian Collisions,-79.2676,43.7583,December,Tuesday
8002244914,Driver,35 to 39,4.0,"Automobile, Station Wagon",,,,2018,2018-12-07,27,0,BAYVIEW AVE,HOLMES AVE,1.0,Intersection,No Control,Snow,"Dark, artificial",Wet,Non-Fatal Injury,Approaching,-79.3916,43.7828,December,Friday
8002245364,Driver,unknown,1.0,"Automobile, Station Wagon",,,,2018,2018-12-07,300,3,758 QUEEN ST E,,3.0,Mid-Block,No Control,Drifting Snow,"Dark, artificial",Loose Snow,Non-Fatal Injury,Cyclist Collisions,-79.3478,43.6592,December,Friday
8002245661,Driver,65 to 69,1.0,"Automobile, Station Wagon",,,,2018,2018-12-07,600,6,MARTIN GROV RD,REXDALE BLVD,1.0,Mid-Block,No Control,Clear,"Dark, artificial",Dry,Non-Fatal Injury,Pedestrian Collisions,-79.5801,43.7117,December,Friday
8002248508,Driver,45 to 49,4.0,"Automobile, Station Wagon",,,,2018,2018-12-07,1520,15,1750 MIDLAND AVE,,1.0,Mid-Block,No Control,Clear,Daylight,Dry,Non-Fatal Injury,Rear End,-79.2687,43.7611,December,Friday
8002249590,Driver,60 to 64,1.0,Passenger Van,,,,2018,2018-12-07,1830,18,FINCH AVE E,WAYSIDE AVE,1.0,Intersection,Traffic Signal,Clear,Dark,Dry,Fatal,Pedestrian Collisions,-79.2995,43.8003,December,Friday
8002254764,Driver,50 to 54,1.0,Municipal Transit Bus (TTC),,,,2018,2018-12-08,1601,16,STEELES AVE W,MARTIN GROVE RD,1.0,Mid-Block,No Control,Clear,Daylight,Dry,Non-Fatal Injury,Other,-79.6025,43.7579,December,Saturday
8002257421,Driver,25 to 29,4.0,"Automobile, Station Wagon",,,,2018,2018-12-09,49,0,CENTENNIAL PARK RD,RATHBURN RD,4.0,Intersection,No Control,Clear,"Dark, artificial",Dry,Non-Fatal Injury,SMV Other,-79.5811,43.6508,December,Sunday
8002260892,Driver,65 to 69,4.0,"Automobile, Station Wagon",,,,2018,2018-12-09,1650,16,176 LAWRENCE AVE E,,1.0,Mid-Block,No Control,Clear,Daylight,Dry,Non-Fatal Injury,SMV Unattended Vehicle,-79.3929,43.7269,December,Sunday
8002266856,Driver,50 to 54,1.0,"Automobile, Station Wagon",,,,2018,2018-12-10,1617,16,SHEPPARD AVE E,KENNEDY RD,1.0,Mid-Block,No Control,Clear,Daylight,Dry,Non-Fatal Injury,Pedestrian Collisions,-79.2872,43.7834,December,Monday
8002273924,Driver,30 to 34,1.0,Pick Up Truck,,,,2018,2018-12-11,1811,18,MARLEE AVE,ROMAR CRES,3.0,Intersection,No Control,Clear,"Dark, artificial",Wet,Non-Fatal Injury,Pedestrian Collisions,-79.4426,43.7062,December,Tuesday
8002279692,Driver,60 to 64,1.0,Municipal Transit Bus (TTC),,,,2018,2018-12-12,1538,15,PROGRESS AVE,SHEPPARD AVE E,1.0,Intersection,Traffic Signal,Clear,Daylight,Dry,Non-Fatal Injury,Pedestrian Collisions,-79.2348,43.7945,December,Wednesday
8002279854,Driver,50 to 54,1.0,"Automobile, Station Wagon",,,,2018,2018-12-12,1602,16,GOSFORD BLVD,SHOREHAM DR,2.0,Intersection,Stop Sign,Clear,"Dark, artificial",Wet,Non-Fatal Injury,Pedestrian Collisions,-79.5229,43.7681,December,Wednesday
8002281849,Driver,20 to 24,4.0,"Automobile, Station Wagon",Yes,,,2018,2018-12-12,2205,22,3030 DON MILLS RD W,,1.0,Mid-Block,No Control,Clear,"Dark, artificial",Other,Non-Fatal Injury,SMV Other,-79.3532,43.7858,December,Wednesday
8002286980,Driver,55 to 59,1.0,"Automobile, Station Wagon",,,,2018,2018-12-13,1737,17,BATHURST ST,HARBORD ST,1.0,Intersection,Traffic Signal,Clear,Dark,Dry,Non-Fatal Injury,Pedestrian Collisions,-79.4097,43.6614,December,Thursday
8002306569,Driver,unknown,1.0,"Automobile, Station Wagon",,,,2018,2018-12-15,2000,20,REXDALE BLVD,QUEENS PLATE DR,1.0,Intersection,Traffic Signal,Clear,"Dark, artificial",Dry,Non-Fatal Injury,Pedestrian Collisions,-79.6034,43.7191,December,Saturday
8002315042,Driver,30 to 34,1.0,Delivery Van,,Yes,,2018,2018-12-18,612,6,DUFFERIN ST,BRIDGELAND AVE,1.0,Intersection,Traffic Signal,Clear,"Dark, artificial",Dry,Non-Fatal Injury,Angle,-79.4576,43.7269,December,Tuesday
8002325561,Driver,45 to 49,1.0,"Automobile, Station Wagon",,,,2018,2018-12-19,1740,17,85 EDMONTON DR,,4.0,Mid-Block,No Control,Clear,"Dark, artificial",Dry,Non-Fatal Injury,Pedestrian Collisions,-79.3399,43.7855,December,Wednesday
8002334933,Driver,45 to 49,1.0,"Automobile, Station Wagon",,,,2018,2018-12-21,710,7,MCLEVIN AVE,MALVERN ST,3.0,Intersection,No Control,Rain,"Dark, artificial",Wet,Non-Fatal Injury,Pedestrian Collisions,-79.2375,43.7998,December,Friday
8002341194,Pedestrian,50 to 54,2.0,,Yes,,,2018,2018-12-22,623,6,DAVENPORT  RD,HAZELTON  AVE,1.0,Mid-Block,No Control,Clear,"Dawn, artificial",Dry,Fatal,Pedestrian Collisions,-79.3941,43.6751,December,Saturday
8002342250,Driver,40 to 44,1.0,"Automobile, Station Wagon",,,,2018,2018-12-22,1205,12,ISLINGTON AVE,JUTLAND RD,1.0,Intersection,Traffic Signal,Clear,Daylight,Dry,Non-Fatal Injury,Rear End,-79.5169,43.6288,December,Saturday
8002343129,Driver,35 to 39,1.0,"Automobile, Station Wagon",,,,2018,2018-12-22,1514,15,QUEEN ST W,PETER ST,1.0,Mid-Block,No Control,Clear,Daylight,Dry,Non-Fatal Injury,Pedestrian Collisions,-79.3947,43.649,December,Saturday
8002355627,Passenger,10 to 14,3.0,,,,Yes,2018,2018-12-24,2050,20,FINCH AVE W,MARTIN GROVE RD,1.0,Mid-Block,No Control,Clear,"Dark, artificial",Dry,Non-Fatal Injury,Approaching,-79.5906,43.7369,December,Monday
8002359893,Driver,50 to 54,4.0,"Automobile, Station Wagon",Yes,,,2018,2018-12-25,2130,21,COSBURN AVE,WOODMOUNT AVE,3.0,Intersection,Stop Sign,Clear,"Dark, artificial",Wet,Non-Fatal Injury,Angle,-79.3198,43.6958,December,Tuesday
8002363781,Driver,40 to 44,1.0,"Automobile, Station Wagon",,,,2018,2018-12-26,1853,18,4968 DUNDAS ST W,,1.0,Mid-Block,No Control,Clear,"Dark, artificial",Dry,Fatal,Pedestrian Collisions,-79.5297,43.6475,December,Wednesday
8002388715,Driver,60 to 64,1.0,"Automobile, Station Wagon",,Yes,,2018,2018-12-31,650,6,BRIMLEY RD,PROGRESS AVE,1.0,Intersection,Traffic Signal,Clear,"Dark, artificial",Wet,Non-Fatal Injury,Angle,-79.2631,43.7752,December,Monday
8008069034,Driver,25 to 29,1.0,"Automobile, Station Wagon",,,,2018,2018-05-04,2354,23,DIXON RD,27 S DIXON W RAMP,1.0,Mid-Block,No Control,,Dark,,Fatal,Pedestrian Collisions,-79.5839,43.6884,May,Friday
9000001415,Driver,unknown,1.0,,,,,2019,2019-01-01,438,4,ST CLAIR AVE W,DUFFERIN ST,1.0,Intersection,Traffic Signal,Clear,"Dark, artificial",Wet,Non-Fatal Injury,Pedestrian Collisions,-79.443,43.6778,January,Tuesday
9000008532,Passenger,50 to 54,2.0,,,,,2019,2019-01-02,1405,14,LEXINGTON AVE,SILVERSTONE DR,4.0,Mid-Block,No Control,Clear,Daylight,Dry,Fatal,SMV Other,-79.6017,43.7441,January,Wednesday
9000021101,Driver,35 to 39,1.0,"Automobile, Station Wagon",,,,2019,2019-01-04,1325,13,BATHURST ST,BAINBRIDGE AVE,1.0,Intersection,Traffic Signal,Clear,Daylight,Dry,Non-Fatal Injury,Pedestrian Collisions,-79.4372,43.7506,January,Friday
9000023080,Driver,45 to 49,1.0,"Automobile, Station Wagon",,,,2019,2019-01-04,1920,19,COLLEGE ST,ELIZABETH ST,1.0,Intersection,Traffic Signal,Clear,"Dark, artificial",Dry,Non-Fatal Injury,Pedestrian Collisions,-79.3873,43.6604,January,Friday
9000040914,Driver,65 to 69,1.0,"Automobile, Station Wagon",Yes,,,2019,2019-01-07,2012,20,CLOSE  AVE,QUEEN  ST W,4.0,Mid-Block,No Control,Rain,"Dark, artificial",Wet,Fatal,Pedestrian Collisions,-79.4355,43.6395,January,Monday
9000047172,Driver,55 to 59,1.0,Delivery Van,,,,2019,2019-01-08,1838,18,O CONNOR DR,ST CLAIR AVE E,1.0,Mid-Block,No Control,Rain,"Dark, artificial",Wet,Fatal,Pedestrian Collisions,-79.3117,43.7067,January,Tuesday
9000054230,Driver,unknown,1.0,"Automobile, Station Wagon",Yes,,,2019,2019-01-09,1853,18,3825 SHEPPARD AVE E,,1.0,Mid-Block,No Control,Clear,"Dark, artificial",Dry,Non-Fatal Injury,Pedestrian Collisions,-79.2922,43.7822,January,Wednesday
9000067447,Driver,50 to 54,1.0,"Automobile, Station Wagon",,,,2019,2019-01-11,1836,18,ELLESMERE RD,MILITARY TRL,1.0,Intersection,Traffic Signal,Clear,"Dark, artificial",Dry,Non-Fatal Injury,Pedestrian Collisions,-79.1882,43.7865,January,Friday
9000074527,Driver,40 to 44,2.0,"Automobile, Station Wagon",Yes,,,2019,2019-01-12,2213,22,MCCOWAN  RD,BRIMORTON  DR,1.0,Mid-Block,No Control,Clear,"Dark, artificial",Dry,Fatal,Sideswipe,-79.2485,43.7644,January,Saturday
9000085978,Driver,20 to 24,1.0,"Automobile, Station Wagon",,,,2019,2019-01-14,1900,19,MURISON BLVD,MILNER AVE,3.0,Intersection,Traffic Signal,Clear,"Dark, artificial",Dry,Non-Fatal Injury,Pedestrian Collisions,-79.2022,43.7989,January,Monday
9000088115,Pedestrian,55 to 59,2.0,,,,,2019,2019-01-15,555,5,155 UNIVERSITY AVE,,1.0,Mid-Block,No Control,Clear,"Dark, artificial",Dry,Fatal,Pedestrian Collisions,-79.3853,43.6484,January,Tuesday
9000093036,Driver,70 to 74,1.0,"Automobile, Station Wagon",,,,2019,2019-01-08,2110,21,HALFWAY AVE,MORNINGSIDE AVE,3.0,Intersection,No Control,Rain,"Dark, artificial",Wet,Non-Fatal Injury,Pedestrian Collisions,-79.2136,43.8178,January,Tuesday
9000097480,Pedestrian,40 to 44,2.0,,,,,2019,2019-01-16,1303,13,ALLEN X S LAWRENCE E RAMP,LAWRENCE AVE W,1.0,Intersection,Traffic Signal,Clear,Daylight,Dry,Fatal,Pedestrian Collisions,-79.4449,43.7158,January,Wednesday
9000097665,Pedestrian,75 to 79,2.0,,,,,2019,2019-01-16,1332,13,2350 DUFFERIN ST,,1.0,Mid-Block,No Control,Clear,Daylight,Dry,Fatal,Pedestrian Collisions,-79.45,43.6952,January,Wednesday
9000106457,Driver,unknown,1.0,"Automobile, Station Wagon",,,,2019,2019-01-17,1900,19,DANFORTH RD,PATTERSON AVE,3.0,Intersection,No Control,Clear,"Dark, artificial",Dry,Non-Fatal Injury,Pedestrian Collisions,-79.2763,43.6946,January,Thursday
9000107139,Pedestrian,65 to 69,2.0,,,,,2019,2019-01-17,2122,21,LENNOX  ST,BATHURST  ST,1.0,Intersection,Traffic Signal,Clear,"Dark, artificial",Dry,Fatal,Pedestrian Collisions,-79.4106,43.6637,January,Thursday
9000115545,Driver,20 to 24,2.0,"Automobile, Station Wagon",Yes,,,2019,2019-01-19,530,5,MILLWOOD RD,LAIRD DR,1.0,Mid-Block,No Control,Clear,"Dark, artificial",Dry,Fatal,SMV Other,-79.3593,43.7022,January,Saturday
9000119525,Driver,25 to 29,1.0,"Automobile, Station Wagon",,,,2019,2019-01-19,2115,21,BATHURST ST,NIAGARA ST,1.0,Intersection,Traffic Signal,Snow,"Dark, artificial",Packed Snow,Non-Fatal Injury,Pedestrian Collisions,-79.4018,43.6418,January,Saturday
9000121241,Driver,35 to 39,1.0,Pick Up Truck,,,,2019,2019-01-20,515,5,FINCH AVE W,ISLINGTON AVE,1.0,Mid-Block,No Control,Snow,"Dark, artificial",Loose Snow,Non-Fatal Injury,Approaching,-79.572,43.7453,January,Sunday
9000128132,Driver,50 to 54,1.0,"Automobile, Station Wagon",,Yes,,2019,2019-01-21,1125,11,BAY ST,WELLINGTON ST W,1.0,Intersection,Traffic Signal,Clear,Daylight,Dry,Non-Fatal Injury,Pedestrian Collisions,-79.3796,43.6472,January,Monday
9000146770,Driver,25 to 29,1.0,Pick Up Truck,,,,2019,2019-01-24,639,6,284 OAKWOOD AVE,,3.0,Mid-Block,No Control,Freezing Rain,"Dark, artificial",Ice,Non-Fatal Injury,Pedestrian Collisions,-79.4375,43.6842,January,Thursday
9000160108,Driver,55 to 59,4.0,"Automobile, Station Wagon",,,Yes,2019,2019-01-26,230,2,MCCOWAN RD,FINCH AVE E,1.0,Mid-Block,No Control,Clear,"Dark, artificial",Dry,Non-Fatal Injury,SMV Other,-79.2672,43.8095,January,Saturday
9000181850,Driver,50 to 54,3.0,"Automobile, Station Wagon",,Yes,,2019,2019-01-29,1527,15,PHARMACY AVE,HUNTINGWOOD DR,3.0,Intersection,Traffic Signal,Clear,Daylight,Wet,Non-Fatal Injury,Angle,-79.3201,43.7816,January,Tuesday
9000194955,Driver,45 to 49,1.0,Street Car,,,,2019,2019-01-31,1345,13,ST CLAIR AVE W,ST CLAIR GDNS,1.0,Intersection,No Control,Clear,Daylight,Loose Snow,Non-Fatal Injury,Pedestrian Collisions,-79.4448,43.6774,January,Thursday
9000198863,Passenger,35 to 39,3.0,,,,,2019,2019-02-01,258,2,MEADOWVALE RD,GENERATION BLVD,3.0,Intersection,Traffic Signal,Clear,"Dark, artificial",Loose Snow,Fatal,Angle,-79.1687,43.8041,February,Friday
9000211864,Driver,40 to 44,4.0,"Automobile, Station Wagon",,,Yes,2019,2019-02-02,2326,23,945 MIDLAND AVE,,1.0,Mid-Block,No Control,Snow,"Dark, artificial",Wet,Non-Fatal Injury,Approaching,-79.2592,43.737,February,Saturday
9000212648,Driver,30 to 34,3.0,Pick Up Truck,,,Yes,2019,2019-02-03,255,2,KINGSTON RD,HUNT CLUB DR,1.0,Intersection,No Control,Rain,"Dark, artificial",Wet,Non-Fatal Injury,Approaching,-79.2769,43.6834,February,Sunday
9000219394,Truck Driver,35 to 39,1.0,"Truck - Closed (Blazer, etc)",,,,2019,2019-02-04,854,8,BLOOR ST W,WINDERMERE AVE,1.0,Intersection,Traffic Signal,Clear,Daylight,Wet,Non-Fatal Injury,Pedestrian Collisions,-79.4804,43.6501,February,Monday
9000223499,Driver,85 to 89,1.0,"Automobile, Station Wagon",,,,2019,2019-02-04,1904,19,WARDEN AVE,GLEN SPRINGS DR,1.0,Intersection,No Control,Rain,"Dark, artificial",Wet,Non-Fatal Injury,Pedestrian Collisions,-79.3201,43.8045,February,Monday
9000232559,Driver,40 to 44,1.0,"Automobile, Station Wagon",,,,2019,2019-02-06,619,6,WILSON AVE,BATHURST ST,1.0,Mid-Block,No Control,Clear,"Dark, artificial",Dry,Non-Fatal Injury,Turning Movement,-79.4325,43.7374,February,Wednesday
9000242055,Driver,20 to 24,1.0,"Automobile, Station Wagon",Yes,,,2019,2019-02-07,1642,16,PHARMACY AVE,TRESTLESIDE GRV,3.0,Mid-Block,No Control,Rain,"Dark, artificial",Ice,Non-Fatal Injury,Approaching,-79.3073,43.75,February,Thursday
9000244817,Driver,65 to 69,4.0,Pick Up Truck,,,,2019,2019-02-08,330,3,COLLEGE ST,BAY ST,1.0,Intersection,Traffic Signal,Clear,"Dark, artificial",Dry,Non-Fatal Injury,Approaching,-79.3858,43.6607,February,Friday
9000283937,Driver,50 to 54,1.0,"Automobile, Station Wagon",,Yes,,2019,2019-02-14,1112,11,YONGE ST,WILLIAM CARSON CRES,1.0,Intersection,Traffic Signal,Clear,Daylight,Wet,Non-Fatal Injury,Turning Movement,-79.4074,43.7472,February,Thursday
9000294499,Truck Driver,60 to 64,1.0,Truck-Tractor,,,,2019,2019-02-15,2049,20,WESTON RD,ROGERS RD,1.0,Intersection,Yield Sign,Clear,"Dark, artificial",Wet,Non-Fatal Injury,Pedestrian Collisions,-79.4767,43.6815,February,Friday
9000296843,Pedestrian,85 to 89,2.0,,,,,2019,2019-02-16,907,9,WARDEN  AVE,BAMBURGH  CRCL,1.0,Mid-Block,No Control,Clear,Daylight,Wet,Fatal,Pedestrian Collisions,-79.3246,43.8153,February,Saturday
9000320789,Truck Driver,50 to 54,1.0,Truck-Tractor,,,,2019,2019-02-20,815,8,GERRARD ST E,MARJORY AVE,3.0,Mid-Block,No Control,Clear,Daylight,Wet,Non-Fatal Injury,Pedestrian Collisions,-79.338,43.6685,February,Wednesday
9000355790,Driver,30 to 34,1.0,"Automobile, Station Wagon",,,,2019,2019-02-25,1452,14,THE QUEENSWAY,GLENDALE AVE,1.0,Intersection,Traffic Signal,Clear,Daylight,Dry,Non-Fatal Injury,Pedestrian Collisions,-79.4512,43.6392,February,Monday
9000357586,Driver,60 to 64,1.0,"Automobile, Station Wagon",,,,2019,2019-02-25,1949,19,FINCH AVE W,PEARLDALE AVE,1.0,Intersection,Traffic Signal,Other,Dark,Other,Fatal,Pedestrian Collisions,-79.5623,43.7476,February,Monday
9000359952,Driver,60 to 64,1.0,"Automobile, Station Wagon",,,,2019,2019-02-26,835,8,DON MILLS RD,BOND AVE,1.0,Intersection,No Control,Clear,Daylight,Dry,Non-Fatal Injury,Turning Movement,-79.3458,43.7462,February,Tuesday
9000365892,Driver,65 to 69,1.0,"Automobile, Station Wagon",,,,2019,2019-02-27,602,6,2930 FINCH AVE E,,1.0,Mid-Block,No Control,Clear,Daylight,Dry,Non-Fatal Injury,Pedestrian Collisions,-79.3282,43.7937,February,Wednesday
9000380935,Driver,80 to 84,4.0,"Automobile, Station Wagon",,,,2019,2019-03-01,1105,11,MARTIN GROVE RD,REXDALE BLVD,1.0,Mid-Block,No Control,Clear,Daylight,Dry,Non-Fatal Injury,Angle,-79.5813,43.7144,March,Friday
9000383019,Driver,15 to 19,1.0,"Automobile, Station Wagon",,,,2019,2019-03-01,1609,16,2721 VICTORIA PARK AVE,,1.0,Mid-Block,No Control,Clear,Daylight,Dry,Non-Fatal Injury,Pedestrian Collisions,-79.3236,43.7764,March,Friday
9000402520,Pedestrian,25 to 29,4.0,,,,,2019,2019-03-04,1755,17,GARDINER LAKESHORE  E,LOWER JARVIS ST,9.0,Mid-Block,No Control,Clear,Daylight,Dry,Non-Fatal Injury,Pedestrian Collisions,-79.3703,43.6453,March,Monday
9000405023,Driver,60 to 64,4.0,"Automobile, Station Wagon",,,,2019,2019-03-05,547,5,HIGHWAY 27  N,HUMBER COLLEGE BLVD,1.0,Intersection,Traffic Signal,Clear,"Dark, artificial",Dry,Non-Fatal Injury,Approaching,-79.6013,43.7303,March,Tuesday
9000408644,Driver,20 to 24,1.0,"Automobile, Station Wagon",,,,2019,2019-03-05,1640,16,KINGSTON RD,SHARPE ST,1.0,Intersection,Traffic Signal,Clear,Daylight,Dry,Non-Fatal Injury,Pedestrian Collisions,-79.2512,43.7062,March,Tuesday
9000419013,Driver,55 to 59,1.0,Intercity Bus,,,,2019,2019-03-07,901,9,EGLINTON  AVE W,MCROBERTS  AVE,1.0,Mid-Block,No Control,,Daylight,Other,Fatal,Pedestrian Collisions,-79.4602,43.6933,March,Thursday
9000431673,Passenger,15 to 19,3.0,,,,Yes,2019,2019-03-09,231,2,LAKE SHORE BLVD W,BAY ST,1.0,Intersection,Traffic Signal,Clear,"Dark, artificial",Dry,Non-Fatal Injury,Rear End,-79.3777,43.6429,March,Saturday
9000449704,Passenger,35 to 39,4.0,,,,,2019,2019-03-12,44,0,DANFORTH AVE,BYNG AVE,1.0,Intersection,Traffic Signal,Clear,Dark,Dry,Non-Fatal Injury,Approaching,-79.28,43.6929,March,Tuesday
9000454509,Driver,65 to 69,1.0,"Automobile, Station Wagon",,,,2019,2019-03-12,1830,18,LAWSON RD,CENTENNIAL RD,2.0,Intersection,Stop Sign,Clear,Daylight,Dry,Non-Fatal Injury,Pedestrian Collisions,-79.1507,43.7874,March,Tuesday
9000456825,Driver,50 to 54,3.0,"Automobile, Station Wagon",Yes,,,2019,2019-03-13,555,5,STEELES AVE E,SEWELLS RD,3.0,Mid-Block,No Control,Clear,Dark,Ice,Non-Fatal Injury,Approaching,-79.2119,43.8455,March,Wednesday
9000457599,Driver,35 to 39,3.0,"Automobile, Station Wagon",,,,2019,2019-03-13,915,9,ROYAL YORK RD,KINGSGROVE BLVD,3.0,Intersection,No Control,Clear,Daylight,Dry,Non-Fatal Injury,Approaching,-79.514,43.6534,March,Wednesday
9000460326,Driver,55 to 59,1.0,Municipal Transit Bus (TTC),,,,2019,2019-03-13,1650,16,BAY ST,RICHMOND ST W,1.0,Intersection,Traffic Signal,Clear,Daylight,Dry,Non-Fatal Injury,Pedestrian Collisions,-79.3812,43.651,March,Wednesday
9000461892,Driver,70 to 74,1.0,"Automobile, Station Wagon",,,,2019,2019-03-13,2128,21,BATHURST ST,DUNDAS ST W,1.0,Intersection,Traffic Signal,Clear,"Dark, artificial",Dry,Non-Fatal Injury,Pedestrian Collisions,-79.4059,43.6522,March,Wednesday
9000475774,Driver,80 to 84,1.0,"Automobile, Station Wagon",,,,2019,2019-03-15,2246,22,MCCOWAN RD,ALTON TOWERS CRCL,1.0,Intersection,No Control,Rain,"Dark, artificial",Wet,Non-Fatal Injury,Pedestrian Collisions,-79.2758,43.8268,March,Friday
9000481898,Driver,60 to 64,1.0,"Automobile, Station Wagon",,,,2019,2019-03-16,2155,21,BAY ST,WELLINGTON ST W,1.0,Intersection,Traffic Signal,Clear,"Dark, artificial",Wet,Non-Fatal Injury,Pedestrian Collisions,-79.3796,43.6472,March,Saturday
9000483734,Driver,20 to 24,1.0,"Automobile, Station Wagon",Yes,,,2019,2019-03-17,630,6,KING ST E,PARLIAMENT ST,1.0,Mid-Block,No Control,Clear,"Dark, artificial",Dry,Non-Fatal Injury,SMV Other,-79.3637,43.6523,March,Sunday
9000490113,Driver,30 to 34,1.0,Pick Up Truck,,,,2019,2019-03-18,914,9,DANFORTH AVE,JONES AVE,1.0,Intersection,Traffic Signal,Clear,Daylight,Dry,Non-Fatal Injury,Pedestrian Collisions,-79.3401,43.6798,March,Monday
9000492756,Driver,50 to 54,1.0,"Automobile, Station Wagon",,,,2019,2019-03-18,1545,15,LESLIE ST,FINCH AVE E,1.0,Intersection,Traffic Signal,Clear,Daylight,Dry,Non-Fatal Injury,Pedestrian Collisions,-79.368,43.7899,March,Monday
9000494467,Driver,unknown,1.0,"Automobile, Station Wagon",,,,2019,2019-03-18,2016,20,EDWARD ST,BAY ST,2.0,Mid-Block,No Control,Clear,"Dark, artificial",Dry,Non-Fatal Injury,Cyclist Collisions,-79.3828,43.6566,March,Monday
9000505193,Driver,40 to 44,1.0,"Automobile, Station Wagon",,,,2019,2019-03-20,1222,12,NORTH QUEEN ST,MEDULLA AVE,3.0,Intersection,No Control,Clear,Daylight,Dry,Non-Fatal Injury,Pedestrian Collisions,-79.5454,43.6213,March,Wednesday
9000507586,Driver,35 to 39,1.0,"Automobile, Station Wagon",,,,2019,2019-03-20,1822,18,BLOOR ST W,AVENUE RD,1.0,Mid-Block,No Control,Clear,Daylight,Dry,Non-Fatal Injury,Turning Movement,-79.3934,43.6687,March,Wednesday
9000524060,Driver,25 to 29,1.0,"Automobile, Station Wagon",,,,2019,2019-03-23,330,3,SHEPPARD AVE W,SUNFIELD RD,1.0,Intersection,Stop Sign,Other,Other,,Fatal,Turning Movement,-79.4925,43.7434,March,Saturday