ACCNUM,INVTYPE,INVAGE,INJURY_ID,VEHTYPE,SPEEDING,REDLIGHT,ALCOHOL,YEAR,DATE,TIME,HOUR,STREET1,STREET2,ROAD_CLASS_ID,LOCCOORD,TRAFFCTL,VISIBILITY,LIGHT,RDSFCOND,ACCLASS,IMPACTYPE,Longitude,Latitude,Month,Day_of_Week
9000525520,Truck Driver,55 to 59,1.0,Truck-Tractor,,,,2019,2019-03-23,1112,11,EGLINTON AVE W,MARTIN GROVE RD,1.0,Intersection,Traffic Signal,Clear,Daylight,Dry,Non-Fatal Injury,Rear End,-79.5631,43.6744,March,Saturday
9000528494,Driver,60 to 64,1.0,"Automobile, Station Wagon",,,,2019,2019-03-23,1950,19,BREADALBANE ST,BAY ST,4.0,Mid-Block,No Control,Clear,Daylight,Dry,Non-Fatal Injury,Cyclist Collisions,-79.3859,43.6634,March,Saturday
9000535271,Driver,30 to 34,1.0,Passenger Van,,,,2019,2019-03-24,2235,22,KEELE ST,WILSON AVE,1.0,Intersection,Traffic Signal,Clear,"Dark, artificial",Dry,Non-Fatal Injury,Turning Movement,-79.482,43.7265,March,Sunday
9000541174,Driver,45 to 49,1.0,"Automobile, Station Wagon",,,,2019,2019-03-25,1900,19,DREWRY AVE,CHELMSFORD AVE,3.0,Intersection,No Control,Clear,Daylight,Dry,Non-Fatal Injury,Pedestrian Collisions,-79.4365,43.7828,March,Monday
9000544201,Driver,30 to 34,1.0,"Automobile, Station Wagon",,,,2019,2019-03-26,930,9,UNIVERSITY AVE,EDWARD ST,1.0,Intersection,Stop Sign,Clear,Daylight,Dry,Non-Fatal Injury,Angle,-79.3885,43.6553,March,Tuesday
9000563702,Pedestrian,60 to 64,2.0,,,,,2019,2019-03-29,630,6,BLOOR  ST E,SHERBOURNE ST,1.0,Intersection,Traffic Signal,Other,Other,Other,Fatal,Pedestrian Collisions,-79.3768,43.6722,March,Friday
9000568934,Driver,20 to 24,1.0,"Automobile, Station Wagon",,,,2019,2019-03-29,2022,20,BAYVIEW AVE,ROSEDALE VALLEY RD,1.0,Intersection,Traffic Signal,Clear,Daylight,Dry,Non-Fatal Injury,Turning Movement,-79.3601,43.6701,March,Friday
9000570843,Driver,30 to 34,4.0,"Automobile, Station Wagon",Yes,,,2019,2019-03-30,352,3,2747 ST CLAIR AVE E,,1.0,Mid-Block,No Control,Clear,"Dark, artificial",Dry,Non-Fatal Injury,SMV Other,-79.3086,43.7062,March,Saturday
9000583629,Driver,30 to 34,1.0,Street Car,,,,2019,2019-04-01,848,8,QUEEN ST E,CARROLL ST,1.0,Intersection,Pedestrian Crossover,Clear,Daylight,Dry,Non-Fatal Injury,Pedestrian Collisions,-79.3521,43.6582,April,Monday
9000588881,Driver,20 to 24,1.0,"Automobile, Station Wagon",Yes,,,2019,2019-04-01,2343,23,MCCOWAN RD,ELLESMERE RD,1.0,Intersection,Traffic Signal,Clear,"Dark, artificial",Dry,Non-Fatal Injury,Pedestrian Collisions,-79.2514,43.772,April,Monday
9000589078,Driver,20 to 24,1.0,"Automobile, Station Wagon",,,,2019,2019-04-02,55,0,STEELES AVE E,ASPENWOOD DR,1.0,Mid-Block,No Control,Clear,Dark,Dry,Non-Fatal Injury,Pedestrian Collisions,-79.3666,43.8097,April,Tuesday
9000618194,Pedestrian,85 to 89,2.0,,,,,2019,2019-04-06,907,9,SCOTTFIELD DR,FINCH AVE E,1.0,Intersection,Traffic Signal,Clear,Daylight,Dry,Fatal,Pedestrian Collisions,-79.2528,43.8107,April,Saturday
9000618680,Driver,65 to 69,5.0,"Automobile, Station Wagon",Yes,,,2019,2019-04-06,1041,10,VICTORIA PARK AVE,FINCH AVE E,1.0,Intersection,Traffic Signal,Clear,Daylight,Dry,Fatal,Approaching,-79.3313,43.793,April,Saturday
9000625223,Driver,25 to 29,4.0,"Automobile, Station Wagon",,,,2019,2019-04-07,1113,11,THE WEST MALL,CIVIC CENTRE CRT,3.0,Intersection,Traffic Signal,Clear,Daylight,Dry,Non-Fatal Injury,SMV Other,-79.5659,43.6421,April,Sunday
9000625948,Driver,65 to 69,1.0,Pick Up Truck,,,,2019,2019-04-07,1330,13,PORT UNION RD,CONFERENCE BLVD,3.0,Intersection,Traffic Signal,Clear,Daylight,Dry,Non-Fatal Injury,Pedestrian Collisions,-79.1393,43.786,April,Sunday
9000637791,Driver,20 to 24,1.0,"Automobile, Station Wagon",,,,2019,2019-04-09,853,8,JANE ST,EGLINTON AVE W,1.0,Mid-Block,No Control,Clear,Daylight,Dry,Non-Fatal Injury,Pedestrian Collisions,-79.4992,43.6858,April,Tuesday
9000638923,Driver,20 to 24,1.0,"Automobile, Station Wagon",,,,2019,2019-04-09,1132,11,ST CLAIR AVE W,YONGE ST,1.0,Intersection,Traffic Signal,Clear,Daylight,Dry,Non-Fatal Injury,Pedestrian Collisions,-79.394,43.688,April,Tuesday
9000650063,Passenger,25 to 29,4.0,,Yes,,,2019,2019-04-10,2138,21,DANFORTH RD,TRUDELLE ST,1.0,Mid-Block,No Control,Clear,"Dark, artificial",Dry,Non-Fatal Injury,Turning Movement,-79.2455,43.7404,April,Wednesday
9000657461,Driver,unknown,1.0,"Automobile, Station Wagon",Yes,,,2019,2019-04-11,2355,23,ROYAL YORK RD,MEADOWVALE DR,3.0,Intersection,No Control,Clear,"Dark, artificial",Dry,Non-Fatal Injury,Approaching,-79.5105,43.6455,April,Thursday
9000660367,Driver,50 to 54,4.0,Delivery Van,,,,2019,2019-04-12,1228,12,15 AUSTREY CRT,,4.0,Mid-Block,No Control,Clear,Daylight,Dry,Non-Fatal Injury,SMV Other,-79.5076,43.7319,April,Friday
9000663260,Driver,35 to 39,1.0,"Automobile, Station Wagon",,,,2019,2019-04-10,1515,15,QUEEN ST W,SHAW ST,1.0,Intersection,Traffic Signal,Clear,Daylight,Dry,Non-Fatal Injury,Cyclist Collisions,-79.4162,43.6446,April,Wednesday
9000671452,Pedestrian,20 to 24,4.0,,,,,2019,2019-04-14,151,1,COLLEGE ST,Spadina Ave,1.0,Intersection,Traffic Signal,Clear,"Dark, artificial",Dry,Non-Fatal Injury,Pedestrian Collisions,-79.4,43.6579,April,Sunday
9000685425,Driver,50 to 54,3.0,"Automobile, Station Wagon",,,,2019,2019-04-16,1000,10,DON MILLS RD,KERN RD,1.0,Intersection,No Control,Clear,Daylight,Dry,Non-Fatal Injury,Turning Movement,-79.3468,43.75,April,Tuesday
9000691466,Driver,60 to 64,1.0,"Automobile, Station Wagon",,,,2019,2019-04-17,805,8,SHEPPARD AVE E,KENNEDY RD,1.0,Mid-Block,No Control,Clear,Daylight,Dry,Non-Fatal Injury,Pedestrian Collisions,-79.2922,43.7822,April,Wednesday
9000700060,Driver,unknown,1.0,"Automobile, Station Wagon",,,,2019,2019-04-18,1145,11,VICTORIA ST,LOMBARD ST,2.0,Intersection,Stop Sign,Clear,Daylight,Dry,Non-Fatal Injury,Pedestrian Collisions,-79.3774,43.6512,April,Thursday
9000709404,Driver,25 to 29,1.0,"Automobile, Station Wagon",,Yes,,2019,2019-04-19,2145,21,LAKE SHORE BLVD W,JAMESON AVE,1.0,Intersection,Traffic Signal,Rain,"Dark, artificial",Wet,Non-Fatal Injury,Pedestrian Collisions,-79.4345,43.6332,April,Friday
9000716051,Driver,20 to 24,1.0,"Automobile, Station Wagon",Yes,,,2019,2019-04-21,108,1,F G GARDINER XY  W,ROYAL YORK RD,8.0,Mid-Block,No Control,Clear,"Dark, artificial",Dry,Non-Fatal Injury,Sideswipe,-79.503,43.6224,April,Sunday
9000727833,Driver,50 to 54,1.0,"Automobile, Station Wagon",,,,2019,2019-04-23,552,5,DANFORTH AVE,ELDON AVE,1.0,Intersection,No Control,Clear,"Dark, artificial",Dry,Non-Fatal Injury,Turning Movement,-79.2914,43.6904,April,Tuesday
9000731621,Driver,20 to 24,1.0,"Automobile, Station Wagon",,,,2019,2019-04-23,1632,16,COMRIE TER,BRIMLEY RD,2.0,Mid-Block,No Control,Clear,Daylight,Dry,Non-Fatal Injury,Pedestrian Collisions,-79.2418,43.7275,April,Tuesday
9000736096,Driver,60 to 64,1.0,"Automobile, Station Wagon",,,,2019,2019-04-24,1005,10,UNIVERSITY AVE,DUNDAS ST W,1.0,Intersection,Traffic Signal,Clear,Daylight,Dry,Non-Fatal Injury,Pedestrian Collisions,-79.3882,43.6547,April,Wednesday
9000738008,Driver,35 to 39,4.0,Other,,,,2019,2019-04-24,1500,15,FINCH AVE E,WILLOWDALE AVE,1.0,Intersection,Traffic Signal,Clear,Daylight,Dry,Non-Fatal Injury,Turning Movement,-79.2576,43.8098,April,Wednesday
9000755866,Driver,25 to 29,4.0,"Automobile, Station Wagon",Yes,,,2019,2019-04-27,309,3,EASTERN AVE,LEWIS ST,1.0,Intersection,No Control,Clear,"Dark, artificial",Dry,Non-Fatal Injury,SMV Other,-79.3475,43.6564,April,Saturday
9000775776,Driver,40 to 44,1.0,Municipal Transit Bus (TTC),,,,2019,2019-04-30,725,7,STAINES RD,SOLSTICE DR,4.0,Intersection,No Control,Clear,Daylight,Dry,Non-Fatal Injury,Pedestrian Collisions,-79.2314,43.8365,April,Tuesday
9000786500,Driver,55 to 59,1.0,"Automobile, Station Wagon",,,,2019,2019-05-01,1634,16,FAIRFAX CRES,WARDEN AVE,1.0,Intersection,Traffic Signal,Rain,Daylight,Wet,Non-Fatal Injury,Pedestrian Collisions,-79.2827,43.7161,May,Wednesday
9000789111,Driver,30 to 34,4.0,"Automobile, Station Wagon",,,Yes,2019,2019-05-02,200,2,BROWNS LINE,HORNER AVE,1.0,Intersection,Traffic Signal,Clear,"Dark, artificial",Wet,Non-Fatal Injury,SMV Other,-79.5452,43.6016,May,Thursday
9000794551,Driver,35 to 39,1.0,"Automobile, Station Wagon",,,,2019,2019-05-02,1755,17,THE QUEENSWAY,LADY BANK RD,1.0,Intersection,Traffic Signal,Clear,Daylight,Dry,Non-Fatal Injury,Pedestrian Collisions,-79.5116,43.6242,May,Thursday
9000795261,Driver,unknown,1.0,Pick Up Truck,,,,2019,2019-05-02,1940,19,DUFFERIN ST,GEARY AVE,1.0,Intersection,No Control,Clear,Dusk,Dry,Non-Fatal Injury,Turning Movement,-79.4395,43.6695,May,Thursday
9000814288,Driver,25 to 29,3.0,"Automobile, Station Wagon",Yes,,,2019,2019-05-05,1530,15,1140 SHEPPARD AVE W,,1.0,Mid-Block,No Control,Clear,Daylight,Dry,Non-Fatal Injury,Angle,-79.4685,43.7531,May,Sunday
9000814604,Driver,45 to 49,1.0,"Automobile, Station Wagon",,,,2019,2019-05-05,1630,16,HIGHWAY 27  N,ROYALCREST RD,1.0,Intersection,Traffic Signal,Clear,Daylight,Dry,Non-Fatal Injury,SMV Other,-79.6104,43.7496,May,Sunday
9000820433,Driver,70 to 74,1.0,"Automobile, Station Wagon",,,,2019,2019-05-06,1320,13,DUNDAS ST W,EUCLID AVE,1.0,Intersection,Stop Sign,Clear,Daylight,Dry,Non-Fatal Injury,Cyclist Collisions,-79.4096,43.6514,May,Monday
9000824432,Driver,25 to 29,4.0,"Automobile, Station Wagon",Yes,,,2019,2019-05-07,211,2,WOODBINE AVE,QUEEN ST E,1.0,Mid-Block,No Control,Clear,"Dark, artificial",Dry,Non-Fatal Injury,SMV Unattended Vehicle,-79.305,43.667,May,Tuesday
9000846736,Driver,15 to 19,2.0,"Automobile, Station Wagon",Yes,,,2019,2019-05-10,124,1,BRIMLEY RD,MCNICOLL AVE,1.0,Mid-Block,No Control,Rain,"Dark, artificial",Wet,Fatal,SMV Other,-79.2822,43.8164,May,Friday
9000865737,Driver,40 to 44,1.0,"Automobile, Station Wagon",,,,2019,2019-05-12,2045,20,LAKE SHORE BLVD W,KIPLING AVE,1.0,Intersection,Traffic Signal,Rain,"Dark, artificial",Wet,Non-Fatal Injury,Pedestrian Collisions,-79.5169,43.5981,May,Sunday
9000885812,Driver,25 to 29,1.0,"Automobile, Station Wagon",,,,2019,2019-05-15,1559,15,91 ANNETTE ST,,3.0,Mid-Block,No Control,Clear,Daylight,Dry,Non-Fatal Injury,Cyclist Collisions,-79.4628,43.6634,May,Wednesday
9000902435,Driver,65 to 69,1.0,"Automobile, Station Wagon",,,,2019,2019-05-17,2100,21,DUFFERIN ST,QUEEN ST W,1.0,Intersection,Traffic Signal,Clear,"Dark, artificial",Dry,Non-Fatal Injury,Turning Movement,-79.4286,43.6421,May,Friday
9000912450,Driver,25 to 29,1.0,"Automobile, Station Wagon",,,,2019,2019-05-19,1154,11,KING ST W,JAMESON AVE,1.0,Intersection,Traffic Signal,Clear,Daylight,Dry,Non-Fatal Injury,Pedestrian Collisions,-79.4359,43.6371,May,Sunday
9000918002,Driver,45 to 49,5.0,Street Car,,,,2019,2019-05-20,920,9,QUEENS QUAY W,YORK ST,3.0,Intersection,Traffic Signal,Clear,Daylight,Dry,Non-Fatal Injury,Pedestrian Collisions,-79.3801,43.6398,May,Monday
9000925412,Driver,75 to 79,1.0,"Automobile, Station Wagon",,,,2019,2019-05-21,1143,11,QUEEN ST W,SHAW ST,1.0,Intersection,Traffic Signal,Clear,Daylight,Dry,Non-Fatal Injury,Pedestrian Collisions,-79.4162,43.6446,May,Tuesday
9000931177,Motorcycle Driver,20 to 24,4.0,Motorcycle,,Yes,,2019,2019-05-22,724,7,KENNEDY RD,FINCH AVE E,1.0,Intersection,Traffic Signal,Clear,Daylight,Dry,Non-Fatal Injury,Angle,-79.2965,43.8011,May,Wednesday
9000933967,Truck Driver,35 to 39,1.0,Truck - Tank,,,,2019,2019-05-22,1439,14,RICHMOND ST W,AUGUSTA AVE,1.0,Intersection,No Control,Clear,Daylight,Dry,Non-Fatal Injury,Pedestrian Collisions,-79.3993,43.6472,May,Wednesday
9000941507,Driver,30 to 34,5.0,Street Car,Yes,,,2019,2019-05-23,1535,15,350 QUEENS QUAY W,,3.0,Intersection,Traffic Signal,Clear,Daylight,Dry,Non-Fatal Injury,Approaching,-79.3886,43.6382,May,Thursday
9000942318,Driver,70 to 74,1.0,"Automobile, Station Wagon",,,,2019,2019-05-23,1730,17,QUEEN ST E,CARROLL ST,1.0,Intersection,Pedestrian Crossover,Clear,Daylight,Dry,Non-Fatal Injury,Pedestrian Collisions,-79.3521,43.6582,May,Thursday
9000946918,Driver,50 to 54,1.0,"Automobile, Station Wagon",,,,2019,2019-05-24,1100,11,KING ST E,BRIGHT ST,1.0,Intersection,Stop Sign,Clear,Daylight,Dry,Non-Fatal Injury,Cyclist Collisions,-79.3589,43.6551,May,Friday
9000963732,Driver,25 to 29,1.0,"Automobile, Station Wagon",,,,2019,2019-05-26,1757,17,CARLTON ST,BERKELEY ST,,Mid-Block,No Control,Clear,Daylight,Dry,Non-Fatal Injury,Cyclist Collisions,-79.3692,43.6639,May,Sunday
9000964152,Driver,80 to 84,1.0,Passenger Van,,,,2019,2019-05-26,1914,19,NORTH QUEEN ST,INDEX RD,3.0,Intersection,Traffic Signal,Clear,Daylight,Dry,Non-Fatal Injury,Pedestrian Collisions,-79.5537,43.6194,May,Sunday
9000969517,Driver,unknown,1.0,"Automobile, Station Wagon",,,,2019,2019-05-26,910,9,SIMCOE ST,PEARL ST,2.0,Intersection,No Control,Clear,Daylight,Dry,Non-Fatal Injury,Cyclist Collisions,-79.3863,43.6479,May,Sunday
9000983985,Driver,20 to 24,1.0,Truck (other),,,,2019,2019-05-29,1328,13,14 PLYMBRIDGE RD,,4.0,Mid-Block,No Control,Clear,Daylight,Dry,Fatal,SMV Other,-79.3997,43.7396,May,Wednesday
9000994854,Driver,20 to 24,1.0,Passenger Van,,,,2019,2019-05-30,2236,22,LAKE SHORE BLVD W,ONTARIO DR,1.0,Intersection,Traffic Signal,Clear,"Dark, artificial",Dry,Non-Fatal Injury,Turning Movement,-79.4197,43.6303,May,Thursday
9001001982,Motorcycle Driver,35 to 39,4.0,Motorcycle,Yes,Yes,,2019,2019-05-31,2123,21,WOODBINE AVE,GERRARD ST E,1.0,Intersection,Traffic Signal,Clear,Daylight,Dry,Non-Fatal Injury,Turning Movement,-79.3107,43.6807,May,Friday
9001003042,Driver,35 to 39,4.0,"Automobile, Station Wagon",Yes,,Yes,2019,2019-06-01,45,0,BLACK CREEK DR,LAWRENCE AVE W,1.0,Intersection,Traffic Signal,Clear,"Dark, artificial",Dry,Non-Fatal Injury,Rear End,-79.494,43.7048,June,Saturday
9001006697,Cyclist,30 to 34,4.0,Bicycle,,,,2019,2019-06-01,1515,15,BLOOR ST W,KEELE ST,1.0,Intersection,Traffic Signal,Clear,Daylight,Dry,Non-Fatal Injury,Cyclist Collisions,-79.46,43.6546,June,Saturday
9001007644,Cyclist,15 to 19,4.0,Bicycle,,,,2019,2019-06-01,1827,18,DUNDAS ST W,ANNETTE ST,1.0,Intersection,Traffic Signal,Clear,Daylight,Dry,Non-Fatal Injury,Cyclist Collisions,-79.4587,43.6644,June,Saturday
9001012160,Driver,60 to 64,1.0,Pick Up Truck,,,,2019,2019-06-02,1247,12,MCLEVIN AVE,HUPFIELD TRL,3.0,Intersection,Traffic Signal,Clear,Daylight,Dry,Non-Fatal Injury,Pedestrian Collisions,-79.2199,43.8102,June,Sunday
9001020471,Driver,60 to 64,1.0,"Automobile, Station Wagon",,,,2019,2019-06-03,1524,15,MIDLAND AVE,LOCKIE AVE,1.0,Intersection,Traffic Signal,Clear,Daylight,Dry,Non-Fatal Injury,Pedestrian Collisions,-79.28,43.7888,June,Monday
9001020911,Driver,45 to 49,1.0,"Automobile, Station Wagon",,,,2019,2019-06-03,1624,16,STEELES  AVE E,BESTVIEW  DR,1.0,Intersection,No Control,Clear,Daylight,Dry,Non-Fatal Injury,Pedestrian Collisions,-79.3833,43.806,June,Monday
9001022166,Driver,20 to 24,4.0,"Automobile, Station Wagon",,,,2019,2019-06-03,1936,19,LAKE SHORE BLVD W,NEWFOUNDLAND RD,1.0,Intersection,Traffic Signal,Clear,Daylight,Dry,Non-Fatal Injury,Cyclist Collisions,-79.4108,43.6323,June,Monday
9001042474,Driver,60 to 64,5.0,"Automobile, Station Wagon",,,,2019,2019-06-06,1550,15,3 DREWRY AVE,,3.0,Intersection,Traffic Signal,Clear,Daylight,Dry,Non-Fatal Injury,Pedestrian Collisions,-79.4173,43.7869,June,Thursday
9001044395,Motorcycle Driver,30 to 34,2.0,Motorcycle,,Yes,,2019,2019-06-06,2124,21,SHEPPARD AVE W,GODDARD ST,1.0,Intersection,Traffic Signal,Clear,Dark,Dry,Fatal,Turning Movement,-79.448,43.7534,June,Thursday
9001051544,Driver,40 to 44,1.0,"Automobile, Station Wagon",,,,2019,2019-06-07,1925,19,DANFORTH AVE,COXWELL AVE,1.0,Mid-Block,No Control,Clear,"Daylight, artificial",Dry,Non-Fatal Injury,Pedestrian Collisions,-79.3225,43.6834,June,Friday
9001051786,Driver,unknown,1.0,"Automobile, Station Wagon",,,,2019,2019-06-07,2018,20,FINCH AVE W,MILVAN DR,1.0,Intersection,Traffic Signal,Clear,Dusk,Dry,Non-Fatal Injury,Pedestrian Collisions,-79.5522,43.7498,June,Friday
9001053641,Motorcycle Driver,25 to 29,4.0,Motorcycle,,,,2019,2019-06-08,235,2,F G GARDINER XY  W,WINDERMERE AVE,8.0,Mid-Block,No Control,Clear,"Dark, artificial",Dry,Non-Fatal Injury,SMV Other,-79.468,43.636,June,Saturday
9001064376,Driver,25 to 29,4.0,"Automobile, Station Wagon",Yes,,,2019,2019-06-09,1812,18,SOUTH KINGSWAY,GARDINER QUEENSWAY W RAMP,10.0,Mid-Block,No Control,Clear,Daylight,Dry,Non-Fatal Injury,SMV Other,-79.4744,43.6355,June,Sunday
9001065418,Motorcycle Driver,30 to 34,4.0,Motorcycle,,,,2019,2019-06-09,2132,21,QUEENS QUAY E,FREELAND ST,3.0,Intersection,No Control,Clear,"Dark, artificial",Dry,Non-Fatal Injury,Turning Movement,-79.373,43.6424,June,Sunday
9001076374,Driver,55 to 59,1.0,"Automobile, Station Wagon",,,,2019,2019-06-11,1305,13,ST CLAIR AVE E,NORTH WOODROW BLVD,1.0,Intersection,No Control,Clear,Daylight,Dry,Non-Fatal Injury,Pedestrian Collisions,-79.2667,43.7151,June,Tuesday
9001080301,Driver,20 to 24,1.0,"Automobile, Station Wagon",,,,2019,2019-06-11,2313,23,ST CLAIR AVE W,OLD WESTON RD,1.0,Intersection,Traffic Signal,Clear,"Dark, artificial",Dry,Non-Fatal Injury,Pedestrian Collisions,-79.463,43.6734,June,Tuesday
9001086071,Driver,55 to 59,1.0,"Automobile, Station Wagon",,,,2019,2019-06-12,1750,17,BLOOR ST W,JOPLING AVE N,1.0,Intersection,No Control,Clear,Daylight,Dry,Non-Fatal Injury,Pedestrian Collisions,-79.5395,43.6408,June,Wednesday
9001093833,Pedestrian,65 to 69,4.0,,,,Yes,2019,2019-06-13,1917,19,EGLINTON AVE WEST,HARTLEY AVE,,Mid-Block,No Control,Clear,Daylight,Dry,Non-Fatal Injury,Pedestrian Collisions,-79.4545,43.6947,June,Thursday
9001093937,Driver,80 to 84,2.0,"Automobile, Station Wagon",,,,2019,2019-06-13,1934,19,SHEPPARD AVE E,FAIRVIEW MALL DR,1.0,Intersection,Traffic Signal,Clear,Daylight,Wet,Fatal,Turning Movement,-79.3411,43.7761,June,Thursday
9001103097,Driver,20 to 24,1.0,"Automobile, Station Wagon",,,,2019,2019-06-15,48,0,QUEEN ST W,DUFFERIN ST,1.0,Intersection,Traffic Signal,Clear,"Dark, artificial",Dry,Non-Fatal Injury,Cyclist Collisions,-79.4286,43.6421,June,Saturday
9001113942,Cyclist,50 to 54,4.0,Bicycle,,,,2019,2019-06-16,1710,17,EVANS AVE,HORNER AVE,1.0,Intersection,Traffic Signal,Clear,Daylight,Dry,Non-Fatal Injury,Cyclist Collisions,-79.5188,43.6169,June,Sunday
9001127498,Driver,15 to 19,1.0,"Automobile, Station Wagon",,,,2019,2019-06-18,1200,12,THE QUEENSWAY,NORTH QUEEN ST,1.0,Intersection,Traffic Signal,Clear,Daylight,Dry,Fatal,Turning Movement,-79.5561,43.6141,June,Tuesday
9001128278,Driver,70 to 74,4.0,Passenger Van,,,,2019,2019-06-18,1416,14,LEARMONT DR,SANDWELL DR,4.0,Intersection,Stop Sign,Clear,Daylight,Dry,Non-Fatal Injury,SMV Other,-79.5652,43.6884,June,Tuesday
9001133946,Cyclist,20 to 24,4.0,Bicycle,,,,2019,2019-06-19,925,9,BIRCHMOUNT RD,FOXRIDGE DR,3.0,Intersection,Traffic Signal,Clear,Daylight,Dry,Non-Fatal Injury,Cyclist Collisions,-79.2744,43.7217,June,Wednesday
9001143584,Pedestrian,35 to 39,2.0,,,,,2019,2019-06-20,1315,13,REGENT PARK BLVD,,1.0,Intersection,Traffic Signal,Clear,Daylight,Dry,Fatal,Pedestrian Collisions,-79.3617,43.6602,June,Thursday
9001144678,Driver,70 to 74,1.0,"Automobile, Station Wagon",,,,2019,2019-06-20,1532,15,DANFORTH AVE,BYRON AVE,1.0,Mid-Block,No Control,Clear,Daylight,Dry,Non-Fatal Injury,Turning Movement,-79.3362,43.6805,June,Thursday
9001146932,Driver,unknown,1.0,"Automobile, Station Wagon",,,,2019,2019-06-20,2204,22,ST CLAIR AVE E,BIRCHMOUNT RD,1.0,Intersection,Traffic Signal,Rain,"Dark, artificial",Wet,Non-Fatal Injury,Pedestrian Collisions,-79.271,43.714,June,Thursday
9001150354,Driver,65 to 69,1.0,Pick Up Truck,,,,2019,2019-06-21,1230,12,ISLINGTON AVE,MEADOWVALE DR,1.0,Intersection,No Control,Clear,Daylight,Dry,Non-Fatal Injury,Turning Movement,-79.5226,43.6428,June,Friday
9001160017,Passenger,10 to 14,3.0,"Automobile, Station Wagon",,Yes,,2019,2019-06-22,1909,19,LAWRENCE AVE E,SCARBOROUGH GOLF CLUB RD,1.0,Intersection,Traffic Signal,Clear,Daylight,Dry,Fatal,Angle,-79.2158,43.7617,June,Saturday
9001177168,Driver,30 to 34,1.0,"Automobile, Station Wagon",,,,2019,2019-06-25,820,8,PHARMACY AVE,PRINCEWAY DR,3.0,Intersection,Stop Sign,Clear,Daylight,Dry,Non-Fatal Injury,Turning Movement,-79.3086,43.753,June,Tuesday
9001180401,Driver,50 to 54,5.0,Pick Up Truck,,,,2019,2019-06-25,1609,16,NORTHLAND AVE,WESTON RD,1.0,Intersection,Traffic Signal,Clear,Daylight,Dry,Non-Fatal Injury,Cyclist Collisions,-79.474,43.6788,June,Tuesday
9001182119,Driver,20 to 24,1.0,"Automobile, Station Wagon",,,,2019,2019-06-25,2002,20,MIDLAND AVE,MIDWEST RD,1.0,Mid-Block,No Control,Clear,Daylight,Dry,Non-Fatal Injury,Pedestrian Collisions,-79.2661,43.7546,June,Tuesday
9001182674,Driver,65 to 69,5.0,"Automobile, Station Wagon",,,,2019,2019-06-25,2213,22,715 FINCH AVE W,,1.0,Mid-Block,No Control,Clear,"Dark, artificial",Dry,Non-Fatal Injury,Turning Movement,-79.4644,43.7693,June,Tuesday
9001184914,Driver,40 to 44,1.0,Truck - Open,,,,2019,2019-06-26,902,9,VICTORIA ST,QUEEN ST E,1.0,Intersection,Traffic Signal,Clear,Daylight,Dry,Fatal,Pedestrian Collisions,-79.378,43.6526,June,Wednesday
9001196370,Driver,40 to 44,1.0,Pick Up Truck,,,,2019,2019-06-27,1850,18,LAKE SHORE BLVD W,TENTH ST,1.0,Intersection,Traffic Signal,Clear,Daylight,Dry,Non-Fatal Injury,Pedestrian Collisions,-79.5085,43.5999,June,Thursday
9001201240,Cyclist,60 to 64,4.0,Bicycle,,,,2019,2019-06-28,1222,12,ADELAIDE ST E,BERKELEY ST,1.0,Intersection,Traffic Signal,Clear,Daylight,Dry,Non-Fatal Injury,Cyclist Collisions,-79.3647,43.6529,June,Friday
9001220436,Driver,55 to 59,1.0,"Automobile, Station Wagon",,,,2019,2019-07-01,719,7,ST CLAIR AVE W,OAKWOOD AVE,1.0,Intersection,Traffic Signal,Clear,Daylight,Dry,Non-Fatal Injury,Pedestrian Collisions,-79.4356,43.6795,July,Monday
9001227477,Driver,55 to 59,1.0,"Automobile, Station Wagon",,Yes,,2019,2019-07-02,1015,10,BRIMLEY RD,KINGSTON RD,1.0,Intersection,Traffic Signal,Clear,Daylight,Dry,Non-Fatal Injury,Angle,-79.2403,43.7181,July,Tuesday
9001233814,Driver,40 to 44,4.0,"Automobile, Station Wagon",,,,2019,2019-07-03,635,6,MORTIMER AVE,WOODBINE AVE,3.0,Intersection,Stop Sign,Clear,Daylight,Dry,Non-Fatal Injury,SMV Other,-79.3157,43.6924,July,Wednesday
9001234049,Driver,40 to 44,1.0,"Automobile, Station Wagon",,,,2019,2019-07-03,735,7,DAVENPORT RD,HECTOR AVE,3.0,Intersection,No Control,Clear,"Daylight, artificial",Dry,Non-Fatal Injury,Cyclist Collisions,-79.424,43.6752,July,Wednesday
9001234628,Driver,45 to 49,5.0,"Automobile, Station Wagon",,,,2019,2019-07-03,920,9,LAWRENCE AVE W,KEELE ST,1.0,Mid-Block,No Control,Clear,Daylight,Dry,Non-Fatal Injury,Pedestrian Collisions,-79.478,43.7085,July,Wednesday
9001242183,Motorcycle Driver,55 to 59,4.0,Motorcycle,,,,2019,2019-07-04,910,9,PHARMACY AVE,LAWRENCE AVE E,1.0,Intersection,Traffic Signal,Clear,Daylight,Dry,Non-Fatal Injury,Turning Movement,-79.3046,43.7432,July,Thursday