ACCNUM,INVTYPE,INVAGE,INJURY_ID,VEHTYPE,SPEEDING,REDLIGHT,ALCOHOL,YEAR,DATE,TIME,HOUR,STREET1,STREET2,ROAD_CLASS_ID,LOCCOORD,TRAFFCTL,VISIBILITY,LIGHT,RDSFCOND,ACCLASS,IMPACTYPE,Longitude,Latitude,Month,Day_of_Week
9001246543,Driver,30 to 34,4.0,"Automobile, Station Wagon",Yes,,,2019,2019-07-04,1915,19,YONGE ST,ABITIBI AVE,1.0,Intersection,No Control,Clear,Daylight,Dry,Non-Fatal Injury,Turning Movement,-79.4195,43.7962,July,Thursday
9001264141,Driver,25 to 29,4.0,"Automobile, Station Wagon",Yes,,,2019,2019-07-07,612,6,ROCKWELL AVE,OLD WESTON RD,2.0,Intersection,Stop Sign,Clear,Daylight,Dry,Non-Fatal Injury,SMV Other,-79.4638,43.6765,July,Sunday
9001268275,Driver,20 to 24,1.0,"Automobile, Station Wagon",,,,2019,2019-07-07,2010,20,SHEPPARD AVE E,NEILSON RD,1.0,Intersection,Traffic Signal,Clear,Daylight,Dry,Non-Fatal Injury,Pedestrian Collisions,-79.2176,43.798,July,Sunday
9001270000,Driver,45 to 49,1.0,"Automobile, Station Wagon",,,,2019,2019-07-08,251,2,PARKSIDE DR,CONSTANCE ST,1.0,Intersection,No Control,Clear,"Dark, artificial",Dry,Non-Fatal Injury,Pedestrian Collisions,-79.4576,43.6482,July,Monday
9001271842,Truck Driver,40 to 44,1.0,Truck-Tractor,,,,2019,2019-07-08,1040,10,BLACK CREEK DR,LAWRENCE AVE W,1.0,Intersection,Traffic Signal,Clear,Daylight,Dry,Non-Fatal Injury,Turning Movement,-79.494,43.7048,July,Monday
9001287128,Pedestrian,60 to 64,4.0,,,,,2019,2019-07-10,1221,12,1 YORK GATE BLVD,,3.0,Mid-Block,No Control,Clear,Daylight,Dry,Fatal,Pedestrian Collisions,-79.5215,43.7588,July,Wednesday
9001303685,Driver,80 to 84,1.0,"Automobile, Station Wagon",,,,2019,2019-07-12,1415,14,DUFFERIN ST,GERRY FITZGERALD DR,1.0,Intersection,Traffic Signal,Clear,Daylight,Dry,Non-Fatal Injury,Pedestrian Collisions,-79.4701,43.7837,July,Friday
9001305617,Driver,15 to 19,1.0,"Automobile, Station Wagon",,,,2019,2019-07-12,1820,18,114 TORYORK DR,,2.0,Mid-Block,No Control,Clear,Daylight,Dry,Non-Fatal Injury,Turning Movement,-79.5511,43.7564,July,Friday
9001317528,Motorcycle Driver,25 to 29,4.0,Motorcycle,Yes,,,2019,2019-07-14,1309,13,LAWRENCE AVE E,TOWNLEY AVE,1.0,Intersection,No Control,Clear,Daylight,Dry,Non-Fatal Injury,Sideswipe,-79.3073,43.7425,July,Sunday
9001332621,Pedestrian,65 to 69,2.0,,,,,2019,2019-07-16,1401,14,BARKWOOD CRES,CLIFFWOOD RD,4.0,Intersection,No Control,Clear,Daylight,Dry,Fatal,Pedestrian Collisions,-79.3555,43.8045,July,Tuesday
9001351159,Driver,55 to 59,1.0,"Automobile, Station Wagon",,,,2019,2019-07-18,2240,22,DUNDAS ST W,DONNYBROOK LANE,1.0,Intersection,No Control,Clear,"Dark, artificial",Dry,Fatal,Turning Movement,-79.5246,43.6531,July,Thursday
9001357521,Driver,35 to 39,1.0,"Automobile, Station Wagon",,,,2019,2019-07-19,1924,19,FINCH AVE W,JANE ST,1.0,Mid-Block,No Control,Clear,Daylight,Dry,Non-Fatal Injury,Turning Movement,-79.5191,43.757,July,Friday
9001359532,Driver,35 to 39,1.0,"Automobile, Station Wagon",,,,2019,2019-07-20,110,1,AVENUE RD,BERNARD AVE,1.0,Intersection,No Control,Clear,"Dark, artificial",Dry,Non-Fatal Injury,Pedestrian Collisions,-79.3962,43.6739,July,Saturday
9001359659,Driver,35 to 39,1.0,"Automobile, Station Wagon",,,,2019,2019-07-20,135,1,BLOOR ST W,BALMUTO ST,1.0,Mid-Block,No Control,Clear,"Dark, artificial",Dry,Non-Fatal Injury,Cyclist Collisions,-79.3883,43.6698,July,Saturday
9001365685,Driver,55 to 59,1.0,"Automobile, Station Wagon",,,,2019,2019-07-20,2215,22,PHARMACY AVE,EGLINTON AVE E,1.0,Intersection,Traffic Signal,Rain,"Dark, artificial",Wet,Non-Fatal Injury,Pedestrian Collisions,-79.2974,43.7255,July,Saturday
9001372867,Motorcycle Driver,20 to 24,4.0,Motorcycle,Yes,,,2019,2019-07-22,21,0,OSSINGTON AV,BLOOR ST W,1.0,Intersection,Traffic Signal,Clear,"Dark, artificial",Dry,Non-Fatal Injury,Turning Movement,-79.4256,43.6619,July,Monday
9001388316,Driver,45 to 49,1.0,"Automobile, Station Wagon",,,,2019,2019-07-24,549,5,VICTORIA PARK AVE,IVORDALE CRES,1.0,Intersection,Stop Sign,Clear,Daylight,Dry,Non-Fatal Injury,Turning Movement,-79.3144,43.7556,July,Wednesday
9001400001,Motorcycle Driver,45 to 49,4.0,Motorcycle,,,,2019,2019-07-25,1712,17,STEELES AVE E,LESLIE ST,1.0,Mid-Block,No Control,Clear,Daylight,Dry,Non-Fatal Injury,Rear End,-79.3664,43.8097,July,Thursday
9001400690,Driver,15 to 19,4.0,"Automobile, Station Wagon",,,,2019,2019-07-25,1857,18,WILSON AVE,BATHURST ST,1.0,Mid-Block,Stop Sign,Clear,Daylight,Dry,Non-Fatal Injury,Turning Movement,-79.4324,43.7374,July,Thursday
9001401954,Driver,50 to 54,1.0,"Automobile, Station Wagon",,,,2019,2019-07-25,2245,22,KINGSTON RD,PORT UNION RD,1.0,Mid-Block,No Control,Clear,"Dark, artificial",Dry,Non-Fatal Injury,Turning Movement,-79.1433,43.8006,July,Thursday
9001407311,Cyclist,50 to 54,4.0,Bicycle,,,,2019,2019-07-26,1436,14,THE QUEENSWAY,VIBE RD,1.0,Intersection,No Control,Clear,Daylight,Dry,Non-Fatal Injury,Cyclist Collisions,-79.5234,43.6216,July,Friday
9001407321,Driver,unknown,1.0,"Automobile, Station Wagon",Yes,,,2019,2019-07-26,1630,16,ELLESMERE RD,857 ELLESMERE RD,,Mid-Block,No Control,Clear,Daylight,Dry,Non-Fatal Injury,Rear End,-79.2825,43.7654,July,Friday
9001409746,Driver,25 to 29,1.0,"Automobile, Station Wagon",,,Yes,2019,2019-07-26,2310,23,VICTORIA PARK AVE,ELLESMERE RD,1.0,Intersection,Traffic Signal,Clear,"Dark, artificial",Dry,Non-Fatal Injury,Turning Movement,-79.3152,43.7577,July,Friday
9001417397,Driver,25 to 29,3.0,"Automobile, Station Wagon",Yes,,,2019,2019-07-28,148,1,FITZGIBBON AVE,LORD ROBERTS DR,4.0,Mid-Block,No Control,Clear,"Dark, artificial",Dry,Non-Fatal Injury,SMV Other,-79.2618,43.7405,July,Sunday
9001419121,Driver,25 to 29,1.0,"Automobile, Station Wagon",,,,2019,2019-07-28,1054,10,ISLINGTON AVE,MILLWICK DR,1.0,Intersection,Traffic Signal,Clear,Daylight,Dry,Fatal,Pedestrian Collisions,-79.5717,43.7599,July,Sunday
9001420476,Driver,85 to 89,5.0,"Automobile, Station Wagon",,,,2019,2019-07-28,1503,15,ST CLAIR AVE E,GLENBURN AVE,1.0,Intersection,Stop Sign,Clear,Daylight,Dry,Non-Fatal Injury,Angle,-79.2982,43.7085,July,Sunday
9001429449,Cyclist,55 to 59,4.0,Bicycle,,,,2019,2019-07-29,1937,19,GERRARD ST E,CARLAW AVE,3.0,Intersection,Traffic Signal,Clear,Daylight,Dry,Non-Fatal Injury,Cyclist Collisions,-79.3427,43.6676,July,Monday
9001431003,Driver,30 to 34,1.0,"Automobile, Station Wagon",,,Yes,2019,2019-07-30,39,0,GERRARD ST W,LA PLANTE AVE,3.0,Intersection,No Control,Rain,"Dark, artificial",Wet,Non-Fatal Injury,Pedestrian Collisions,-79.3855,43.6582,July,Tuesday
9001437273,Driver,45 to 49,1.0,"Automobile, Station Wagon",,,,2019,2019-07-30,2153,21,TRETHEWEY DR,BLACK CREEK DR,1.0,Intersection,Traffic Signal,Clear,"Dark, artificial",Dry,Non-Fatal Injury,Pedestrian Collisions,-79.486,43.6945,July,Tuesday
9001441633,Truck Driver,50 to 54,1.0,Truck - Dump,Yes,,,2019,2019-07-31,1423,14,F G GARDINER XY  W,GARDINER X W 427 X N RAMP,8.0,Mid-Block,No Control,Clear,Daylight,Dry,Non-Fatal Injury,Rear End,-79.5338,43.6163,July,Wednesday
9001442933,Driver,30 to 34,1.0,Pick Up Truck,,,,2019,2019-07-31,1748,17,220 DOVERCOURT RD,,2.0,Intersection,No Control,Clear,Daylight,Dry,Non-Fatal Injury,Cyclist Collisions,-79.424,43.6477,July,Wednesday
9001444522,Driver,30 to 34,1.0,Street Car,,,,2019,2019-07-31,2147,21,QUEEN ST W,GLADSTONE AVE,1.0,Mid-Block,No Control,Clear,"Dark, artificial",Dry,Non-Fatal Injury,Pedestrian Collisions,-79.4264,43.6425,July,Wednesday
9001460001,Driver,65 to 69,1.0,Passenger Van,,,,2019,2019-08-02,2237,22,ISLINGTON AVE,BEAUMONDE HEIGHTS DR,1.0,Intersection,Traffic Signal,Clear,Dark,Dry,Fatal,Turning Movement,-79.5676,43.7423,August,Friday
9001462666,Driver,55 to 59,2.0,"Automobile, Station Wagon",,,,2019,2019-08-03,917,9,WARDEN AVE,SYLLA AVE,1.0,Intersection,No Control,Clear,Daylight,Dry,Fatal,SMV Other,-79.3013,43.7637,August,Saturday
9001464052,Motorcycle Driver,25 to 29,4.0,Motorcycle,,,,2019,2019-08-03,1435,14,LAWRENCE AVE W,PIMLICO RD,1.0,Intersection,Traffic Signal,Clear,Daylight,Dry,Non-Fatal Injury,SMV Other,-79.4823,43.7074,August,Saturday
9001464095,Driver,45 to 49,5.0,"Automobile, Station Wagon",,,,2019,2019-08-03,1435,14,2929 DUFFERIN ST,,1.0,Intersection,No Control,Clear,"Daylight, artificial",Dry,Non-Fatal Injury,Cyclist Collisions,-79.4536,43.7089,August,Saturday
9001464192,Driver,25 to 29,3.0,"Automobile, Station Wagon",,,,2019,2019-08-03,1500,15,55 KING ST W,,1.0,Mid-Block,No Control,Clear,Daylight,Dry,Non-Fatal Injury,Pedestrian Collisions,-79.3812,43.6483,August,Saturday
9001466378,Motorcycle Driver,15 to 19,4.0,Motorcycle,Yes,,,2019,2019-08-03,2027,20,WINDERMERE AVE,THE QUEENSWAY,1.0,Intersection,Traffic Signal,Clear,"Dark, artificial",Dry,Non-Fatal Injury,Turning Movement,-79.4698,43.6371,August,Saturday
9001468146,Driver,20 to 24,1.0,"Automobile, Station Wagon",,,,2019,2019-08-04,257,2,BATHURST ST,HERRICK ST,1.0,Mid-Block,No Control,Clear,Daylight,Dry,Non-Fatal Injury,Pedestrian Collisions,-79.4103,43.6629,August,Sunday
9001473932,Driver,25 to 29,5.0,"Automobile, Station Wagon",Yes,Yes,,2019,2019-08-05,41,0,PARLIAMENT ST,SHUTER ST,3.0,Intersection,Traffic Signal,Clear,"Dark, artificial",Dry,Non-Fatal Injury,Angle,-79.3649,43.6568,August,Monday
9001478077,Driver,40 to 44,1.0,"Automobile, Station Wagon",,,,2019,2019-08-05,1648,16,STEELES AVE E,BLUFFWOOD DR,1.0,Intersection,Traffic Signal,Clear,Daylight,Dry,Fatal,Turning Movement,-79.376,43.8076,August,Monday
9001479866,Motorcycle Driver,20 to 24,4.0,Motorcycle,Yes,,,2019,2019-08-05,2220,22,VICTORIA PARK AVE,CURLEW DR,1.0,Mid-Block,No Control,Clear,"Dark, artificial",Dry,Non-Fatal Injury,Rear End,-79.3114,43.747,August,Monday
9001504654,Pedestrian,65 to 69,2.0,,,,,2019,2019-08-09,945,9,31  FINCH AVE E,,1.0,Mid-Block,No Control,Clear,Daylight,Dry,Fatal,Pedestrian Collisions,-79.4132,43.7801,August,Friday
9001520840,Driver,25 to 29,1.0,Passenger Van,,,,2019,2019-08-11,1505,15,JANE ST,BEVERLY HILLS DR,1.0,Intersection,Traffic Signal,Clear,Daylight,Dry,Non-Fatal Injury,Turning Movement,-79.5081,43.719,August,Sunday
9001526087,Driver,20 to 24,1.0,Delivery Van,,,,2019,2019-08-12,1044,10,RICHMOND ST W,UNIVERSITY AVE,1.0,Intersection,Traffic Signal,Clear,Daylight,Dry,Non-Fatal Injury,Cyclist Collisions,-79.3862,43.65,August,Monday
9001534741,Motorcycle Driver,40 to 44,2.0,Motorcycle,,,,2019,2019-08-13,1329,13,STEELES  AVE E,MCCOWAN  RD,1.0,Intersection,Traffic Signal,Clear,Daylight,Dry,Fatal,Turning Movement,-79.2751,43.8309,August,Tuesday
9001536611,Driver,80 to 84,5.0,"Automobile, Station Wagon",,,,2019,2019-08-13,1748,17,QUEEN ST E,VICTORIA PARK AV,,Intersection,Stop Sign,Clear,Daylight,Dry,Non-Fatal Injury,Cyclist Collisions,-79.2801,43.6742,August,Tuesday
9001541492,Driver,25 to 29,1.0,"Automobile, Station Wagon",,,,2019,2019-08-14,1149,11,DUFFERIN ST,TYCOS DR,1.0,Intersection,Stop Sign,Clear,Daylight,Dry,Non-Fatal Injury,Turning Movement,-79.4528,43.7056,August,Wednesday
9001547206,Driver,30 to 34,1.0,"Automobile, Station Wagon",,Yes,,2019,2019-08-15,648,6,QUEEN ST W,ST PATRICK ST,1.0,Intersection,Traffic Signal,Clear,Daylight,Dry,Non-Fatal Injury,Pedestrian Collisions,-79.3886,43.6503,August,Thursday
9001563776,Driver,75 to 79,1.0,"Automobile, Station Wagon",,,,2019,2019-08-17,1235,12,GODSTONE RD,FAIRVIEW MALL DR,3.0,Intersection,Traffic Signal,Clear,Daylight,Dry,Non-Fatal Injury,Pedestrian Collisions,-79.3456,43.7795,August,Saturday
9001567652,Driver,25 to 29,1.0,"Automobile, Station Wagon",,,,2019,2019-08-17,2305,23,FINCH AVE E,MCCOWAN RD,1.0,Intersection,Traffic Signal,Clear,"Dark, artificial",Dry,Non-Fatal Injury,Pedestrian Collisions,-79.2664,43.8079,August,Saturday
9001579618,Motorcycle Driver,25 to 29,4.0,Motorcycle,,,,2019,2019-08-19,1730,17,KINGSTON RD,HAIG AVE,1.0,Intersection,No Control,Clear,Daylight,Dry,Non-Fatal Injury,Sideswipe,-79.2716,43.6871,August,Monday
9001581091,Motorcycle Driver,20 to 24,4.0,Motorcycle,Yes,,,2019,2019-08-19,2118,21,MARKHAM RD,NASHDENE RD,1.0,Mid-Block,No Control,Clear,"Dark, artificial",Dry,Non-Fatal Injury,Rear End,-79.2449,43.8174,August,Monday
9001585918,Driver,25 to 29,1.0,"Automobile, Station Wagon",,,,2019,2019-08-20,1515,15,SHEPPARD AVE E,MARKHAM RD,1.0,Intersection,Traffic Signal,Clear,Daylight,Dry,Non-Fatal Injury,Pedestrian Collisions,-79.2387,43.7937,August,Tuesday
9001585957,Motorcycle Driver,50 to 54,4.0,Motorcycle,,,,2019,2019-08-20,1522,15,BATHURST ST,DUPONT ST,,Mid-Block,No Control,Clear,Daylight,Dry,Non-Fatal Injury,SMV Other,-79.4143,43.6731,August,Tuesday
9001588399,Pedestrian,60 to 64,2.0,,,,,2019,2019-08-20,2112,21,STEELES AVE E,LAURELEAF RD S,1.0,Intersection,Traffic Signal,Clear,"Dark, artificial",Dry,Fatal,Pedestrian Collisions,-79.3857,43.8054,August,Tuesday
9001591969,Driver,45 to 49,1.0,Truck - Tank,,,,2019,2019-08-21,1130,11,SHEPPARD AVE E,MIDLAND AVE,1.0,Intersection,Traffic Signal,Clear,Daylight,Dry,Fatal,Pedestrian Collisions,-79.2785,43.7852,August,Wednesday
9001598052,Driver,40 to 44,1.0,Pick Up Truck,,,,2019,2019-08-22,815,8,ISLINGTON AVE,ANGLESEY BLVD,1.0,Intersection,Stop Sign,Clear,Daylight,Dry,Non-Fatal Injury,Angle,-79.5319,43.6642,August,Thursday
9001600712,Driver,50 to 54,1.0,"Automobile, Station Wagon",,Yes,,2019,2019-08-22,1521,15,BAY ST,COLLEGE ST,1.0,Intersection,Traffic Signal,Clear,Daylight,Dry,Non-Fatal Injury,Pedestrian Collisions,-79.3858,43.6607,August,Thursday
9001602169,Driver,50 to 54,4.0,"Automobile, Station Wagon",,,,2019,2019-08-22,1823,18,LAKE SHORE BLVD E,COXWELL AVE,1.0,Intersection,Traffic Controller,Clear,Dusk,Dry,Non-Fatal Injury,Rear End,-79.3148,43.6622,August,Thursday
9001605294,Truck Driver,35 to 39,1.0,"Truck - Closed (Blazer, etc)",,,,2019,2019-08-23,752,7,DAVENPORT RD,BATHURST ST,3.0,Intersection,Traffic Signal,Clear,Daylight,Dry,Non-Fatal Injury,Rear End,-79.4157,43.6766,August,Friday
9001618361,Driver,15 to 19,1.0,"Automobile, Station Wagon",,,,2019,2019-08-25,20,0,PASSMORE AVE,DYNAMIC DR,2.0,Intersection,No Control,Clear,Dark,Dry,Non-Fatal Injury,Pedestrian Collisions,-79.2534,43.8298,August,Sunday
9001620635,Driver,unknown,1.0,"Automobile, Station Wagon",,,,2019,2019-08-25,1115,11,RENFORTH DR,BRIDGETOWN DR,2.0,Intersection,No Control,Clear,Daylight,Dry,Non-Fatal Injury,Pedestrian Collisions,-79.5679,43.636,August,Sunday
9001623743,Driver,60 to 64,1.0,"Automobile, Station Wagon",,,,2019,2019-08-25,2035,20,KINGSTON RD,MORNINGSIDE AVE,1.0,Mid-Block,No Control,Clear,Dark,Dry,Fatal,Pedestrian Collisions,-79.1863,43.771,August,Sunday
9001631104,Motorcycle Driver,45 to 49,4.0,Motorcycle,,,,2019,2019-08-26,2046,20,TWYN RIVERS DR,SHEPPARD AVE E,2.0,Mid-Block,No Control,Clear,Dark,Dry,Non-Fatal Injury,SMV Other,-79.1567,43.8134,August,Monday
9001661234,Pedestrian,30 to 34,2.0,,,,,2019,2019-08-30,2023,20,SHEPPARD AVE E,ABBOTSFIELD GT,1.0,Mid-Block,No Control,Clear,Dark,Dry,Fatal,Pedestrian Collisions,-79.3138,43.7772,August,Friday
9001663278,Driver,50 to 54,1.0,Pick Up Truck,,,,2019,2019-08-31,740,7,MOUNT PLEASANT RD,ELM AVE,1.0,Intersection,Traffic Signal,Clear,Daylight,Dry,Non-Fatal Injury,Pedestrian Collisions,-79.3801,43.6744,August,Saturday
9001666503,Driver,65 to 69,1.0,"Automobile, Station Wagon",,,,2019,2019-08-31,1746,17,JOHN GARLAND BLVD,KENDLETON DR,,Intersection,No Control,Clear,Daylight,Dry,Non-Fatal Injury,Cyclist Collisions,-79.5803,43.7349,August,Saturday
9001678425,Motorcycle Driver,20 to 24,4.0,Motorcycle,Yes,,,2019,2019-09-02,1448,14,495 THE WEST MALL,,3.0,Mid-Block,No Control,Clear,Daylight,Dry,Non-Fatal Injury,Angle,-79.568,43.6479,September,Monday
9001679481,Driver,20 to 24,1.0,"Automobile, Station Wagon",,,,2019,2019-09-02,1802,18,GARRYBROOK DR,HUNTINGWOOD DR,3.0,Intersection,Stop Sign,Clear,Daylight,Dry,Non-Fatal Injury,Cyclist Collisions,-79.3072,43.7889,September,Monday
9001686602,Driver,70 to 74,4.0,"Automobile, Station Wagon",,,,2019,2019-09-03,1800,18,KENNEDY RD,HIGHWAY 401 C  E,1.0,Mid-Block,No Control,Clear,Daylight,Dry,Non-Fatal Injury,SMV Other,-79.2843,43.7743,September,Tuesday
9001687107,Pedestrian,25 to 29,4.0,,,,,2019,2019-09-03,1910,19,LANSDOWNE AVE,WALLACE AVE,3.0,Mid-Block,No Control,Clear,Daylight,Dry,Non-Fatal Injury,Pedestrian Collisions,-79.4443,43.6622,September,Tuesday
9001689966,Driver,55 to 59,5.0,Pick Up Truck,,,,2019,2019-09-04,800,8,1750 VICTORIA PARK AVE,,1.0,Intersection,No Control,Clear,Daylight,Dry,Non-Fatal Injury,Cyclist Collisions,-79.3074,43.7361,September,Wednesday
9001693858,Driver,50 to 54,4.0,"Automobile, Station Wagon",Yes,Yes,Yes,2019,2019-09-04,1722,17,O CONNOR DR,SUNRISE AVE,1.0,Intersection,Traffic Signal,Clear,Daylight,Dry,Non-Fatal Injury,Angle,-79.3044,43.7188,September,Wednesday
9001695892,Driver,25 to 29,1.0,Municipal Transit Bus (TTC),,,,2019,2019-09-04,2307,23,WESTON RD,ROGERS RD,1.0,Intersection,Traffic Signal,Clear,"Dark, artificial",Dry,Non-Fatal Injury,Turning Movement,-79.4767,43.6815,September,Wednesday
9001704678,Pedestrian,Over 95,2.0,,,,,2019,2019-09-06,630,6,WARDEN AVE,MCNICOLL AVE,1.0,Mid-Block,No Control,Clear,Daylight,Dry,Fatal,Pedestrian Collisions,-79.3219,43.8083,September,Friday
9001708503,Pedestrian,75 to 79,2.0,,,,,2019,2019-09-06,1617,16,DIXON RD,ISLINGTON AVE,1.0,Intersection,Traffic Signal,Clear,Daylight,Dry,Fatal,Pedestrian Collisions,-79.5466,43.6969,September,Friday
9001709057,Driver,45 to 49,5.0,"Automobile, Station Wagon",,,,2019,2019-09-06,1740,17,RICHMOND ST W,YONGE ST,1.0,Mid-Block,No Control,Clear,Daylight,Wet,Non-Fatal Injury,Pedestrian Collisions,-79.3798,43.6514,September,Friday
9001711653,Driver,40 to 44,1.0,"Automobile, Station Wagon",Yes,,,2019,2019-09-07,17,0,LAWRENCE AVE E,UNDERHILL DR,1.0,Intersection,Traffic Signal,Clear,Dark,Dry,Fatal,Turning Movement,-79.3246,43.7407,September,Saturday
9001714515,Cyclist,50 to 54,4.0,Bicycle,,,,2019,2019-09-07,1244,12,LAKE PROMENADE,CRYSTAL CRES,4.0,Intersection,No Control,Clear,Daylight,Dry,Non-Fatal Injury,Cyclist Collisions,-79.5266,43.5902,September,Saturday
9001718859,Driver,20 to 24,1.0,"Automobile, Station Wagon",,,Yes,2019,2019-09-08,106,1,KING ST W,PORTLAND ST,1.0,Intersection,Traffic Signal,Clear,Dark,Dry,Non-Fatal Injury,Cyclist Collisions,-79.4,43.6443,September,Sunday
9001722454,Driver,30 to 34,5.0,"Automobile, Station Wagon",,Yes,,2019,2019-09-08,1515,15,STEELES AVE E,MOUNTCASTLE GT,1.0,Intersection,Traffic Signal,Clear,Daylight,Dry,Non-Fatal Injury,Turning Movement,-79.3204,43.8204,September,Sunday
9001729898,Driver,35 to 39,3.0,"Automobile, Station Wagon",,Yes,,2019,2019-09-09,1605,16,LAWRENCE AVE W,AVENUE RD,1.0,Intersection,Traffic Signal,Clear,Daylight,Dry,Non-Fatal Injury,Turning Movement,-79.4155,43.7221,September,Monday
9001731704,Driver,45 to 49,1.0,"Automobile, Station Wagon",,,,2019,2019-09-09,2043,20,EGLINTON AVE W,CHILTERN HILL RD,1.0,Intersection,Stop Sign,Clear,Dark,Dry,Non-Fatal Injury,Turning Movement,-79.4277,43.7004,September,Monday
9001733746,Driver,40 to 44,1.0,"Automobile, Station Wagon",,,,2019,2019-09-10,740,7,19 FOUR WINDS DR,,2.0,Mid-Block,No Control,Clear,Daylight,Dry,Non-Fatal Injury,Pedestrian Collisions,-79.4989,43.7639,September,Tuesday
9001734593,Pedestrian,50 to 54,2.0,,,,,2019,2019-09-10,959,9,YONGE ST,ERSKINE AVE,1.0,Intersection,No Control,Clear,Daylight,Dry,Fatal,Pedestrian Collisions,-79.3992,43.711,September,Tuesday
9001746758,Driver,35 to 39,1.0,"Automobile, Station Wagon",,,,2019,2019-09-11,2056,20,JANE ST,GRANDRAVINE DR,1.0,Intersection,Traffic Signal,Rain,"Dark, artificial",Wet,Non-Fatal Injury,Pedestrian Collisions,-79.515,43.747,September,Wednesday
9001749979,Driver,25 to 29,1.0,Pick Up Truck,Yes,Yes,,2019,2019-09-12,1055,10,BURNHAMTHORPE RD,THE WEST MALL,1.0,Intersection,Traffic Signal,Clear,Daylight,Dry,Non-Fatal Injury,Angle,-79.5672,43.6444,September,Thursday
9001753960,Driver,50 to 54,1.0,"Automobile, Station Wagon",,,,2019,2019-09-12,2103,21,MARTIN GROVE RD,EGLINTON AVE W,1.0,Intersection,Traffic Signal,Clear,"Dark, artificial",Dry,Non-Fatal Injury,Cyclist Collisions,-79.5631,43.6744,September,Thursday
9001759607,Driver,30 to 34,1.0,Pick Up Truck,,,,2019,2019-09-13,1640,16,LAKE SHORE BLVD W,LOWER SIMCOE ST,8.0,Intersection,Traffic Signal,Clear,Daylight,Dry,Non-Fatal Injury,Pedestrian Collisions,-79.3831,43.6403,September,Friday
9001762726,Driver,60 to 64,4.0,"Automobile, Station Wagon",,,,2019,2019-09-14,105,1,DON VALLEY PARKWAY  N,SPANBRIDGE RD,8.0,Mid-Block,No Control,Rain,"Dark, artificial",Wet,Non-Fatal Injury,SMV Other,-79.3254,43.7125,September,Saturday
9001763544,Truck Driver,35 to 39,1.0,Truck-Tractor,,,,2019,2019-09-14,511,5,333 SHERBOURNE ST,,3.0,Mid-Block,No Control,Clear,"Daylight, artificial",Dry,Non-Fatal Injury,Cyclist Collisions,-79.3726,43.6621,September,Saturday
9001771919,Driver,80 to 84,4.0,"Automobile, Station Wagon",,,,2019,2019-09-15,1030,10,WILSON AVE,DELAHAYE ST,1.0,Mid-Block,No Control,Clear,Daylight,Wet,Non-Fatal Injury,Approaching,-79.441,43.7358,September,Sunday
9001776305,Driver,30 to 34,1.0,"Automobile, Station Wagon",,,,2019,2019-09-16,42,0,JARVIS ST,RICHARD BIGLEY  LANE,1.0,Mid-Block,No Control,Clear,"Dark, artificial",Dry,Non-Fatal Injury,Pedestrian Collisions,-79.3733,43.654,September,Monday
9001778423,Driver,20 to 24,4.0,"Automobile, Station Wagon",,,,2019,2019-09-16,1016,10,BRIMLEY RD,HEATHER RD,1.0,Intersection,Traffic Signal,Clear,Daylight,Dry,Non-Fatal Injury,Approaching,-79.2699,43.7905,September,Monday
9001788987,Driver,20 to 24,1.0,"Automobile, Station Wagon",,,,2019,2019-09-17,1630,16,LA ROSE AVE,SCARLETT RD,2.0,Mid-Block,No Control,Clear,Daylight,Dry,Non-Fatal Injury,Cyclist Collisions,-79.5149,43.6865,September,Tuesday
9001790358,Driver,55 to 59,5.0,Pick Up Truck,,,,2019,2019-09-17,2000,20,LAWRENCE AVE E,AINSDALE RD,1.0,Intersection,Stop Sign,Clear,Daylight,Dry,Fatal,Pedestrian Collisions,-79.2918,43.7458,September,Tuesday
9001818682,Driver,60 to 64,1.0,Municipal Transit Bus (TTC),,,,2019,2019-09-21,1430,14,KINGSTON RD,OVERTURE RD,1.0,Mid-Block,No Control,Clear,Daylight,Dry,Non-Fatal Injury,Pedestrian Collisions,-79.1963,43.7601,September,Saturday
9001821850,Driver,35 to 39,4.0,Passenger Van,,,,2019,2019-09-21,2242,22,MCCOWAN RD,HOLLYHEDGE DR,1.0,Intersection,No Control,Clear,Dark,Dry,Non-Fatal Injury,Turning Movement,-79.2446,43.7534,September,Saturday
9001835582,Pedestrian,15 to 19,2.0,,,,,2019,2019-09-23,2019,20,SCARBOROUGH GOLF CLUB RD,CONFEDERATION DR,3.0,Intersection,No Control,Clear,Dusk,Dry,Fatal,Pedestrian Collisions,-79.2142,43.7572,September,Monday
9001837052,Driver,20 to 24,1.0,"Automobile, Station Wagon",,,Yes,2019,2019-09-24,321,3,EGLINTON AV W,HWY 401 W ON-RAMP,1.0,Mid-Block,Traffic Signal,Clear,"Dark, artificial",Dry,Non-Fatal Injury,SMV Other,-79.5644,43.6741,September,Tuesday