ACCNUM,INVTYPE,INVAGE,INJURY_ID,VEHTYPE,SPEEDING,REDLIGHT,ALCOHOL,YEAR,DATE,TIME,HOUR,STREET1,STREET2,ROAD_CLASS_ID,LOCCOORD,TRAFFCTL,VISIBILITY,LIGHT,RDSFCOND,ACCLASS,IMPACTYPE,Longitude,Latitude,Month,Day_of_Week
9001843126,Pedestrian,65 to 69,2.0,,,,,2019,2019-09-24,2046,20,DANFORTH AVE,WANSTEAD AVE,1.0,Intersection,No Control,Clear,"Dark, artificial",Dry,Fatal,Pedestrian Collisions,-79.2822,43.6924,September,Tuesday
9001853726,Driver,70 to 74,1.0,"Automobile, Station Wagon",,,,2019,2019-09-26,923,9,NASSAU ST,BATHURST ST,2.0,Mid-Block,No Control,Clear,Daylight,Wet,Non-Fatal Injury,Pedestrian Collisions,-79.406,43.6543,September,Thursday
9001855890,Cyclist,50 to 54,4.0,Bicycle,,,,2019,2019-09-26,1445,14,EGLINTON AVE E,WYNFORD DR,1.0,Mid-Block,No Control,Clear,Daylight,Dry,Non-Fatal Injury,Cyclist Collisions,-79.3243,43.7245,September,Thursday
9001868191,Driver,55 to 59,4.0,"Automobile, Station Wagon",Yes,,,2019,2019-09-28,649,6,SHEPPARD AVE W,JANE ST,1.0,Mid-Block,No Control,Rain,"Dark, artificial",Wet,Non-Fatal Injury,Approaching,-79.5118,43.7394,September,Saturday
9001872287,Passenger,40 to 44,1.0,"Automobile, Station Wagon",,Yes,,2019,2019-09-28,2015,20,KENNEDY RD,ST CLAIR AVE E,1.0,Intersection,Traffic Signal,Clear,"Dark, artificial",Dry,Fatal,Angle,-79.2613,43.7164,September,Saturday
9001878764,Pedestrian,55 to 59,2.0,,,,,2019,2019-09-29,2031,20,KIPLING AVE,BETHRIDGE RD,1.0,Mid-Block,No Control,Clear,"Daylight, artificial",Dry,Fatal,Pedestrian Collisions,-79.5647,43.7073,September,Sunday
9001911446,Driver,45 to 49,1.0,"Automobile, Station Wagon",,,,2019,2019-10-04,955,9,EGLINTON AVE W,HEDDINGTON AVE,1.0,Intersection,Traffic Signal,Clear,Daylight,Dry,Non-Fatal Injury,Pedestrian Collisions,-79.4138,43.7034,October,Friday
9001916632,Driver,20 to 24,1.0,"Automobile, Station Wagon",,,,2019,2019-10-04,2231,22,BATHURST ST,LAKE SHORE BLVD W,1.0,Intersection,Traffic Signal,Clear,Dark,Dry,Non-Fatal Injury,Pedestrian Collisions,-79.3996,43.6364,October,Friday
9001921394,Driver,35 to 39,1.0,"Automobile, Station Wagon",,,,2019,2019-10-05,1611,16,DUPONT ST,BEDFORD RD,3.0,Intersection,No Control,Clear,Daylight,Dry,Non-Fatal Injury,Cyclist Collisions,-79.4005,43.6762,October,Saturday
9001943397,Driver,20 to 24,1.0,"Automobile, Station Wagon",,,,2019,2019-10-08,1735,17,COLLEGE ST,BAY ST,1.0,Intersection,Traffic Signal,Clear,Daylight,Dry,Non-Fatal Injury,Pedestrian Collisions,-79.3858,43.6607,October,Tuesday
9001949959,Driver,80 to 84,4.0,"Automobile, Station Wagon",,,,2019,2019-10-09,1446,14,KINGSTON RD,PORT UNION RD,1.0,Mid-Block,No Control,Clear,Daylight,Dry,Non-Fatal Injury,Turning Movement,-79.1476,43.7978,October,Wednesday
9001955336,Motorcycle Driver,50 to 54,4.0,Motorcycle,,,,2019,2019-10-10,932,9,LOWER SIMCOE ST,QUEENS QUAY W,2.0,Mid-Block,No Control,Clear,Daylight,Dry,Non-Fatal Injury,Turning Movement,-79.3826,43.6394,October,Thursday
9001957432,Cyclist,30 to 34,4.0,Bicycle,,,,2019,2019-10-10,1429,14,CHRISTIE ST,TYRREL AVE,3.0,Intersection,Stop Sign,Clear,Daylight,Dry,Non-Fatal Injury,Cyclist Collisions,-79.4242,43.6781,October,Thursday
9001959130,Driver,45 to 49,1.0,"Automobile, Station Wagon",,,,2019,2019-10-10,1821,18,LAWRENCE AVE E,CROCKFORD BLVD,1.0,Intersection,Traffic Signal,Clear,Daylight,Dry,Non-Fatal Injury,Pedestrian Collisions,-79.2912,43.746,October,Thursday
9001959528,Pedestrian,80 to 84,4.0,,,,,2019,2019-10-10,1918,19,LESLIE ST,RAVEL RD,1.0,Intersection,Traffic Signal,Clear,Daylight,Dry,Non-Fatal Injury,Pedestrian Collisions,-79.3683,43.7914,October,Thursday
9001960766,Motorcycle Driver,40 to 44,4.0,Motorcycle,,,,2019,2019-10-10,2259,22,THE QUEENSWAY,STOCK AVE,1.0,Mid-Block,No Control,Clear,"Dark, artificial",Dry,Non-Fatal Injury,Rear End,-79.5248,43.6212,October,Thursday
9001963574,Driver,20 to 24,1.0,"Automobile, Station Wagon",,,,2019,2019-10-11,1100,11,NORTHVIEW AVE,VICTORIA PARK AVE,4.0,Mid-Block,No Control,Clear,Daylight,Dry,Non-Fatal Injury,Pedestrian Collisions,-79.2832,43.6833,October,Friday
9001964458,Driver,80 to 84,4.0,"Automobile, Station Wagon",Yes,,,2019,2019-10-11,1320,13,678 KENNEDY RD,,1.0,Mid-Block,No Control,Clear,Daylight,Dry,Non-Fatal Injury,Turning Movement,-79.2656,43.7267,October,Friday
9001965744,Other,50 to 54,1.0,Truck (other),,,,2019,2019-10-11,1624,16,1166 ISLINGTON AVE,,1.0,Mid-Block,No Control,Clear,Daylight,Dry,Fatal,SMV Unattended Vehicle,-79.5218,43.641,October,Friday
9001966767,Driver,45 to 49,1.0,"Automobile, Station Wagon",,,,2019,2019-10-11,1900,19,YONGE ST,WELLESLEY ST E,1.0,Intersection,No Control,Clear,"Dusk, artificial",Dry,Non-Fatal Injury,Pedestrian Collisions,-79.3845,43.6649,October,Friday
9001971045,Driver,55 to 59,1.0,"Automobile, Station Wagon",,,,2019,2019-10-12,1215,12,OLD WESTON ROAD,TURNBERRY AVENUE,3.0,Intersection,Traffic Signal,Clear,Daylight,Dry,Non-Fatal Injury,Pedestrian Collisions,-79.4647,43.6783,October,Saturday
9001976844,Driver,30 to 34,1.0,"Automobile, Station Wagon",,,,2019,2019-10-13,1049,10,ELLESMERE RD,PHARMACY AVE,,Intersection,Traffic Signal,Clear,Daylight,Dry,Non-Fatal Injury,Pedestrian Collisions,-79.3098,43.7591,October,Sunday
9001987118,Driver,10 to 14,1.0,"Automobile, Station Wagon",Yes,,,2019,2019-10-15,442,4,DUFFERIN ST,FINCH AVE W,1.0,Intersection,Traffic Signal,Clear,"Dark, artificial",Dry,Non-Fatal Injury,Turning Movement,-79.4668,43.7687,October,Tuesday
9001987144,Driver,35 to 39,4.0,Pick Up Truck,Yes,,,2019,2019-10-15,457,4,LAMBTON AVE,ROCKCLIFFE BLVD,2.0,Intersection,No Control,Clear,Daylight,Dry,Non-Fatal Injury,SMV Other,-79.4916,43.6823,October,Tuesday
9001991012,Driver,50 to 54,1.0,"Automobile, Station Wagon",,,,2019,2019-10-15,1548,15,MCCOWAN RD,KINGSTON RD,1.0,Intersection,Traffic Signal,Clear,Daylight,Dry,Non-Fatal Injury,Pedestrian Collisions,-79.2324,43.725,October,Tuesday
9001991874,Driver,25 to 29,1.0,Delivery Van,,,,2019,2019-10-15,1751,17,BAYVIEW AVE,SOUDAN AVE,1.0,Mid-Block,Pedestrian Crossover,Clear,Daylight,Dry,Non-Fatal Injury,Pedestrian Collisions,-79.3766,43.7094,October,Tuesday
9001993381,Driver,55 to 59,1.0,"Automobile, Station Wagon",,,,2019,2019-10-15,2216,22,GERRARD ST E,WEMBLEY DR,3.0,Intersection,No Control,Clear,"Dark, artificial",Dry,Non-Fatal Injury,Cyclist Collisions,-79.318,43.6758,October,Tuesday
9002000570,Motorcycle Driver,25 to 29,4.0,Motorcycle,Yes,,,2019,2019-10-16,2251,22,DANFORTH AVE,FERRIER AVE,1.0,Intersection,No Control,Clear,"Dark, artificial",Dry,Non-Fatal Injury,Turning Movement,-79.3482,43.6781,October,Wednesday
9002016124,Driver,20 to 24,1.0,"Automobile, Station Wagon",,,Yes,2019,2019-10-19,248,2,CABERNET CRCL,MOSELLE DR,2.0,Intersection,No Control,Clear,"Dark, artificial",Dry,Non-Fatal Injury,Pedestrian Collisions,-79.6043,43.7559,October,Saturday
9002039731,Driver,60 to 64,1.0,"Automobile, Station Wagon",,,,2019,2019-10-22,1756,17,MIDLAND  AVE,ARTILLERY ST,1.0,Mid-Block,No Control,Clear,Daylight,Dry,Non-Fatal Injury,Pedestrian Collisions,-79.294,43.8185,October,Tuesday
9002052338,Driver,60 to 64,3.0,"Automobile, Station Wagon",,,,2019,2019-10-24,1016,10,DUFFERIN ST,DAVENPORT RD,1.0,Intersection,Traffic Signal,Clear,Daylight,Dry,Non-Fatal Injury,Turning Movement,-79.4409,43.6729,October,Thursday
9002056879,Driver,20 to 24,4.0,"Automobile, Station Wagon",,,,2019,2019-10-24,2120,21,LAIRD DRIVE,LEA AVENUE,1.0,Mid-Block,Traffic Controller,Clear,"Dark, artificial",Dry,Non-Fatal Injury,SMV Other,-79.3617,43.7061,October,Thursday
9002063791,Driver,60 to 64,1.0,"Automobile, Station Wagon",,,,2019,2019-10-25,2028,20,CUMMER AVE,WILLOWDALE AVE,3.0,Intersection,Traffic Signal,Clear,"Dark, artificial",Dry,Non-Fatal Injury,Cyclist Collisions,-79.4098,43.7885,October,Friday
9002067554,Driver,70 to 74,4.0,"Automobile, Station Wagon",,,,2019,2019-10-26,1145,11,COMSTOCK RD,WARDEN AVE,1.0,Intersection,Traffic Signal,Clear,Daylight,Dry,Non-Fatal Injury,Rear End,-79.2849,43.7214,October,Saturday
9002072643,Driver,20 to 24,4.0,"Automobile, Station Wagon",,,,2019,2019-10-27,238,2,NEILSON DR,JEFF DR,4.0,Mid-Block,No Control,Rain,Dark,Wet,Non-Fatal Injury,SMV Other,-79.5638,43.6308,October,Sunday
9002072728,Driver,30 to 34,4.0,"Automobile, Station Wagon",Yes,,,2019,2019-10-27,255,2,3550 ELLESMERE RD,,3.0,Mid-Block,No Control,Rain,"Dark, artificial",Wet,Non-Fatal Injury,SMV Other,-79.1748,43.7896,October,Sunday
9002076820,Truck Driver,45 to 49,1.0,"Truck - Closed (Blazer, etc)",,,,2019,2019-10-27,1820,18,WARDEN AVE,CONTINENTAL PL,1.0,Intersection,No Control,Clear,Daylight,Dry,Non-Fatal Injury,Turning Movement,-79.3012,43.7634,October,Sunday
9002079433,Driver,60 to 64,1.0,"Automobile, Station Wagon",,,,2019,2019-10-28,629,6,EGLINTON  AVE E,DON MILLS  RD,1.0,Intersection,Traffic Signal,Clear,"Dark, artificial",Dry,Fatal,Pedestrian Collisions,-79.3388,43.7204,October,Monday
9002080634,Pedestrian,80 to 84,2.0,,,,,2019,2019-10-28,1005,10,ST CLAIR  AVE W,CASTLETON  AVE,1.0,Intersection,Stop Sign,Clear,Daylight,Dry,Fatal,Pedestrian Collisions,-79.4856,43.6684,October,Monday
9002086969,Driver,35 to 39,1.0,"Automobile, Station Wagon",,,,2019,2019-10-29,715,7,PROGRESS AVE,KENNEDY RD,1.0,Intersection,Traffic Signal,"Fog, Mist, Smoke, Dust","Dark, artificial",Dry,Non-Fatal Injury,Pedestrian Collisions,-79.2822,43.7693,October,Tuesday
9002093475,Driver,55 to 59,1.0,"Automobile, Station Wagon",,,,2019,2019-10-30,304,3,RICHMOND ST E,JARVIS ST,1.0,Intersection,Traffic Signal,Clear,"Dark, artificial",Dry,Non-Fatal Injury,Pedestrian Collisions,-79.3727,43.6526,October,Wednesday
9002099158,Driver,35 to 39,1.0,"Automobile, Station Wagon",,,,2019,2019-10-30,2006,20,MCNICOLL AVE,MCCOWAN RD,1.0,Intersection,Traffic Signal,Rain,"Dark, artificial",Wet,Non-Fatal Injury,Pedestrian Collisions,-79.2719,43.8178,October,Wednesday
9002099223,Pedestrian,55 to 59,2.0,,,,,2019,2019-10-30,2015,20,39 HOWDEN  RD,,2.0,Mid-Block,No Control,Rain,"Dark, artificial",Wet,Fatal,Pedestrian Collisions,-79.2894,43.7504,October,Wednesday
9002113038,Driver,25 to 29,1.0,"Automobile, Station Wagon",,,,2019,2019-11-01,1825,18,SPADINA RD,MACPHERSON AVE,3.0,Intersection,Stop Sign,Clear,Dusk,Dry,Non-Fatal Injury,Pedestrian Collisions,-79.4074,43.6758,November,Friday
9002113660,Cyclist,40 to 44,4.0,Bicycle,,,,2019,2019-11-01,1941,19,GERRARD ST E,JONES AVE,3.0,Intersection,Traffic Signal,Clear,"Dark, artificial",Dry,Non-Fatal Injury,Cyclist Collisions,-79.3355,43.6691,November,Friday
9002117462,Driver,30 to 34,1.0,"Automobile, Station Wagon",,,,2019,2019-09-03,1903,19,KING ST W,PORTLAND ST,1.0,Intersection,Traffic Signal,Clear,Dark,Dry,Non-Fatal Injury,Cyclist Collisions,-79.4,43.6443,September,Tuesday
9002123332,Driver,70 to 74,4.0,"Automobile, Station Wagon",,,,2019,2019-11-03,618,6,DUFFERIN ST,MARTIN ST,1.0,Mid-Block,No Control,Clear,Daylight,Dry,Non-Fatal Injury,SMV Unattended Vehicle,-79.4477,43.6895,November,Sunday
9002133907,Driver,65 to 69,1.0,Passenger Van,,,,2019,2019-11-04,720,7,GLENMOUNT AVE,SHELBORNE AVE,2.0,Intersection,Stop Sign,Rain,Daylight,Wet,Non-Fatal Injury,Pedestrian Collisions,-79.4316,43.7153,November,Monday
9002147665,Driver,40 to 44,1.0,"Automobile, Station Wagon",,,,2019,2019-11-06,1732,17,FRONT ST W,WINDSOR ST,3.0,Intersection,No Control,Clear,"Dark, artificial",Wet,Non-Fatal Injury,Cyclist Collisions,-79.3899,43.6436,November,Wednesday
9002151002,Cyclist,75 to 79,4.0,Bicycle,,,,2019,2019-11-07,710,7,DON MILLS RD W,GOODVIEW RD,1.0,Mid-Block,No Control,Clear,"Dawn, artificial",Wet,Non-Fatal Injury,Cyclist Collisions,-79.3523,43.7825,November,Thursday
9002157584,Driver,60 to 64,1.0,"Automobile, Station Wagon",,Yes,,2019,2019-11-08,558,5,STEELES AVE E,SILVER STAR BLVD,1.0,Intersection,Traffic Signal,Clear,"Dark, artificial",Dry,Non-Fatal Injury,Angle,-79.3,43.8252,November,Friday
9002173783,Driver,40 to 44,1.0,Passenger Van,,,,2019,2019-11-10,1445,14,OLD WESTON RD,ROGERS RD,3.0,Mid-Block,No Control,Clear,Daylight,Dry,Non-Fatal Injury,Turning Movement,-79.4672,43.6813,November,Sunday
9002192000,Driver,65 to 69,2.0,"Automobile, Station Wagon",,,,2019,2019-11-13,943,9,960 LAWRENCE AVE W,,1.0,Mid-Block,No Control,Clear,Daylight,Dry,Fatal,Angle,-79.4576,43.7133,November,Wednesday
9002192530,Truck Driver,60 to 64,1.0,Truck - Tank,,,,2019,2019-11-13,1051,10,KEELE ST,LAWRENCE AVE W,1.0,Intersection,Traffic Signal,Snow,Daylight,Wet,Fatal,Pedestrian Collisions,-79.478,43.7085,November,Wednesday
9002221424,Driver,unknown,1.0,"Automobile, Station Wagon",,,,2019,2019-11-16,1515,15,QUEEN ST W,BAY ST,1.0,Mid-Block,No Control,Clear,Daylight,Dry,Non-Fatal Injury,Pedestrian Collisions,-79.381,43.6519,November,Saturday
9002229546,Driver,unknown,1.0,"Automobile, Station Wagon",,,,2019,2019-11-18,1830,18,MIDLAND AVENUE,DUXBURY DRIVE,,Mid-Block,No Control,Rain,"Dark, artificial",Wet,Non-Fatal Injury,Pedestrian Collisions,-79.2964,43.8242,November,Monday
9002239655,Driver,80 to 84,5.0,"Automobile, Station Wagon",,,,2019,2019-11-20,951,9,WARDEN AVE,BOEM AVE,1.0,Intersection,No Control,Clear,Daylight,Dry,Non-Fatal Injury,Turning Movement,-79.2959,43.7483,November,Wednesday
9002248311,Cyclist,65 to 69,2.0,Bicycle,,,,2019,2019-11-21,1340,13,MCCOWAN RD,SANDHURST CRCL,1.0,Intersection,Traffic Signal,Rain,Daylight,Wet,Fatal,Cyclist Collisions,-79.2691,43.8115,November,Thursday
9002250023,Pedestrian,15 to 19,4.0,,,,,2019,2019-11-21,1800,18,EGLINTON AVE W,GUESTVILLE AVE,1.0,Intersection,No Control,Rain,"Dark, artificial",Wet,Non-Fatal Injury,Pedestrian Collisions,-79.4906,43.6866,November,Thursday
9002255296,Driver,50 to 54,1.0,"Automobile, Station Wagon",,,,2019,2019-11-22,1352,13,LAWRENCE AVE W,ROSEWELL AVE,1.0,Intersection,No Control,Clear,Daylight,Dry,Fatal,Pedestrian Collisions,-79.4141,43.7224,November,Friday
9002258373,Pedestrian,35 to 39,4.0,,,,,2019,2019-11-22,2135,21,PHARMACY AVE,SURREY AVE,3.0,Intersection,Traffic Signal,Clear,"Dark, artificial",Dry,Non-Fatal Injury,Pedestrian Collisions,-79.3022,43.7373,November,Friday
9002258968,Pedestrian,80 to 84,2.0,,,,,2019,2019-11-22,2321,23,ST CLAIR AVE W,CHRISTIE ST,1.0,Intersection,Traffic Signal,Clear,"Dark, artificial",Dry,Fatal,Pedestrian Collisions,-79.4256,43.6816,November,Friday
9002262069,Motorcycle Driver,20 to 24,4.0,Motorcycle,,,,2019,2019-11-23,1245,12,KENNEDY RD,BRIGSTOCK RD,1.0,Intersection,No Control,Clear,Daylight,Dry,Non-Fatal Injury,Turning Movement,-79.2794,43.7612,November,Saturday
9002262489,Pedestrian,35 to 39,4.0,,,,,2019,2019-11-22,2200,22,STEELES AVE W,JANE ST,1.0,Intersection,Traffic Signal,Clear,Dark,Dry,Non-Fatal Injury,Pedestrian Collisions,-79.5216,43.7754,November,Friday
9002263717,Driver,unknown,1.0,Passenger Van,,,,2019,2019-11-23,1714,17,1841 WILSON AVE,,1.0,Mid-Block,No Control,Clear,Dusk,Dry,Non-Fatal Injury,Cyclist Collisions,-79.524,43.7174,November,Saturday
9002274826,Driver,15 to 19,3.0,"Automobile, Station Wagon",,,,2019,2019-11-25,1210,12,DON MILLS RD,GREEN BELT DR,1.0,Intersection,Traffic Signal,Clear,Daylight,Dry,Fatal,Turning Movement,-79.3408,43.7275,November,Monday
9002276399,Cyclist,45 to 49,4.0,Bicycle,,,,2019,2019-11-25,1609,16,QUEENS QUAY W,ROBERTSON CRES,3.0,Intersection,Traffic Signal,Clear,Daylight,Dry,Non-Fatal Injury,Cyclist Collisions,-79.3865,43.6388,November,Monday
9002294353,Pedestrian,75 to 79,2.0,,,,,2019,2019-11-28,623,6,ISLINGTON AVE,AVIEMORE DR,1.0,Intersection,No Control,Clear,Dark,Dry,Fatal,Pedestrian Collisions,-79.5683,43.7483,November,Thursday
9002297507,Truck Driver,55 to 59,1.0,Truck - Dump,,,,2019,2019-11-28,1448,14,YONGE ST,GERRARD ST E,1.0,Intersection,Traffic Signal,Clear,Daylight,Dry,Non-Fatal Injury,Pedestrian Collisions,-79.382,43.659,November,Thursday
9002320157,Driver,25 to 29,1.0,"Automobile, Station Wagon",Yes,,,2019,2019-12-01,2010,20,LAWRENCE AVE E,AINSDALE RD,1.0,Intersection,No Control,Snow,"Dark, artificial",Loose Snow,Non-Fatal Injury,Rear End,-79.2922,43.7458,December,Sunday
9002330341,Driver,55 to 59,1.0,"Automobile, Station Wagon",,,,2019,2019-12-03,1030,10,MARKHAM  RD,FINCH  AVE E,1.0,Intersection,Traffic Signal,Clear,Daylight,Wet,Non-Fatal Injury,Pedestrian Collisions,-79.243,43.8128,December,Tuesday
9002354607,Pedestrian,75 to 79,2.0,,,,,2019,2019-12-06,1720,17,3680 KEELE ST,,1.0,Mid-Block,No Control,Clear,Dark,Wet,Fatal,Pedestrian Collisions,-79.4886,43.7538,December,Friday
9002354867,Driver,45 to 49,1.0,"Automobile, Station Wagon",,,,2019,2019-12-06,1800,18,EGLINTON AVE E,BRENTCLIFFE RD,1.0,Intersection,Traffic Signal,Snow,"Dark, artificial",Wet,Non-Fatal Injury,Pedestrian Collisions,-79.3597,43.7145,December,Friday
9002365700,Driver,35 to 39,1.0,"Automobile, Station Wagon",Yes,,,2019,2019-12-08,1205,12,DANFORTH AVE,ST DUNSTAN DR,1.0,Intersection,Stop Sign,Clear,Daylight,Dry,Non-Fatal Injury,Turning Movement,-79.2854,43.6917,December,Sunday
9002374451,Driver,25 to 29,1.0,"Automobile, Station Wagon",,,,2019,2019-12-09,1732,17,DANFORTH AVE,ARUNDEL AVE,1.0,Intersection,Stop Sign,Clear,"Dark, artificial",Wet,Non-Fatal Injury,Pedestrian Collisions,-79.3507,43.6777,December,Monday
9002380779,Driver,80 to 84,2.0,"Automobile, Station Wagon",,Yes,,2019,2019-12-10,1454,14,SHEPPARD AVE W,SENLAC RD,1.0,Intersection,Traffic Signal,Clear,Daylight,Dry,Fatal,Turning Movement,-79.4225,43.7589,December,Tuesday
9002389266,Driver,55 to 59,1.0,"Automobile, Station Wagon",,,,2019,2019-12-11,1725,17,EGLINTON AVE E,VICTORIA PARK AVE,1.0,Intersection,Traffic Signal,Clear,"Dark, artificial",Dry,Non-Fatal Injury,Pedestrian Collisions,-79.3026,43.7246,December,Wednesday
9002389784,Driver,70 to 74,5.0,"Automobile, Station Wagon",,,,2019,2019-12-11,1843,18,REXDALE BLVD,QUEENS PLATE DR,1.0,Intersection,Traffic Signal,Clear,"Dark, artificial",Dry,Fatal,,-79.6034,43.7191,December,Wednesday
9002403050,Driver,20 to 24,,"Automobile, Station Wagon",,,,2019,2019-12-15,129,1,LAWRENCE AVE E,BARRYMORE RD,1.0,Mid-Block,No Control,,Dark,,Fatal,Pedestrian Collisions,-79.25,43.7544,December,Sunday
9002403770,Driver,40 to 44,1.0,"Automobile, Station Wagon",,,,2019,2019-12-13,1653,16,BLOOR ST W,ABERFOYLE CRES,1.0,Intersection,Traffic Signal,Clear,"Dusk, artificial",Dry,Non-Fatal Injury,Cyclist Collisions,-79.5189,43.6455,December,Friday
9002404959,Driver,65 to 69,1.0,"Automobile, Station Wagon",,,,2019,2019-12-13,2041,20,SHEPPARD AVE W,KEELE ST,1.0,Intersection,Traffic Signal,Clear,"Dark, artificial",Dry,Non-Fatal Injury,Pedestrian Collisions,-79.4864,43.7447,December,Friday
9002407490,Driver,35 to 39,4.0,"Automobile, Station Wagon",,Yes,,2019,2019-12-14,720,7,LAWRENCE AVE W,ALLEN X N LAWRENCE RAMP,1.0,Intersection,Traffic Signal,Rain,Daylight,Wet,Non-Fatal Injury,Turning Movement,-79.4431,43.7162,December,Saturday
9002410570,Driver,50 to 54,1.0,"Automobile, Station Wagon",,,,2019,2019-12-14,1705,17,YORK MILLS RD,SCARSDALE RD,1.0,Intersection,Traffic Signal,Rain,"Dark, artificial",Wet,Non-Fatal Injury,Cyclist Collisions,-79.3574,43.7534,December,Saturday
9002410938,Pedestrian,55 to 59,4.0,,,,,2019,2019-12-14,1815,18,20 ANTRIM CRES,,2.0,Mid-Block,No Control,Rain,"Dark, artificial",Wet,Non-Fatal Injury,Pedestrian Collisions,-79.285,43.7712,December,Saturday
9002413473,Driver,20 to 24,1.0,"Automobile, Station Wagon",Yes,,,2019,2019-12-15,309,3,MOUNT PLEASANT RD,SOUDAN AVE,1.0,Intersection,Traffic Signal,Clear,Dark,Dry,Non-Fatal Injury,Rear End,-79.3892,43.706,December,Sunday
9002423251,Driver,75 to 79,4.0,"Automobile, Station Wagon",,,,2019,2019-12-16,1555,15,4600 DUNDAS ST W,,1.0,Mid-Block,No Control,Clear,Daylight,Dry,Non-Fatal Injury,Approaching,-79.5218,43.6561,December,Monday
9002437548,Driver,70 to 74,4.0,"Automobile, Station Wagon",,,,2019,2019-12-18,1538,15,MARINE PARADE DR,WATERFRONT DR,2.0,Mid-Block,No Control,Clear,"Dark, artificial",Dry,Non-Fatal Injury,Rear End,-79.4759,43.6283,December,Wednesday
9002439136,Driver,30 to 34,4.0,"Automobile, Station Wagon",,,,2019,2019-12-18,1945,19,NEWARK RD,SCARBOROUGH GOLF CLUB RD,4.0,Intersection,Stop Sign,Clear,"Dusk, artificial",Dry,Non-Fatal Injury,SMV Other,-79.221,43.7756,December,Wednesday
9002450194,Driver,75 to 79,1.0,"Automobile, Station Wagon",,,,2019,2019-12-20,1230,12,MCCOWAN RD,TOWN CENTRE CRT,1.0,Intersection,Traffic Signal,Clear,Daylight,Dry,Non-Fatal Injury,Rear End,-79.2522,43.7745,December,Friday
9002463440,Driver,50 to 54,1.0,Street Car,,,,2019,2019-12-22,1055,10,QUEEN ST W,DUNN AVE,1.0,Intersection,Traffic Signal,Clear,"Daylight, artificial",Wet,Non-Fatal Injury,Pedestrian Collisions,-79.4344,43.6409,December,Sunday
9002465950,Pedestrian,15 to 19,2.0,,,,Yes,2019,2019-12-22,1834,18,PROGRESS AVE,MARKHAM RD,1.0,Mid-Block,No Control,Clear,"Dark, artificial",Wet,Fatal,Pedestrian Collisions,-79.2329,43.7821,December,Sunday
9002468442,Driver,55 to 59,1.0,Delivery Van,,,,2019,2019-12-23,657,6,OLD WESTON RD,TURNBERRY AVE,3.0,Intersection,Traffic Signal,Clear,Dawn,Wet,Non-Fatal Injury,Pedestrian Collisions,-79.4647,43.6783,December,Monday
9002471073,Driver,65 to 69,4.0,"Automobile, Station Wagon",,,,2019,2019-12-23,1415,14,ROYAL YORK RD,LAMBETH RD,3.0,Intersection,No Control,Clear,Daylight,Dry,Non-Fatal Injury,Turning Movement,-79.517,43.6603,December,Monday
9002481518,Driver,45 to 49,1.0,"Automobile, Station Wagon",,,,2019,2019-12-25,850,8,SHEPPARD AVE E,DON MILLS RD,1.0,Intersection,Traffic Signal,Clear,Daylight,Wet,Non-Fatal Injury,Pedestrian Collisions,-79.347,43.775,December,Wednesday
9002484268,Driver,20 to 24,5.0,"Automobile, Station Wagon",,,,2019,2019-12-25,2118,21,LAKE SHORE BLVD E,LOWER JARVIS ST,1.0,Intersection,Traffic Signal,Clear,"Dark, artificial",Dry,Non-Fatal Injury,Turning Movement,-79.3698,43.6455,December,Wednesday
9002496688,Pedestrian,10 to 14,4.0,,,,,2019,2019-12-27,2324,23,2901 JANE  ST,,1.0,Mid-Block,No Control,Clear,"Dark, artificial",Dry,Non-Fatal Injury,Pedestrian Collisions,-79.5166,43.7532,December,Friday
9002500056,Driver,40 to 44,1.0,"Automobile, Station Wagon",,,,2019,2019-12-28,1439,14,1325 ST CLAIR AVE W,,1.0,Mid-Block,No Control,Clear,Daylight,Dry,Non-Fatal Injury,Pedestrian Collisions,-79.4489,43.6765,December,Saturday
9002500260,Driver,50 to 54,1.0,"Automobile, Station Wagon",,Yes,,2019,2019-12-28,1514,15,GERRARD ST W,BAY ST,1.0,Intersection,Traffic Signal,Clear,Daylight,Dry,Non-Fatal Injury,Pedestrian Collisions,-79.3848,43.6584,December,Saturday
9002501134,Driver,20 to 24,1.0,"Automobile, Station Wagon",,,,2019,2019-12-28,1740,17,MARTIN GROVE RD,DIXON RD,1.0,Intersection,Traffic Signal,Clear,Dark,Dry,Non-Fatal Injury,Pedestrian Collisions,-79.5707,43.6915,December,Saturday
9085345312,Driver,30 to 34,4.0,"Automobile, Station Wagon",,,,2019,2019-05-10,2200,22,DANFORTH AVE,CHESTER AVE,1.0,Intersection,No Control,Clear,"Dark, artificial",Dry,Non-Fatal Injury,Turning Movement,-79.3519,43.6774,May,Friday